ts,machine_id,spindle_current_a,vibration_mm_s,temp_c,coolant_temp_c,ambient_rh
2026-09-01T08:00:00,M01,11.977,1.823,23.968,19.943,43.977
2026-09-01T08:01:00,M01,12.058,1.853,24.133,20.097,45.204
2026-09-01T08:02:00,M01,12.116,1.836,24.263,19.747,43.082
2026-09-01T08:03:00,M01,12.015,1.833,24.279,20.170,44.294
2026-09-01T08:04:00,M01,12.110,1.795,24.615,20.200,46.317
2026-09-01T08:05:00,M01,12.026,1.815,24.446,20.237,45.273
2026-09-01T08:06:00,M01,12.023,1.813,24.715,20.000,45.269
2026-09-01T08:07:00,M01,11.991,1.844,24.807,19.804,44.646
2026-09-01T08:08:00,M01,12.067,1.869,24.693,19.924,45.911
2026-09-01T08:09:00,M01,12.241,1.917,24.828,20.229,43.571
2026-09-01T08:10:00,M01,12.115,1.836,24.673,20.053,44.416
2026-09-01T08:11:00,M01,12.053,1.872,25.123,20.350,42.910
2026-09-01T08:12:00,M01,12.230,1.833,24.832,20.440,46.212
2026-09-01T08:13:00,M01,12.233,1.890,25.278,20.393,45.571
2026-09-01T08:14:00,M01,12.083,1.932,25.252,20.394,42.829
2026-09-01T08:15:00,M01,12.312,1.797,25.155,20.498,43.558
2026-09-01T08:16:00,M01,12.298,1.876,25.286,20.448,45.132
2026-09-01T08:17:00,M01,12.200,1.868,25.444,20.351,44.031
2026-09-01T08:18:00,M01,12.403,1.870,25.160,20.337,44.836
2026-09-01T08:19:00,M01,12.408,1.848,25.584,20.147,44.134
2026-09-01T08:20:00,M01,12.394,1.936,25.508,20.415,45.168
2026-09-01T08:21:00,M01,12.327,1.926,25.510,20.540,45.622
2026-09-01T08:22:00,M01,12.341,1.885,25.507,20.413,46.016
2026-09-01T08:23:00,M01,12.356,1.990,25.247,20.226,45.268
2026-09-01T08:24:00,M01,12.352,1.891,25.744,20.491,44.426
2026-09-01T08:25:00,M01,12.371,1.888,25.682,20.412,44.931
2026-09-01T08:26:00,M01,12.304,1.961,25.575,20.452,46.049
2026-09-01T08:27:00,M01,12.490,1.842,25.731,20.413,45.686
2026-09-01T08:28:00,M01,12.123,1.970,25.618,20.608,43.359
2026-09-01T08:29:00,M01,12.479,1.917,25.886,20.639,45.156
2026-09-01T08:30:00,M01,12.517,1.974,25.855,21.000,43.738
2026-09-01T08:31:00,M01,12.398,1.961,25.964,20.630,43.320
2026-09-01T08:32:00,M01,12.449,1.888,25.824,20.260,46.393
2026-09-01T08:33:00,M01,12.533,1.891,26.002,20.328,45.843
2026-09-01T08:34:00,M01,12.327,2.006,26.172,20.510,42.831
2026-09-01T08:35:00,M01,12.404,1.911,26.122,20.625,46.648
2026-09-01T08:36:00,M01,12.522,2.007,26.300,20.527,44.182
2026-09-01T08:37:00,M01,12.436,1.947,26.325,20.520,42.474
2026-09-01T08:38:00,M01,12.264,1.980,26.199,20.465,44.989
2026-09-01T08:39:00,M01,12.444,2.005,26.174,20.769,46.641
2026-09-01T08:40:00,M01,12.381,1.987,25.947,20.394,42.841
2026-09-01T08:41:00,M01,12.446,1.940,26.231,20.490,45.257
2026-09-01T08:42:00,M01,12.456,1.975,26.400,20.567,43.614
2026-09-01T08:43:00,M01,12.554,1.878,26.201,20.791,45.872
2026-09-01T08:44:00,M01,12.534,1.961,26.143,20.334,44.297
2026-09-01T08:45:00,M01,12.415,1.915,26.223,20.346,44.871
2026-09-01T08:46:00,M01,12.503,1.851,26.398,20.512,42.864
2026-09-01T08:47:00,M01,12.450,1.858,26.251,20.685,44.496
2026-09-01T08:48:00,M01,12.546,1.990,26.440,20.879,45.726
2026-09-01T08:49:00,M01,12.295,2.001,26.597,20.590,44.484
2026-09-01T08:50:00,M01,12.328,1.983,26.773,20.482,45.759
2026-09-01T08:51:00,M01,12.541,2.004,26.325,20.638,45.322
2026-09-01T08:52:00,M01,12.491,1.956,26.328,20.594,45.981
2026-09-01T08:53:00,M01,12.421,1.928,26.861,20.868,45.701
2026-09-01T08:54:00,M01,12.557,1.989,26.740,20.745,44.926
2026-09-01T08:55:00,M01,12.329,2.015,26.566,20.546,46.458
2026-09-01T08:56:00,M01,12.381,1.939,26.577,20.709,44.562
2026-09-01T08:57:00,M01,12.701,2.017,26.384,20.438,46.873
2026-09-01T08:58:00,M01,12.677,2.008,26.444,20.731,42.624
2026-09-01T08:59:00,M01,12.511,1.996,26.478,20.666,45.504
2026-09-01T09:00:00,M01,12.576,1.982,26.549,20.834,45.054
2026-09-01T09:01:00,M01,12.521,1.969,26.629,20.695,45.193
2026-09-01T09:02:00,M01,12.411,1.994,26.768,20.777,44.792
2026-09-01T09:03:00,M01,12.440,1.890,26.641,20.535,45.814
2026-09-01T09:04:00,M01,12.292,1.930,26.866,20.637,43.494
2026-09-01T09:05:00,M01,12.578,1.999,26.681,20.975,45.777
2026-09-01T09:06:00,M01,12.587,2.052,26.804,20.896,43.809
2026-09-01T09:07:00,M01,12.601,1.965,26.828,20.822,45.999
2026-09-01T09:08:00,M01,12.767,2.035,26.659,20.733,47.855
2026-09-01T09:09:00,M01,12.619,2.024,26.700,20.510,45.206
2026-09-01T09:10:00,M01,12.643,2.016,26.712,20.876,45.594
2026-09-01T09:11:00,M01,12.522,2.012,26.571,20.612,45.005
2026-09-01T09:12:00,M01,12.506,1.891,26.632,20.830,45.623
2026-09-01T09:13:00,M01,12.526,1.919,26.993,20.823,46.203
2026-09-01T09:14:00,M01,12.532,1.901,26.855,20.900,42.913
2026-09-01T09:15:00,M01,12.607,1.904,26.498,20.543,44.308
2026-09-01T09:16:00,M01,12.555,1.995,26.851,20.863,46.653
2026-09-01T09:17:00,M01,12.436,1.962,26.621,20.545,44.911
2026-09-01T09:18:00,M01,12.600,1.914,26.604,20.736,44.781
2026-09-01T09:19:00,M01,12.551,1.951,26.883,20.806,44.903
2026-09-01T09:20:00,M01,12.543,1.864,26.654,20.751,43.345
2026-09-01T09:21:00,M01,12.436,1.975,26.754,20.829,45.673
2026-09-01T09:22:00,M01,12.484,1.981,26.796,20.880,45.324
2026-09-01T09:23:00,M01,12.440,1.971,26.708,20.550,44.872
2026-09-01T09:24:00,M01,12.573,2.011,26.760,21.170,44.646
2026-09-01T09:25:00,M01,12.576,2.038,26.491,20.618,45.272
2026-09-01T09:26:00,M01,12.776,2.003,27.009,20.892,46.042
2026-09-01T09:27:00,M01,12.553,2.012,26.684,20.969,43.881
2026-09-01T09:28:00,M01,12.759,1.979,26.843,20.967,45.029
2026-09-01T09:29:00,M01,12.592,2.016,26.945,20.620,46.928
2026-09-01T09:30:00,M01,12.572,2.002,26.791,21.015,44.225
2026-09-01T09:31:00,M01,12.509,2.023,27.042,20.760,44.255
2026-09-01T09:32:00,M01,12.568,2.005,27.073,20.966,44.428
2026-09-01T09:33:00,M01,12.573,2.026,26.774,20.756,43.075
2026-09-01T09:34:00,M01,12.697,1.937,26.659,20.473,46.293
2026-09-01T09:35:00,M01,12.569,1.977,26.857,20.570,45.027
2026-09-01T09:36:00,M01,12.569,2.006,26.943,20.726,44.006
2026-09-01T09:37:00,M01,12.533,2.063,26.989,20.748,44.482
2026-09-01T09:38:00,M01,12.493,1.976,26.927,20.862,45.626
2026-09-01T09:39:00,M01,12.514,1.993,27.281,20.434,44.426
2026-09-01T09:40:00,M01,12.592,2.011,26.860,20.837,45.058
2026-09-01T09:41:00,M01,12.500,1.993,26.752,20.584,45.691
2026-09-01T09:42:00,M01,12.637,2.027,26.943,20.865,44.885
2026-09-01T09:43:00,M01,12.578,2.014,26.829,20.756,45.824
2026-09-01T09:44:00,M01,12.639,2.078,26.829,20.801,44.835
2026-09-01T09:45:00,M01,12.610,2.034,26.813,20.773,44.989
2026-09-01T09:46:00,M01,12.712,2.035,26.667,20.911,44.856
2026-09-01T09:47:00,M01,12.616,1.927,26.886,21.046,44.368
2026-09-01T09:48:00,M01,12.461,1.940,26.965,21.083,45.472
2026-09-01T09:49:00,M01,12.785,1.971,26.826,20.874,45.603
2026-09-01T09:50:00,M01,12.479,2.008,26.958,20.544,44.778
2026-09-01T09:51:00,M01,12.575,1.991,26.876,20.970,46.530
2026-09-01T09:52:00,M01,12.662,1.961,26.938,20.916,46.666
2026-09-01T09:53:00,M01,12.579,2.004,26.721,20.784,44.257
2026-09-01T09:54:00,M01,12.485,1.907,26.938,20.829,44.396
2026-09-01T09:55:00,M01,12.562,1.968,27.002,20.500,44.255
2026-09-01T09:56:00,M01,12.664,1.988,26.980,20.665,45.332
2026-09-01T09:57:00,M01,12.526,2.102,26.849,20.787,45.191
2026-09-01T09:58:00,M01,12.477,1.902,27.026,20.928,45.686
2026-09-01T09:59:00,M01,12.607,2.008,27.073,20.851,46.830
2026-09-01T10:00:00,M01,12.555,1.841,27.059,20.718,46.016
2026-09-01T10:01:00,M01,12.566,1.974,26.830,20.672,45.703
2026-09-01T10:02:00,M01,12.596,1.989,27.077,20.875,44.844
2026-09-01T10:03:00,M01,12.576,1.945,27.154,20.870,43.947
2026-09-01T10:04:00,M01,12.621,1.926,27.177,20.847,45.981
2026-09-01T10:05:00,M01,12.577,1.927,27.090,20.793,44.685
2026-09-01T10:06:00,M01,12.598,2.027,26.903,20.781,42.647
2026-09-01T10:07:00,M01,12.652,2.057,26.906,20.767,46.742
2026-09-01T10:08:00,M01,12.658,2.073,26.963,21.010,44.218
2026-09-01T10:09:00,M01,12.585,2.002,27.117,21.219,44.268
2026-09-01T10:10:00,M01,12.637,1.950,27.030,20.892,44.695
2026-09-01T10:11:00,M01,12.661,1.928,26.864,20.690,44.559
2026-09-01T10:12:00,M01,12.600,1.980,27.039,21.075,45.007
2026-09-01T10:13:00,M01,12.704,2.010,26.785,21.239,47.429
2026-09-01T10:14:00,M01,12.590,2.016,27.101,20.911,44.701
2026-09-01T10:15:00,M01,12.603,2.044,26.814,20.606,44.973
2026-09-01T10:16:00,M01,12.570,1.978,27.031,20.665,44.030
2026-09-01T10:17:00,M01,12.589,1.968,26.971,20.927,46.304
2026-09-01T10:18:00,M01,12.523,1.979,26.622,21.134,44.203
2026-09-01T10:19:00,M01,12.641,1.937,27.036,20.787,42.991
2026-09-01T10:20:00,M01,12.702,1.914,27.085,20.830,45.522
2026-09-01T10:21:00,M01,12.574,2.037,26.915,20.924,44.105
2026-09-01T10:22:00,M01,12.751,2.018,26.951,20.587,44.131
2026-09-01T10:23:00,M01,12.679,2.017,27.048,20.786,46.487
2026-09-01T10:24:00,M01,12.546,2.038,26.984,20.743,44.366
2026-09-01T10:25:00,M01,12.651,2.014,26.807,20.870,45.197
2026-09-01T10:26:00,M01,12.665,1.986,26.930,20.937,46.453
2026-09-01T10:27:00,M01,12.635,1.959,27.302,20.705,46.314
2026-09-01T10:28:00,M01,12.669,2.098,26.623,20.716,45.551
2026-09-01T10:29:00,M01,12.536,2.095,26.990,20.498,45.940
2026-09-01T10:30:00,M01,12.700,1.973,27.000,21.022,45.130
2026-09-01T10:31:00,M01,12.703,2.032,26.866,20.949,45.546
2026-09-01T10:32:00,M01,12.393,1.985,27.107,20.927,45.970
2026-09-01T10:33:00,M01,12.612,2.021,27.339,20.623,44.638
2026-09-01T10:34:00,M01,12.676,1.979,27.143,20.653,45.294
2026-09-01T10:35:00,M01,12.611,1.968,26.759,20.992,45.334
2026-09-01T10:36:00,M01,12.615,2.043,26.847,20.776,45.593
2026-09-01T10:37:00,M01,12.567,1.904,27.158,20.855,45.014
2026-09-01T10:38:00,M01,12.621,1.980,26.841,20.663,44.343
2026-09-01T10:39:00,M01,12.493,2.028,26.802,20.915,43.884
2026-09-01T10:40:00,M01,12.721,2.008,26.883,20.805,45.163
2026-09-01T10:41:00,M01,12.612,1.978,26.997,20.928,45.843
2026-09-01T10:42:00,M01,12.650,1.986,26.984,20.748,44.655
2026-09-01T10:43:00,M01,12.442,1.984,26.984,20.621,44.974
2026-09-01T10:44:00,M01,12.583,2.093,26.622,20.759,42.992
2026-09-01T10:45:00,M01,12.836,1.887,27.006,20.890,44.667
2026-09-01T10:46:00,M01,12.396,2.038,27.040,20.801,44.354
2026-09-01T10:47:00,M01,12.554,2.009,26.917,20.393,44.966
2026-09-01T10:48:00,M01,12.666,1.960,26.984,20.908,45.160
2026-09-01T10:49:00,M01,12.777,1.958,26.720,20.951,46.682
2026-09-01T10:50:00,M01,12.671,1.971,26.890,20.957,43.997
2026-09-01T10:51:00,M01,12.822,2.086,26.894,20.666,45.255
2026-09-01T10:52:00,M01,12.716,1.996,26.838,21.033,44.359
2026-09-01T10:53:00,M01,12.597,1.985,27.036,20.673,42.971
2026-09-01T10:54:00,M01,12.484,1.965,26.988,20.808,45.612
2026-09-01T10:55:00,M01,12.527,1.968,26.695,20.767,45.533
2026-09-01T10:56:00,M01,12.587,1.992,27.123,20.801,45.812
2026-09-01T10:57:00,M01,12.618,2.058,26.912,20.733,44.111
2026-09-01T10:58:00,M01,12.738,2.079,26.995,20.900,46.293
2026-09-01T10:59:00,M01,12.707,1.943,26.903,20.879,46.579
2026-09-01T11:00:00,M01,12.521,1.984,26.900,20.644,46.651
2026-09-01T11:01:00,M01,12.793,2.053,27.040,20.688,45.451
2026-09-01T11:02:00,M01,12.655,2.056,27.007,20.891,44.779
2026-09-01T11:03:00,M01,12.716,1.935,26.985,20.841,44.372
2026-09-01T11:04:00,M01,12.670,2.090,27.082,20.857,43.293
2026-09-01T11:05:00,M01,12.606,1.998,26.837,20.788,43.794
2026-09-01T11:06:00,M01,12.641,2.001,27.033,20.645,46.573
2026-09-01T11:07:00,M01,12.435,1.991,26.887,20.617,44.610
2026-09-01T11:08:00,M01,12.492,1.993,27.194,20.921,44.833
2026-09-01T11:09:00,M01,12.588,1.997,27.097,20.782,42.355
2026-09-01T11:10:00,M01,12.519,2.029,26.909,20.825,47.395
2026-09-01T11:11:00,M01,12.472,1.892,26.732,20.864,44.298
2026-09-01T11:12:00,M01,12.466,2.027,26.886,20.733,45.364
2026-09-01T11:13:00,M01,12.774,2.046,27.015,20.832,46.982
2026-09-01T11:14:00,M01,12.571,2.020,27.036,20.808,44.450
2026-09-01T11:15:00,M01,12.551,1.930,27.167,20.895,43.673
2026-09-01T11:16:00,M01,12.679,1.914,27.253,20.945,47.271
2026-09-01T11:17:00,M01,12.647,2.019,27.024,20.830,46.159
2026-09-01T11:18:00,M01,12.487,1.937,26.918,20.690,45.404
2026-09-01T11:19:00,M01,12.602,1.969,26.934,20.970,45.840
2026-09-01T11:20:00,M01,12.570,2.070,26.913,20.916,46.269
2026-09-01T11:21:00,M01,12.499,2.045,27.024,20.513,45.736
2026-09-01T11:22:00,M01,12.715,1.969,26.973,20.850,44.634
2026-09-01T11:23:00,M01,12.550,2.030,26.997,20.837,41.972
2026-09-01T11:24:00,M01,12.602,1.920,27.010,20.883,46.178
2026-09-01T11:25:00,M01,12.739,1.993,27.332,20.773,45.748
2026-09-01T11:26:00,M01,12.499,2.049,27.124,21.076,45.943
2026-09-01T11:27:00,M01,12.450,1.971,26.902,20.652,45.641
2026-09-01T11:28:00,M01,12.575,2.008,26.977,20.838,45.827
2026-09-01T11:29:00,M01,12.538,1.932,27.197,20.820,46.216
2026-09-01T11:30:00,M01,12.570,2.001,26.795,20.706,45.797
2026-09-01T11:31:00,M01,12.522,1.937,27.070,20.969,45.212
2026-09-01T11:32:00,M01,12.670,2.035,27.075,20.712,45.334
2026-09-01T11:33:00,M01,12.549,1.917,27.044,20.886,45.015
2026-09-01T11:34:00,M01,12.547,1.996,26.955,20.902,46.755
2026-09-01T11:35:00,M01,12.784,2.069,27.108,20.905,46.948
2026-09-01T11:36:00,M01,12.589,1.952,27.064,21.041,45.586
2026-09-01T11:37:00,M01,12.582,2.007,26.798,20.988,44.549
2026-09-01T11:38:00,M01,12.532,1.963,27.118,20.990,43.506
2026-09-01T11:39:00,M01,12.680,1.974,26.790,20.665,44.303
2026-09-01T11:40:00,M01,12.567,1.909,27.031,20.523,45.996
2026-09-01T11:41:00,M01,12.523,1.975,27.180,20.953,45.662
2026-09-01T11:42:00,M01,12.460,1.976,26.921,20.624,45.560
2026-09-01T11:43:00,M01,12.536,1.953,26.710,20.907,46.464
2026-09-01T11:44:00,M01,12.512,1.878,27.022,21.018,45.327
2026-09-01T11:45:00,M01,12.733,2.051,26.937,20.989,45.853
2026-09-01T11:46:00,M01,12.563,1.936,26.983,20.904,43.825
2026-09-01T11:47:00,M01,12.717,2.017,27.204,20.561,46.167
2026-09-01T11:48:00,M01,12.780,1.990,27.036,20.772,46.098
2026-09-01T11:49:00,M01,12.608,1.939,27.102,20.715,45.692
2026-09-01T11:50:00,M01,12.746,2.051,26.935,20.862,46.940
2026-09-01T11:51:00,M01,12.707,2.056,27.071,20.562,43.613
2026-09-01T11:52:00,M01,12.635,2.115,26.878,21.004,45.847
2026-09-01T11:53:00,M01,12.526,2.007,26.930,20.772,45.517
2026-09-01T11:54:00,M01,12.642,1.971,26.923,20.896,44.369
2026-09-01T11:55:00,M01,12.744,2.001,26.978,20.932,44.598
2026-09-01T11:56:00,M01,12.484,2.028,26.927,20.656,46.947
2026-09-01T11:57:00,M01,12.758,2.030,27.202,20.624,46.319
2026-09-01T11:58:00,M01,12.589,1.994,27.343,20.832,44.535
2026-09-01T11:59:00,M01,12.640,2.015,27.024,21.110,44.639
2026-09-01T12:00:00,M01,12.731,1.955,27.144,21.130,43.510
2026-09-01T12:01:00,M01,12.434,2.020,26.739,20.890,46.598
2026-09-01T12:02:00,M01,12.571,1.914,27.108,20.667,44.708
2026-09-01T12:03:00,M01,12.649,1.984,27.001,20.701,45.126
2026-09-01T12:04:00,M01,12.606,1.913,26.930,21.145,45.088
2026-09-01T12:05:00,M01,12.623,1.956,26.768,20.667,45.811
2026-09-01T12:06:00,M01,12.591,1.958,26.848,21.043,45.269
2026-09-01T12:07:00,M01,12.410,1.938,27.346,20.593,44.915
2026-09-01T12:08:00,M01,12.586,1.987,26.807,20.611,46.858
2026-09-01T12:09:00,M01,12.676,1.924,26.961,20.847,46.140
2026-09-01T12:10:00,M01,12.653,2.017,26.896,20.886,44.012
2026-09-01T12:11:00,M01,12.356,1.995,26.859,20.537,44.532
2026-09-01T12:12:00,M01,12.563,2.057,26.837,20.564,46.706
2026-09-01T12:13:00,M01,12.685,1.963,27.112,20.847,45.713
2026-09-01T12:14:00,M01,12.708,1.971,26.864,20.534,46.277
2026-09-01T12:15:00,M01,12.506,1.958,26.937,20.571,44.681
2026-09-01T12:16:00,M01,12.550,1.957,27.005,20.717,45.126
2026-09-01T12:17:00,M01,12.631,1.901,26.924,20.657,45.852
2026-09-01T12:18:00,M01,12.536,1.987,26.952,20.978,44.513
2026-09-01T12:19:00,M01,12.468,1.918,27.170,20.878,45.536
2026-09-01T12:20:00,M01,12.643,1.945,27.132,20.704,46.084
2026-09-01T12:21:00,M01,12.484,2.051,26.980,20.729,45.267
2026-09-01T12:22:00,M01,12.551,2.005,27.020,21.073,45.050
2026-09-01T12:23:00,M01,12.762,2.077,27.148,20.823,45.151
2026-09-01T12:24:00,M01,12.534,1.997,26.910,21.095,45.588
2026-09-01T12:25:00,M01,12.428,1.998,26.941,20.604,43.750
2026-09-01T12:26:00,M01,12.651,1.997,27.361,20.794,44.837
2026-09-01T12:27:00,M01,12.612,2.008,26.948,20.691,46.649
2026-09-01T12:28:00,M01,12.754,1.984,27.004,20.641,46.064
2026-09-01T12:29:00,M01,12.651,2.049,27.197,20.631,46.199
2026-09-01T12:30:00,M01,12.532,1.940,27.161,21.097,44.346
2026-09-01T12:31:00,M01,12.826,2.045,26.924,20.477,44.260
2026-09-01T12:32:00,M01,12.768,1.988,26.903,20.708,42.926
2026-09-01T12:33:00,M01,12.502,2.048,26.761,20.571,45.317
2026-09-01T12:34:00,M01,12.670,2.000,26.835,20.912,45.926
2026-09-01T12:35:00,M01,12.764,2.022,27.106,20.465,44.208
2026-09-01T12:36:00,M01,12.697,1.934,26.876,20.435,44.735
2026-09-01T12:37:00,M01,12.448,1.973,27.071,21.085,45.730
2026-09-01T12:38:00,M01,12.494,1.958,26.907,20.826,44.945
2026-09-01T12:39:00,M01,12.626,1.952,27.216,20.971,45.111
2026-09-01T12:40:00,M01,12.432,1.954,27.127,20.655,43.548
2026-09-01T12:41:00,M01,12.655,2.029,27.197,20.649,46.077
2026-09-01T12:42:00,M01,12.662,2.008,27.034,20.974,44.981
2026-09-01T12:43:00,M01,12.679,2.006,26.920,20.664,44.420
2026-09-01T12:44:00,M01,12.598,2.134,27.089,20.938,44.053
2026-09-01T12:45:00,M01,12.571,2.009,26.855,21.090,44.380
2026-09-01T12:46:00,M01,12.390,2.000,27.039,20.834,45.662
2026-09-01T12:47:00,M01,12.615,1.915,26.900,20.378,45.691
2026-09-01T12:48:00,M01,12.582,1.963,26.918,21.132,46.904
2026-09-01T12:49:00,M01,12.716,1.929,26.729,20.713,44.038
2026-09-01T12:50:00,M01,12.617,2.136,26.907,20.809,45.304
2026-09-01T12:51:00,M01,12.760,1.944,27.022,20.752,45.392
2026-09-01T12:52:00,M01,12.442,1.896,27.073,20.835,45.081
2026-09-01T12:53:00,M01,12.566,1.966,26.802,20.635,45.767
2026-09-01T12:54:00,M01,12.598,2.023,26.915,20.813,45.044
2026-09-01T12:55:00,M01,12.594,1.994,26.981,20.684,47.457
2026-09-01T12:56:00,M01,12.639,2.103,27.196,20.520,45.765
2026-09-01T12:57:00,M01,12.770,2.059,27.108,20.588,44.042
2026-09-01T12:58:00,M01,12.645,1.954,26.946,20.728,45.067
2026-09-01T12:59:00,M01,12.574,1.944,27.174,21.087,44.883
2026-09-01T13:00:00,M01,12.640,2.030,27.067,20.663,45.631
2026-09-01T13:01:00,M01,12.777,2.094,27.255,21.158,45.817
2026-09-01T13:02:00,M01,12.546,1.963,27.016,20.794,45.737
2026-09-01T13:03:00,M01,12.808,2.102,26.996,20.922,45.523
2026-09-01T13:04:00,M01,12.581,1.994,26.884,20.832,44.974
2026-09-01T13:05:00,M01,12.523,2.002,27.007,20.909,43.830
2026-09-01T13:06:00,M01,12.688,2.027,26.948,20.712,44.740
2026-09-01T13:07:00,M01,12.740,1.993,26.910,20.868,45.225
2026-09-01T13:08:00,M01,12.534,1.995,27.094,20.585,43.880
2026-09-01T13:09:00,M01,12.490,2.005,27.049,20.780,43.880
2026-09-01T13:10:00,M01,12.570,2.015,26.882,20.996,43.157
2026-09-01T13:11:00,M01,12.687,1.973,27.076,20.698,45.812
2026-09-01T13:12:00,M01,12.564,2.020,26.870,20.975,46.332
2026-09-01T13:13:00,M01,12.498,2.018,27.161,20.996,45.894
2026-09-01T13:14:00,M01,12.539,2.064,26.828,21.004,47.071
2026-09-01T13:15:00,M01,12.701,1.985,26.828,20.781,44.781
2026-09-01T13:16:00,M01,12.663,1.993,27.027,20.876,44.994
2026-09-01T13:17:00,M01,12.640,2.004,26.971,20.687,46.479
2026-09-01T13:18:00,M01,12.503,1.975,26.981,20.720,46.193
2026-09-01T13:19:00,M01,12.644,2.006,26.835,20.809,44.896
2026-09-01T13:20:00,M01,12.559,2.014,26.767,20.605,45.863
2026-09-01T13:21:00,M01,12.546,2.049,26.707,20.656,45.739
2026-09-01T13:22:00,M01,12.507,1.915,27.203,20.828,44.014
2026-09-01T13:23:00,M01,12.681,1.883,27.155,20.933,42.711
2026-09-01T13:24:00,M01,12.440,2.051,27.056,21.205,44.328
2026-09-01T13:25:00,M01,12.694,1.971,26.901,20.733,44.920
2026-09-01T13:26:00,M01,12.644,2.024,27.010,21.106,44.640
2026-09-01T13:27:00,M01,12.551,2.034,26.729,20.836,44.807
2026-09-01T13:28:00,M01,12.545,1.984,26.899,20.405,44.344
2026-09-01T13:29:00,M01,12.553,1.952,26.981,20.941,44.725
2026-09-01T13:30:00,M01,12.722,2.044,27.129,21.008,44.640
2026-09-01T13:31:00,M01,12.550,1.995,27.053,20.867,44.696
2026-09-01T13:32:00,M01,12.584,2.033,27.150,20.919,45.807
2026-09-01T13:33:00,M01,12.482,1.972,27.066,21.070,43.655
2026-09-01T13:34:00,M01,12.523,1.967,26.961,20.924,45.234
2026-09-01T13:35:00,M01,12.511,2.040,27.130,20.813,45.525
2026-09-01T13:36:00,M01,12.502,1.982,26.910,21.320,44.466
2026-09-01T13:37:00,M01,12.618,2.014,27.104,20.660,46.008
2026-09-01T13:38:00,M01,12.464,2.027,27.077,20.881,46.743
2026-09-01T13:39:00,M01,12.646,2.034,26.874,21.016,43.404
2026-09-01T13:40:00,M01,12.647,1.951,26.984,20.504,45.076
2026-09-01T13:41:00,M01,12.462,2.020,26.963,20.812,44.926
2026-09-01T13:42:00,M01,12.481,1.885,27.005,20.632,44.500
2026-09-01T13:43:00,M01,12.421,1.966,26.915,20.610,45.360
2026-09-01T13:44:00,M01,12.526,1.956,27.113,20.681,45.644
2026-09-01T13:45:00,M01,12.430,1.951,27.000,20.862,45.858
2026-09-01T13:46:00,M01,12.693,1.983,26.971,20.940,44.532
2026-09-01T13:47:00,M01,12.457,2.029,26.976,20.446,46.078
2026-09-01T13:48:00,M01,12.602,1.952,26.935,21.072,44.090
2026-09-01T13:49:00,M01,12.523,1.946,26.981,20.729,43.996
2026-09-01T13:50:00,M01,12.694,1.935,27.274,20.702,43.798
2026-09-01T13:51:00,M01,12.506,2.034,26.742,20.634,46.239
2026-09-01T13:52:00,M01,12.483,2.023,27.128,20.796,43.013
2026-09-01T13:53:00,M01,12.638,2.035,27.259,20.755,44.469
2026-09-01T13:54:00,M01,12.709,1.958,27.183,20.305,45.877
2026-09-01T13:55:00,M01,12.641,2.031,26.834,20.784,45.265
2026-09-01T13:56:00,M01,12.516,1.955,26.731,21.257,44.788
2026-09-01T13:57:00,M01,12.465,2.042,26.925,21.058,45.937
2026-09-01T13:58:00,M01,12.665,1.950,26.954,20.696,43.604
2026-09-01T13:59:00,M01,12.587,2.065,26.531,20.679,43.990
2026-09-01T14:00:00,M01,12.638,2.018,27.004,20.715,45.544
2026-09-01T14:01:00,M01,12.576,1.938,26.835,20.826,45.066
2026-09-01T14:02:00,M01,12.521,1.991,26.872,20.869,45.758
2026-09-01T14:03:00,M01,12.714,1.964,26.936,20.631,45.337
2026-09-01T14:04:00,M01,12.664,1.901,26.824,20.567,45.567
2026-09-01T14:05:00,M01,12.627,2.080,26.884,20.647,47.162
2026-09-01T14:06:00,M01,12.530,1.909,26.787,20.360,45.075
2026-09-01T14:07:00,M01,12.689,1.994,26.903,20.667,47.091
2026-09-01T14:08:00,M01,12.616,2.001,27.086,20.727,45.549
2026-09-01T14:09:00,M01,12.587,1.979,26.974,20.626,44.771
2026-09-01T14:10:00,M01,12.619,2.060,27.183,20.720,45.663
2026-09-01T14:11:00,M01,12.602,2.012,26.934,20.659,45.959
2026-09-01T14:12:00,M01,12.660,2.020,27.037,20.719,43.039
2026-09-01T14:13:00,M01,12.618,1.975,26.865,21.030,43.015
2026-09-01T14:14:00,M01,12.658,2.107,26.900,20.796,44.443
2026-09-01T14:15:00,M01,12.581,1.966,27.150,20.659,44.441
2026-09-01T14:16:00,M01,12.552,1.980,27.050,20.734,43.629
2026-09-01T14:17:00,M01,12.580,2.077,26.846,20.974,44.135
2026-09-01T14:18:00,M01,12.571,2.012,27.121,21.115,44.300
2026-09-01T14:19:00,M01,12.690,2.037,26.894,20.962,44.882
2026-09-01T14:20:00,M01,12.576,2.030,27.156,21.004,44.774
2026-09-01T14:21:00,M01,12.516,2.066,26.813,20.898,45.653
2026-09-01T14:22:00,M01,12.625,1.978,26.888,20.575,45.843
2026-09-01T14:23:00,M01,12.535,2.024,26.893,20.721,44.496
2026-09-01T14:24:00,M01,12.732,1.993,26.780,20.850,45.079
2026-09-01T14:25:00,M01,12.651,1.986,27.130,20.951,45.232
2026-09-01T14:26:00,M01,12.557,2.031,26.846,20.771,44.175
2026-09-01T14:27:00,M01,12.654,1.999,27.005,20.957,43.357
2026-09-01T14:28:00,M01,12.626,2.037,26.848,20.929,45.241
2026-09-01T14:29:00,M01,12.702,2.025,27.301,20.800,44.533
2026-09-01T14:30:00,M01,12.515,1.999,26.737,20.785,45.468
2026-09-01T14:31:00,M01,12.725,1.971,26.981,20.462,44.163
2026-09-01T14:32:00,M01,12.731,2.023,26.849,20.894,45.517
2026-09-01T14:33:00,M01,12.602,1.987,26.926,20.488,44.903
2026-09-01T14:34:00,M01,12.726,1.988,26.898,20.763,45.964
2026-09-01T14:35:00,M01,12.549,2.016,26.972,20.891,44.562
2026-09-01T14:36:00,M01,12.605,2.033,26.849,20.781,45.942
2026-09-01T14:37:00,M01,12.543,2.089,27.113,20.980,43.986
2026-09-01T14:38:00,M01,12.455,1.977,27.101,21.033,44.004
2026-09-01T14:39:00,M01,12.617,1.916,27.087,20.898,44.521
2026-09-01T14:40:00,M01,12.668,2.014,27.071,21.065,44.490
2026-09-01T14:41:00,M01,12.690,1.982,27.064,20.824,45.071
2026-09-01T14:42:00,M01,12.593,2.062,27.112,21.030,44.824
2026-09-01T14:43:00,M01,12.666,1.973,27.036,20.778,44.962
2026-09-01T14:44:00,M01,12.537,1.927,26.764,20.721,44.315
2026-09-01T14:45:00,M01,12.649,2.076,27.042,20.881,44.220
2026-09-01T14:46:00,M01,12.718,2.058,26.736,20.955,46.680
2026-09-01T14:47:00,M01,12.470,1.987,27.079,20.872,44.140
2026-09-01T14:48:00,M01,12.684,1.942,27.193,20.803,45.319
2026-09-01T14:49:00,M01,12.548,2.030,26.802,21.159,43.514
2026-09-01T14:50:00,M01,12.604,2.021,27.099,20.736,44.781
2026-09-01T14:51:00,M01,12.377,2.042,27.034,20.827,44.335
2026-09-01T14:52:00,M01,12.599,1.997,27.149,20.502,45.266
2026-09-01T14:53:00,M01,12.573,2.065,26.854,20.783,44.375
2026-09-01T14:54:00,M01,12.515,1.927,27.069,20.739,44.663
2026-09-01T14:55:00,M01,12.523,1.984,27.020,20.871,44.454
2026-09-01T14:56:00,M01,12.794,1.982,27.251,20.435,46.486
2026-09-01T14:57:00,M01,12.612,1.985,26.914,20.579,44.583
2026-09-01T14:58:00,M01,12.699,1.985,26.929,20.679,43.733
2026-09-01T14:59:00,M01,12.657,2.005,26.934,20.623,46.391
2026-09-01T15:00:00,M01,12.518,2.043,26.851,20.911,43.985
2026-09-01T15:01:00,M01,12.637,2.044,26.888,21.073,46.420
2026-09-01T15:02:00,M01,12.640,1.966,26.980,20.572,45.094
2026-09-01T15:03:00,M01,12.716,2.041,27.110,20.737,44.763
2026-09-01T15:04:00,M01,12.619,1.917,27.104,20.529,44.456
2026-09-01T15:05:00,M01,12.556,2.072,26.987,21.072,46.240
2026-09-01T15:06:00,M01,12.635,2.056,26.955,20.815,44.411
2026-09-01T15:07:00,M01,12.569,2.004,27.135,21.041,45.141
2026-09-01T15:08:00,M01,12.674,1.987,26.858,20.992,44.013
2026-09-01T15:09:00,M01,12.517,2.079,26.860,20.947,46.583
2026-09-01T15:10:00,M01,12.728,1.964,26.763,20.925,45.741
2026-09-01T15:11:00,M01,12.595,1.987,26.949,20.750,43.110
2026-09-01T15:12:00,M01,12.756,2.067,26.951,20.677,45.419
2026-09-01T15:13:00,M01,12.662,1.949,27.022,20.824,46.519
2026-09-01T15:14:00,M01,12.645,2.053,26.947,21.066,44.550
2026-09-01T15:15:00,M01,12.679,1.961,26.906,20.496,45.174
2026-09-01T15:16:00,M01,12.572,2.022,26.716,20.796,45.092
2026-09-01T15:17:00,M01,12.669,2.076,26.940,20.638,44.362
2026-09-01T15:18:00,M01,12.651,1.963,27.134,20.623,45.873
2026-09-01T15:19:00,M01,12.640,2.093,26.965,20.771,45.503
2026-09-01T15:20:00,M01,12.484,2.012,26.900,20.909,46.446
2026-09-01T15:21:00,M01,12.616,1.872,27.104,20.897,45.174
2026-09-01T15:22:00,M01,12.537,1.992,27.163,20.782,46.423
2026-09-01T15:23:00,M01,12.560,2.012,26.998,20.513,44.298
2026-09-01T15:24:00,M01,12.488,1.957,26.853,20.705,45.679
2026-09-01T15:25:00,M01,12.425,2.063,26.920,20.698,46.761
2026-09-01T15:26:00,M01,12.493,1.972,26.902,20.626,44.648
2026-09-01T15:27:00,M01,12.630,1.940,27.375,20.629,45.122
2026-09-01T15:28:00,M01,12.666,1.986,27.061,21.164,45.101
2026-09-01T15:29:00,M01,12.628,1.965,26.950,20.833,45.356
2026-09-01T15:30:00,M01,12.673,1.992,26.825,20.952,44.616
2026-09-01T15:31:00,M01,12.649,2.014,26.638,20.542,43.818
2026-09-01T15:32:00,M01,12.437,2.039,27.147,20.886,45.712
2026-09-01T15:33:00,M01,12.599,2.010,27.057,20.922,44.782
2026-09-01T15:34:00,M01,12.551,2.018,26.777,20.583,44.565
2026-09-01T15:35:00,M01,12.577,1.885,26.954,20.757,45.820
2026-09-01T15:36:00,M01,12.574,2.021,27.066,21.007,46.115
2026-09-01T15:37:00,M01,12.655,1.986,26.892,21.065,44.335
2026-09-01T15:38:00,M01,12.565,1.963,27.135,20.866,46.481
2026-09-01T15:39:00,M01,12.547,2.045,26.912,20.720,44.823
2026-09-01T15:40:00,M01,12.703,1.974,27.047,20.795,43.668
2026-09-01T15:41:00,M01,12.635,2.014,27.065,20.808,44.525
2026-09-01T15:42:00,M01,12.513,1.942,26.955,20.552,44.455
2026-09-01T15:43:00,M01,12.552,1.998,26.892,20.727,43.187
2026-09-01T15:44:00,M01,12.524,2.018,26.618,20.661,45.258
2026-09-01T15:45:00,M01,12.569,2.004,27.014,20.540,45.244
2026-09-01T15:46:00,M01,12.516,2.032,26.993,20.803,44.523
2026-09-01T15:47:00,M01,12.608,2.049,27.061,20.693,44.763
2026-09-01T15:48:00,M01,12.568,2.017,27.071,20.769,42.526
2026-09-01T15:49:00,M01,12.619,2.006,26.897,21.010,44.857
2026-09-01T15:50:00,M01,12.538,2.016,26.852,20.626,47.127
2026-09-01T15:51:00,M01,12.719,2.026,26.772,21.008,46.318
2026-09-01T15:52:00,M01,12.430,2.054,27.185,20.714,45.136
2026-09-01T15:53:00,M01,12.593,2.048,27.011,20.920,45.091
2026-09-01T15:54:00,M01,12.513,2.138,27.038,21.029,46.213
2026-09-01T15:55:00,M01,12.648,1.974,27.003,20.465,44.799
2026-09-01T15:56:00,M01,12.411,2.009,27.112,21.032,44.012
2026-09-01T15:57:00,M01,12.436,1.956,27.073,21.161,43.777
2026-09-01T15:58:00,M01,12.637,1.978,27.298,20.359,44.928
2026-09-01T15:59:00,M01,12.786,2.079,27.308,20.823,46.048
2026-09-01T16:00:00,M01,12.045,1.816,23.975,19.929,43.686
2026-09-01T16:01:00,M01,11.838,1.818,24.094,20.057,46.941
2026-09-01T16:02:00,M01,12.015,1.780,24.190,19.975,45.219
2026-09-01T16:03:00,M01,12.092,1.782,24.548,20.227,45.873
2026-09-01T16:04:00,M01,12.147,1.854,24.567,20.276,46.443
2026-09-01T16:05:00,M01,12.092,1.799,24.591,20.268,44.501
2026-09-01T16:06:00,M01,12.339,1.890,24.392,20.129,45.680
2026-09-01T16:07:00,M01,12.159,1.893,24.669,19.974,45.766
2026-09-01T16:08:00,M01,12.150,1.822,24.514,19.969,44.621
2026-09-01T16:09:00,M01,11.918,1.902,24.619,20.080,45.569
2026-09-01T16:10:00,M01,12.288,1.823,24.940,20.142,45.328
2026-09-01T16:11:00,M01,12.024,1.797,24.915,20.493,44.416
2026-09-01T16:12:00,M01,12.212,1.887,25.124,20.001,45.294
2026-09-01T16:13:00,M01,12.184,1.833,24.948,20.101,43.824
2026-09-01T16:14:00,M01,12.373,1.875,25.220,20.127,42.019
2026-09-01T16:15:00,M01,12.248,1.942,25.175,20.139,44.741
2026-09-01T16:16:00,M01,12.126,1.872,25.186,20.188,44.051
2026-09-01T16:17:00,M01,12.280,1.948,25.269,20.738,43.266
2026-09-01T16:18:00,M01,12.169,1.883,25.368,20.459,46.211
2026-09-01T16:19:00,M01,12.173,1.886,25.448,20.253,45.958
2026-09-01T16:20:00,M01,12.167,1.913,25.598,20.052,45.221
2026-09-01T16:21:00,M01,12.417,1.910,25.445,20.481,45.689
2026-09-01T16:22:00,M01,12.363,1.922,25.399,20.342,45.138
2026-09-01T16:23:00,M01,12.508,1.890,25.462,20.109,45.267
2026-09-01T16:24:00,M01,12.279,1.892,25.531,20.309,44.895
2026-09-01T16:25:00,M01,12.399,1.907,25.714,20.523,46.363
2026-09-01T16:26:00,M01,12.368,1.909,25.629,20.404,45.732
2026-09-01T16:27:00,M01,12.322,1.860,25.571,20.531,46.101
2026-09-01T16:28:00,M01,12.244,1.912,25.851,20.324,45.372
2026-09-01T16:29:00,M01,12.299,1.869,25.970,20.558,44.049
2026-09-01T16:30:00,M01,12.457,1.953,25.855,20.785,44.690
2026-09-01T16:31:00,M01,12.370,1.944,25.938,20.340,43.728
2026-09-01T16:32:00,M01,12.517,1.887,26.153,20.563,43.809
2026-09-01T16:33:00,M01,12.450,1.894,25.711,20.596,43.811
2026-09-01T16:34:00,M01,12.239,1.929,25.924,20.283,44.742
2026-09-01T16:35:00,M01,12.364,1.886,26.095,20.245,45.573
2026-09-01T16:36:00,M01,12.566,1.978,26.145,20.605,45.030
2026-09-01T16:37:00,M01,12.553,1.965,26.087,20.366,46.587
2026-09-01T16:38:00,M01,12.327,1.973,26.413,20.571,45.428
2026-09-01T16:39:00,M01,12.382,1.992,26.601,20.602,44.868
2026-09-01T16:40:00,M01,12.415,1.979,26.322,20.411,43.854
2026-09-01T16:41:00,M01,12.471,2.003,26.048,20.682,44.335
2026-09-01T16:42:00,M01,12.480,1.908,26.229,20.399,45.284
2026-09-01T16:43:00,M01,12.414,1.962,26.196,20.810,44.320
2026-09-01T16:44:00,M01,12.486,1.909,26.278,20.469,44.614
2026-09-01T16:45:00,M01,12.625,1.937,26.544,20.700,43.606
2026-09-01T16:46:00,M01,12.530,1.870,26.450,20.807,45.416
2026-09-01T16:47:00,M01,12.453,1.970,26.333,20.540,44.606
2026-09-01T16:48:00,M01,12.425,1.976,26.238,20.514,43.536
2026-09-01T16:49:00,M01,12.542,1.974,26.347,20.750,44.630
2026-09-01T16:50:00,M01,12.511,1.986,26.098,20.422,45.824
2026-09-01T16:51:00,M01,12.470,1.939,26.654,20.751,47.021
2026-09-01T16:52:00,M01,12.476,1.996,26.363,20.581,44.409
2026-09-01T16:53:00,M01,12.565,1.945,26.531,20.576,45.940
2026-09-01T16:54:00,M01,12.483,1.974,26.358,20.844,45.230
2026-09-01T16:55:00,M01,12.588,1.996,26.500,20.483,44.766
2026-09-01T16:56:00,M01,12.529,1.949,26.950,20.398,46.249
2026-09-01T16:57:00,M01,12.489,2.010,26.552,20.469,45.440
2026-09-01T16:58:00,M01,12.334,1.980,26.423,20.555,45.513
2026-09-01T16:59:00,M01,12.491,2.066,26.637,20.581,45.251
2026-09-01T17:00:00,M01,12.327,1.904,26.406,21.051,44.805
2026-09-01T17:01:00,M01,12.607,1.975,26.838,20.832,46.746
2026-09-01T17:02:00,M01,12.557,1.956,26.597,20.398,44.383
2026-09-01T17:03:00,M01,12.470,2.028,26.668,20.915,45.910
2026-09-01T17:04:00,M01,12.616,1.950,26.753,20.649,44.437
2026-09-01T17:05:00,M01,12.719,1.935,26.891,20.853,44.101
2026-09-01T17:06:00,M01,12.566,1.994,26.619,20.488,45.033
2026-09-01T17:07:00,M01,12.604,2.007,26.827,20.542,44.955
2026-09-01T17:08:00,M01,12.624,1.986,26.759,20.740,47.224
2026-09-01T17:09:00,M01,12.538,2.087,26.731,20.402,45.142
2026-09-01T17:10:00,M01,12.483,1.990,26.940,20.803,45.709
2026-09-01T17:11:00,M01,12.469,1.977,26.764,20.677,44.293
2026-09-01T17:12:00,M01,12.415,1.937,26.716,20.665,45.040
2026-09-01T17:13:00,M01,12.573,1.981,26.579,20.543,45.398
2026-09-01T17:14:00,M01,12.586,1.937,26.764,20.719,46.055
2026-09-01T17:15:00,M01,12.519,1.994,26.761,21.027,44.728
2026-09-01T17:16:00,M01,12.525,2.005,26.793,20.857,43.535
2026-09-01T17:17:00,M01,12.713,1.983,26.607,20.765,45.439
2026-09-01T17:18:00,M01,12.557,1.921,26.839,20.980,46.094
2026-09-01T17:19:00,M01,12.677,2.025,26.736,20.829,46.606
2026-09-01T17:20:00,M01,12.557,1.962,26.947,20.371,46.503
2026-09-01T17:21:00,M01,12.419,1.946,26.718,20.890,43.284
2026-09-01T17:22:00,M01,12.506,2.041,26.763,20.832,44.818
2026-09-01T17:23:00,M01,12.531,1.986,27.079,20.763,45.726
2026-09-01T17:24:00,M01,12.581,1.890,26.832,20.639,43.409
2026-09-01T17:25:00,M01,12.664,2.007,26.619,21.067,44.264
2026-09-01T17:26:00,M01,12.587,1.939,26.611,20.625,46.251
2026-09-01T17:27:00,M01,12.430,2.041,26.840,20.843,45.055
2026-09-01T17:28:00,M01,12.481,1.950,26.746,20.694,45.655
2026-09-01T17:29:00,M01,12.707,1.962,26.766,20.881,45.459
2026-09-01T17:30:00,M01,12.477,1.947,26.635,20.958,46.147
2026-09-01T17:31:00,M01,12.600,2.023,26.984,20.717,45.373
2026-09-01T17:32:00,M01,12.425,1.930,26.730,20.893,46.258
2026-09-01T17:33:00,M01,12.631,1.989,26.905,20.670,44.971
2026-09-01T17:34:00,M01,12.672,2.088,26.625,20.857,44.995
2026-09-01T17:35:00,M01,12.667,2.025,26.983,20.602,43.194
2026-09-01T17:36:00,M01,12.680,1.951,27.052,20.883,42.401
2026-09-01T17:37:00,M01,12.491,2.043,26.790,20.640,43.363
2026-09-01T17:38:00,M01,12.665,1.963,26.635,21.141,46.955
2026-09-01T17:39:00,M01,12.531,1.940,26.668,20.867,46.377
2026-09-01T17:40:00,M01,12.579,1.981,26.858,20.858,47.218
2026-09-01T17:41:00,M01,12.674,1.981,26.876,20.540,46.143
2026-09-01T17:42:00,M01,12.523,1.996,26.784,20.592,44.684
2026-09-01T17:43:00,M01,12.563,2.016,26.705,20.436,46.927
2026-09-01T17:44:00,M01,12.448,1.989,26.988,20.475,44.064
2026-09-01T17:45:00,M01,12.502,2.029,27.039,20.853,44.544
2026-09-01T17:46:00,M01,12.528,1.988,26.955,20.724,46.033
2026-09-01T17:47:00,M01,12.536,2.009,27.026,20.889,44.747
2026-09-01T17:48:00,M01,12.671,2.022,26.986,20.638,45.671
2026-09-01T17:49:00,M01,12.568,2.023,27.214,20.453,45.645
2026-09-01T17:50:00,M01,12.466,1.985,26.997,20.789,43.761
2026-09-01T17:51:00,M01,12.586,1.959,26.722,21.086,44.108
2026-09-01T17:52:00,M01,12.538,1.970,26.934,20.729,45.659
2026-09-01T17:53:00,M01,12.457,2.080,26.920,20.915,46.256
2026-09-01T17:54:00,M01,12.590,1.928,26.716,20.952,45.721
2026-09-01T17:55:00,M01,12.442,1.903,26.792,20.577,45.170
2026-09-01T17:56:00,M01,12.725,1.969,26.861,20.934,45.350
2026-09-01T17:57:00,M01,12.660,2.080,26.773,20.740,43.851
2026-09-01T17:58:00,M01,12.643,2.027,27.074,20.859,42.850
2026-09-01T17:59:00,M01,12.530,1.945,26.793,20.919,44.683
2026-09-01T18:00:00,M01,12.630,1.913,27.067,21.004,45.034
2026-09-01T18:01:00,M01,12.475,1.993,26.687,20.566,43.182
2026-09-01T18:02:00,M01,12.693,1.979,26.764,20.776,45.406
2026-09-01T18:03:00,M01,12.489,1.992,27.046,20.800,45.482
2026-09-01T18:04:00,M01,12.372,2.010,26.827,20.765,44.596
2026-09-01T18:05:00,M01,12.523,2.060,26.958,20.880,45.675
2026-09-01T18:06:00,M01,12.626,1.920,26.869,21.115,45.508
2026-09-01T18:07:00,M01,12.632,1.969,26.864,20.675,46.245
2026-09-01T18:08:00,M01,12.748,2.019,27.217,20.869,43.727
2026-09-01T18:09:00,M01,12.622,2.050,26.989,20.731,45.183
2026-09-01T18:10:00,M01,12.487,1.958,26.889,20.550,44.889
2026-09-01T18:11:00,M01,12.755,1.995,27.083,20.751,45.422
2026-09-01T18:12:00,M01,12.545,2.001,26.760,20.868,44.687
2026-09-01T18:13:00,M01,12.561,2.022,26.871,20.875,45.617
2026-09-01T18:14:00,M01,12.497,1.993,27.036,21.057,45.284
2026-09-01T18:15:00,M01,12.463,1.972,27.196,20.741,47.343
2026-09-01T18:16:00,M01,12.569,1.927,27.055,20.838,47.188
2026-09-01T18:17:00,M01,12.572,1.935,26.957,20.960,45.803
2026-09-01T18:18:00,M01,12.671,1.996,27.053,20.823,43.553
2026-09-01T18:19:00,M01,12.627,1.951,27.024,20.843,46.083
2026-09-01T18:20:00,M01,12.324,2.023,27.184,20.624,42.979
2026-09-01T18:21:00,M01,12.626,1.949,26.908,20.827,45.811
2026-09-01T18:22:00,M01,12.621,1.971,26.647,20.984,44.856
2026-09-01T18:23:00,M01,12.507,2.031,26.726,20.813,45.132
2026-09-01T18:24:00,M01,12.711,1.994,26.988,20.946,43.309
2026-09-01T18:25:00,M01,12.601,2.041,26.865,20.937,45.419
2026-09-01T18:26:00,M01,12.463,1.934,26.996,20.831,45.790
2026-09-01T18:27:00,M01,12.546,2.046,27.092,20.878,45.524
2026-09-01T18:28:00,M01,12.628,1.952,26.813,20.732,45.152
2026-09-01T18:29:00,M01,12.566,1.954,27.005,20.662,43.460
2026-09-01T18:30:00,M01,12.726,1.981,26.832,21.042,46.873
2026-09-01T18:31:00,M01,12.615,2.131,26.999,20.973,45.485
2026-09-01T18:32:00,M01,12.498,1.944,27.041,20.814,46.960
2026-09-01T18:33:00,M01,12.624,2.002,27.001,21.210,45.312
2026-09-01T18:34:00,M01,12.713,1.972,27.078,20.727,45.120
2026-09-01T18:35:00,M01,12.598,1.978,27.200,20.748,45.770
2026-09-01T18:36:00,M01,12.653,2.045,27.177,20.991,46.885
2026-09-01T18:37:00,M01,12.773,2.000,26.740,20.681,43.470
2026-09-01T18:38:00,M01,12.463,1.954,27.026,20.824,44.125
2026-09-01T18:39:00,M01,12.588,2.002,26.984,20.756,45.964
2026-09-01T18:40:00,M01,12.553,2.005,26.929,20.697,44.520
2026-09-01T18:41:00,M01,12.581,1.987,27.036,20.753,42.875
2026-09-01T18:42:00,M01,12.563,1.973,27.074,20.804,44.380
2026-09-01T18:43:00,M01,12.443,2.000,26.970,20.875,45.245
2026-09-01T18:44:00,M01,12.484,1.950,26.968,20.590,45.831
2026-09-01T18:45:00,M01,12.436,1.990,26.739,21.090,43.909
2026-09-01T18:46:00,M01,12.576,1.962,26.741,20.462,45.951
2026-09-01T18:47:00,M01,12.792,1.933,27.067,20.794,45.930
2026-09-01T18:48:00,M01,12.663,2.040,27.074,21.057,44.808
2026-09-01T18:49:00,M01,12.535,2.074,26.605,20.800,44.119
2026-09-01T18:50:00,M01,12.691,2.032,27.003,21.104,43.376
2026-09-01T18:51:00,M01,12.628,1.906,27.038,20.584,46.625
2026-09-01T18:52:00,M01,12.549,2.058,26.874,20.963,45.637
2026-09-01T18:53:00,M01,12.470,1.987,26.670,20.696,42.964
2026-09-01T18:54:00,M01,12.511,1.890,27.073,20.864,44.443
2026-09-01T18:55:00,M01,12.668,2.002,26.901,20.266,45.528
2026-09-01T18:56:00,M01,12.545,1.936,26.986,20.497,45.008
2026-09-01T18:57:00,M01,12.734,2.011,27.019,20.933,46.540
2026-09-01T18:58:00,M01,12.488,1.964,26.816,20.638,44.867
2026-09-01T18:59:00,M01,12.613,2.003,26.942,20.874,45.974
2026-09-01T19:00:00,M01,12.733,1.986,26.957,21.103,45.221
2026-09-01T19:01:00,M01,12.686,1.981,26.852,20.787,44.513
2026-09-01T19:02:00,M01,12.565,2.005,26.963,20.859,44.307
2026-09-01T19:03:00,M01,12.471,1.982,26.894,20.915,45.044
2026-09-01T19:04:00,M01,12.569,1.967,26.837,20.738,44.411
2026-09-01T19:05:00,M01,12.631,2.044,26.979,20.664,43.833
2026-09-01T19:06:00,M01,12.631,2.087,27.019,21.115,47.061
2026-09-01T19:07:00,M01,12.708,2.051,27.182,20.797,46.051
2026-09-01T19:08:00,M01,12.593,2.000,27.244,20.760,46.051
2026-09-01T19:09:00,M01,12.535,2.011,27.087,20.670,45.698
2026-09-01T19:10:00,M01,12.520,2.010,26.962,20.622,43.208
2026-09-01T19:11:00,M01,12.558,2.008,26.781,20.869,45.458
2026-09-01T19:12:00,M01,12.544,2.003,27.013,20.991,45.304
2026-09-01T19:13:00,M01,12.534,2.038,27.159,20.710,45.703
2026-09-01T19:14:00,M01,12.595,1.942,27.241,20.463,45.333
2026-09-01T19:15:00,M01,12.702,1.981,27.001,20.909,45.501
2026-09-01T19:16:00,M01,12.660,2.017,27.134,20.707,44.949
2026-09-01T19:17:00,M01,12.524,2.011,27.053,21.054,44.643
2026-09-01T19:18:00,M01,12.702,1.995,27.005,20.823,44.243
2026-09-01T19:19:00,M01,12.699,2.008,26.986,20.576,45.129
2026-09-01T19:20:00,M01,12.496,1.960,27.151,21.056,46.702
2026-09-01T19:21:00,M01,12.532,2.023,26.945,20.834,46.469
2026-09-01T19:22:00,M01,12.578,2.002,27.033,20.707,45.226
2026-09-01T19:23:00,M01,12.739,1.907,26.831,20.578,45.958
2026-09-01T19:24:00,M01,12.617,2.005,27.155,20.362,44.804
2026-09-01T19:25:00,M01,12.613,1.977,26.929,20.860,44.362
2026-09-01T19:26:00,M01,12.599,2.017,27.350,20.719,46.012
2026-09-01T19:27:00,M01,12.711,2.043,27.016,20.976,46.757
2026-09-01T19:28:00,M01,12.600,1.997,27.151,20.536,44.342
2026-09-01T19:29:00,M01,12.650,2.083,27.241,20.857,45.481
2026-09-01T19:30:00,M01,12.583,2.011,26.966,20.810,45.663
2026-09-01T19:31:00,M01,12.441,2.051,26.851,20.496,45.839
2026-09-01T19:32:00,M01,12.686,1.983,27.292,20.927,45.164
2026-09-01T19:33:00,M01,12.581,2.036,27.274,20.724,43.816
2026-09-01T19:34:00,M01,12.694,1.933,26.902,20.622,45.611
2026-09-01T19:35:00,M01,12.534,1.950,27.092,20.434,45.700
2026-09-01T19:36:00,M01,12.770,2.044,26.918,20.751,44.699
2026-09-01T19:37:00,M01,12.607,2.043,26.790,20.759,46.620
2026-09-01T19:38:00,M01,12.527,1.964,26.880,20.515,46.247
2026-09-01T19:39:00,M01,12.538,1.936,26.945,20.709,46.865
2026-09-01T19:40:00,M01,12.610,2.047,27.090,20.767,42.637
2026-09-01T19:41:00,M01,12.561,1.996,26.866,20.640,43.394
2026-09-01T19:42:00,M01,12.646,2.008,27.106,20.894,45.132
2026-09-01T19:43:00,M01,12.652,2.052,27.085,21.020,44.489
2026-09-01T19:44:00,M01,12.710,1.974,27.032,20.766,45.024
2026-09-01T19:45:00,M01,12.552,1.921,27.260,20.836,42.922
2026-09-01T19:46:00,M01,12.500,1.967,26.648,20.901,46.770
2026-09-01T19:47:00,M01,12.665,2.026,26.828,21.015,43.182
2026-09-01T19:48:00,M01,12.568,2.055,27.015,20.778,44.133
2026-09-01T19:49:00,M01,12.603,2.032,27.190,20.930,45.020
2026-09-01T19:50:00,M01,12.741,2.009,26.996,21.116,46.690
2026-09-01T19:51:00,M01,12.544,2.047,26.937,20.969,44.157
2026-09-01T19:52:00,M01,12.635,2.006,27.031,20.867,43.792
2026-09-01T19:53:00,M01,12.587,2.079,26.982,20.637,44.290
2026-09-01T19:54:00,M01,12.704,1.975,27.076,20.833,44.617
2026-09-01T19:55:00,M01,12.586,1.968,27.072,20.490,46.213
2026-09-01T19:56:00,M01,12.651,2.066,27.081,20.499,45.057
2026-09-01T19:57:00,M01,12.540,1.950,27.058,20.890,44.543
2026-09-01T19:58:00,M01,12.555,1.975,26.991,20.988,43.272
2026-09-01T19:59:00,M01,12.742,2.014,27.020,20.946,43.923
2026-09-01T20:00:00,M01,12.454,1.936,27.033,20.949,44.553
2026-09-01T20:01:00,M01,12.654,2.011,26.739,20.704,42.285
2026-09-01T20:02:00,M01,12.525,1.971,27.204,21.032,45.517
2026-09-01T20:03:00,M01,12.615,1.974,26.992,21.135,44.062
2026-09-01T20:04:00,M01,12.614,2.039,27.113,20.630,44.861
2026-09-01T20:05:00,M01,12.492,2.003,26.934,20.961,45.464
2026-09-01T20:06:00,M01,12.607,1.984,26.913,20.715,46.139
2026-09-01T20:07:00,M01,12.450,1.966,27.109,21.177,43.873
2026-09-01T20:08:00,M01,12.571,1.938,27.054,20.791,45.299
2026-09-01T20:09:00,M01,12.577,2.035,27.113,20.689,44.367
2026-09-01T20:10:00,M01,12.662,2.006,26.850,20.954,45.564
2026-09-01T20:11:00,M01,12.670,2.012,27.008,20.703,45.330
2026-09-01T20:12:00,M01,12.657,2.047,27.042,20.705,45.864
2026-09-01T20:13:00,M01,12.527,2.018,27.074,20.894,45.540
2026-09-01T20:14:00,M01,12.591,2.074,27.235,20.555,42.287
2026-09-01T20:15:00,M01,12.541,1.977,26.783,20.862,44.942
2026-09-01T20:16:00,M01,12.679,2.106,27.200,21.005,44.560
2026-09-01T20:17:00,M01,12.597,2.051,27.079,20.794,45.591
2026-09-01T20:18:00,M01,12.669,2.066,26.950,20.897,43.220
2026-09-01T20:19:00,M01,12.677,1.955,27.237,20.820,43.151
2026-09-01T20:20:00,M01,12.676,1.988,27.150,20.529,44.895
2026-09-01T20:21:00,M01,12.659,1.984,27.046,20.856,47.387
2026-09-01T20:22:00,M01,12.668,2.057,26.847,20.814,47.468
2026-09-01T20:23:00,M01,12.341,1.990,26.767,20.853,44.224
2026-09-01T20:24:00,M01,12.527,2.013,26.936,20.642,44.758
2026-09-01T20:25:00,M01,12.525,2.049,26.774,20.871,44.585
2026-09-01T20:26:00,M01,12.544,1.971,26.817,21.147,45.660
2026-09-01T20:27:00,M01,12.571,1.958,27.207,20.873,42.824
2026-09-01T20:28:00,M01,12.680,2.000,27.064,20.781,45.223
2026-09-01T20:29:00,M01,12.538,2.015,27.022,20.793,44.270
2026-09-01T20:30:00,M01,12.621,2.036,26.671,20.706,46.447
2026-09-01T20:31:00,M01,12.718,1.957,26.892,21.139,44.534
2026-09-01T20:32:00,M01,12.456,1.956,26.840,20.776,43.038
2026-09-01T20:33:00,M01,12.569,1.973,26.913,20.930,46.640
2026-09-01T20:34:00,M01,12.741,2.070,27.182,20.852,43.407
2026-09-01T20:35:00,M01,12.564,2.008,26.743,20.750,45.250
2026-09-01T20:36:00,M01,12.626,2.073,27.031,20.680,47.552
2026-09-01T20:37:00,M01,12.519,2.018,26.919,20.398,45.278
2026-09-01T20:38:00,M01,12.530,2.064,27.068,21.009,43.366
2026-09-01T20:39:00,M01,12.740,2.088,27.179,20.800,45.196
2026-09-01T20:40:00,M01,12.696,1.970,27.017,20.438,43.388
2026-09-01T20:41:00,M01,12.619,1.904,26.995,21.163,43.396
2026-09-01T20:42:00,M01,12.586,1.977,26.971,20.579,43.545
2026-09-01T20:43:00,M01,12.656,1.998,27.112,20.610,45.634
2026-09-01T20:44:00,M01,12.608,2.041,27.004,20.738,43.212
2026-09-01T20:45:00,M01,12.669,1.972,26.991,20.489,43.565
2026-09-01T20:46:00,M01,12.714,1.986,26.771,20.733,43.317
2026-09-01T20:47:00,M01,12.770,2.013,26.979,20.983,44.591
2026-09-01T20:48:00,M01,12.618,2.020,26.798,20.925,45.951
2026-09-01T20:49:00,M01,12.361,1.960,27.205,20.804,45.732
2026-09-01T20:50:00,M01,12.678,1.972,26.919,20.866,45.657
2026-09-01T20:51:00,M01,12.557,2.049,27.065,20.988,42.253
2026-09-01T20:52:00,M01,12.384,2.009,26.908,20.821,44.485
2026-09-01T20:53:00,M01,12.617,2.015,26.890,20.352,44.155
2026-09-01T20:54:00,M01,12.525,2.019,26.949,20.633,46.266
2026-09-01T20:55:00,M01,12.591,1.998,27.132,20.564,44.053
2026-09-01T20:56:00,M01,12.680,1.978,26.892,20.862,43.471
2026-09-01T20:57:00,M01,12.579,1.891,27.082,20.936,46.160
2026-09-01T20:58:00,M01,12.486,1.964,26.819,21.166,43.937
2026-09-01T20:59:00,M01,12.618,2.020,27.201,20.606,45.958
2026-09-01T21:00:00,M01,12.496,2.007,26.805,21.089,44.204
2026-09-01T21:01:00,M01,12.545,1.960,27.018,20.613,45.982
2026-09-01T21:02:00,M01,12.532,1.969,27.101,20.541,46.845
2026-09-01T21:03:00,M01,12.582,1.959,27.226,20.947,46.423
2026-09-01T21:04:00,M01,12.608,2.076,27.092,20.878,45.631
2026-09-01T21:05:00,M01,12.625,1.993,26.778,21.169,43.576
2026-09-01T21:06:00,M01,12.536,2.087,27.170,20.692,45.290
2026-09-01T21:07:00,M01,12.422,1.985,27.041,21.010,43.681
2026-09-01T21:08:00,M01,12.459,2.015,27.011,20.827,45.162
2026-09-01T21:09:00,M01,12.477,2.020,27.054,20.904,46.368
2026-09-01T21:10:00,M01,12.390,1.920,27.299,20.636,45.438
2026-09-01T21:11:00,M01,12.889,1.977,26.976,20.693,45.270
2026-09-01T21:12:00,M01,12.513,2.059,27.160,20.880,44.879
2026-09-01T21:13:00,M01,12.452,2.029,26.863,20.710,46.096
2026-09-01T21:14:00,M01,12.553,2.039,27.260,20.676,46.214
2026-09-01T21:15:00,M01,12.635,2.022,26.841,20.985,46.979
2026-09-01T21:16:00,M01,12.624,1.947,27.250,20.811,43.596
2026-09-01T21:17:00,M01,12.468,1.969,26.702,21.048,47.431
2026-09-01T21:18:00,M01,12.541,1.974,26.921,20.900,46.604
2026-09-01T21:19:00,M01,12.640,1.919,27.213,20.784,44.230
2026-09-01T21:20:00,M01,12.590,2.062,27.150,21.098,44.120
2026-09-01T21:21:00,M01,12.583,2.069,26.900,20.980,46.499
2026-09-01T21:22:00,M01,12.513,1.959,26.923,20.870,44.809
2026-09-01T21:23:00,M01,12.559,1.996,27.068,20.934,44.141
2026-09-01T21:24:00,M01,12.531,1.992,26.799,20.972,45.739
2026-09-01T21:25:00,M01,12.538,1.979,26.907,20.522,46.797
2026-09-01T21:26:00,M01,12.489,1.947,27.081,20.909,43.269
2026-09-01T21:27:00,M01,12.649,1.910,27.199,20.711,45.094
2026-09-01T21:28:00,M01,12.550,1.994,26.958,21.024,44.899
2026-09-01T21:29:00,M01,12.552,1.971,26.897,20.802,47.021
2026-09-01T21:30:00,M01,12.621,2.075,27.142,20.837,44.819
2026-09-01T21:31:00,M01,12.572,1.929,26.820,21.149,45.236
2026-09-01T21:32:00,M01,12.618,1.979,27.065,20.995,44.660
2026-09-01T21:33:00,M01,12.692,1.978,27.024,20.667,45.663
2026-09-01T21:34:00,M01,12.703,1.966,27.236,20.744,44.076
2026-09-01T21:35:00,M01,12.660,1.961,27.253,21.031,45.570
2026-09-01T21:36:00,M01,12.598,1.967,26.746,20.876,47.422
2026-09-01T21:37:00,M01,12.673,2.058,26.865,20.739,45.295
2026-09-01T21:38:00,M01,12.497,2.010,26.985,20.971,43.243
2026-09-01T21:39:00,M01,12.555,1.986,27.101,20.687,48.012
2026-09-01T21:40:00,M01,12.676,2.046,27.135,20.763,44.087
2026-09-01T21:41:00,M01,12.611,2.026,27.080,20.641,43.971
2026-09-01T21:42:00,M01,12.556,1.929,27.260,20.650,43.973
2026-09-01T21:43:00,M01,12.498,1.961,27.147,20.652,47.759
2026-09-01T21:44:00,M01,12.842,2.006,27.008,20.685,44.755
2026-09-01T21:45:00,M01,12.598,2.035,26.822,20.635,42.697
2026-09-01T21:46:00,M01,12.593,1.999,26.992,20.981,45.353
2026-09-01T21:47:00,M01,12.585,1.995,26.992,20.465,46.199
2026-09-01T21:48:00,M01,12.510,2.030,27.008,20.946,46.877
2026-09-01T21:49:00,M01,12.724,1.990,27.287,20.642,44.905
2026-09-01T21:50:00,M01,12.581,1.995,26.951,21.046,42.286
2026-09-01T21:51:00,M01,12.593,2.025,26.864,21.000,48.367
2026-09-01T21:52:00,M01,12.726,1.997,26.953,20.712,44.791
2026-09-01T21:53:00,M01,12.478,2.075,26.998,20.899,45.341
2026-09-01T21:54:00,M01,12.463,1.957,27.089,20.980,43.741
2026-09-01T21:55:00,M01,12.504,2.029,27.048,20.806,44.285
2026-09-01T21:56:00,M01,12.603,1.967,27.047,20.680,46.047
2026-09-01T21:57:00,M01,12.538,2.026,27.009,20.673,43.995
2026-09-01T21:58:00,M01,12.498,2.016,27.169,20.687,45.176
2026-09-01T21:59:00,M01,12.670,2.020,27.172,20.938,44.162
2026-09-01T22:00:00,M01,12.389,1.992,27.003,20.904,44.668
2026-09-01T22:01:00,M01,12.524,1.976,27.036,20.888,45.158
2026-09-01T22:02:00,M01,12.494,2.035,27.163,21.000,45.469
2026-09-01T22:03:00,M01,12.636,1.997,26.778,20.691,44.955
2026-09-01T22:04:00,M01,12.516,1.990,26.948,20.812,44.947
2026-09-01T22:05:00,M01,12.689,2.006,27.057,20.580,41.757
2026-09-01T22:06:00,M01,12.661,1.985,26.913,20.577,45.981
2026-09-01T22:07:00,M01,12.622,2.051,27.075,21.204,44.854
2026-09-01T22:08:00,M01,12.662,1.971,27.007,20.698,43.873
2026-09-01T22:09:00,M01,12.530,2.076,26.896,20.702,45.101
2026-09-01T22:10:00,M01,12.605,1.973,26.801,20.366,43.581
2026-09-01T22:11:00,M01,12.614,1.979,26.980,20.854,43.472
2026-09-01T22:12:00,M01,12.520,2.057,26.852,21.011,44.488
2026-09-01T22:13:00,M01,12.593,2.001,27.189,20.957,46.033
2026-09-01T22:14:00,M01,12.702,2.076,26.986,20.713,43.799
2026-09-01T22:15:00,M01,12.626,2.000,26.827,21.092,45.963
2026-09-01T22:16:00,M01,12.733,1.957,27.123,20.620,46.552
2026-09-01T22:17:00,M01,12.710,1.981,27.056,21.006,44.008
2026-09-01T22:18:00,M01,12.525,2.038,26.915,20.733,44.777
2026-09-01T22:19:00,M01,12.506,1.999,26.954,20.701,44.134
2026-09-01T22:20:00,M01,12.618,1.930,27.033,20.587,45.016
2026-09-01T22:21:00,M01,12.594,1.989,27.137,20.715,43.036
2026-09-01T22:22:00,M01,12.616,2.011,27.149,20.703,45.733
2026-09-01T22:23:00,M01,12.717,1.997,26.905,20.832,46.917
2026-09-01T22:24:00,M01,12.488,1.954,26.838,20.791,45.386
2026-09-01T22:25:00,M01,12.618,2.053,26.960,20.575,42.486
2026-09-01T22:26:00,M01,12.539,1.989,27.057,20.883,43.275
2026-09-01T22:27:00,M01,12.607,1.994,27.161,20.710,42.729
2026-09-01T22:28:00,M01,12.453,1.956,27.055,20.609,47.737
2026-09-01T22:29:00,M01,12.648,1.980,27.310,20.897,44.211
2026-09-01T22:30:00,M01,12.448,1.974,27.040,20.825,43.945
2026-09-01T22:31:00,M01,12.516,2.017,26.911,20.722,46.085
2026-09-01T22:32:00,M01,12.590,2.005,26.836,21.020,44.174
2026-09-01T22:33:00,M01,12.559,1.979,27.208,20.834,44.297
2026-09-01T22:34:00,M01,12.654,2.084,27.086,20.729,43.767
2026-09-01T22:35:00,M01,12.589,2.011,26.908,21.030,43.947
2026-09-01T22:36:00,M01,12.645,2.022,26.945,20.973,43.451
2026-09-01T22:37:00,M01,12.797,2.088,27.017,21.154,45.059
2026-09-01T22:38:00,M01,12.582,2.009,27.073,20.486,44.771
2026-09-01T22:39:00,M01,12.337,2.017,27.129,20.859,45.214
2026-09-01T22:40:00,M01,12.630,1.915,26.868,20.747,45.159
2026-09-01T22:41:00,M01,12.750,1.868,27.161,20.969,45.662
2026-09-01T22:42:00,M01,12.606,2.016,27.034,20.670,45.859
2026-09-01T22:43:00,M01,12.596,1.984,26.839,20.909,44.924
2026-09-01T22:44:00,M01,12.593,1.938,27.201,20.893,47.182
2026-09-01T22:45:00,M01,12.663,1.957,26.881,20.784,45.452
2026-09-01T22:46:00,M01,12.576,2.050,27.135,20.643,44.804
2026-09-01T22:47:00,M01,12.753,1.975,27.124,20.964,44.722
2026-09-01T22:48:00,M01,12.631,1.965,26.824,20.627,45.371
2026-09-01T22:49:00,M01,12.758,1.918,27.070,20.593,46.265
2026-09-01T22:50:00,M01,12.611,2.066,26.948,20.705,43.848
2026-09-01T22:51:00,M01,12.660,2.057,26.963,20.669,44.634
2026-09-01T22:52:00,M01,12.558,1.982,26.879,20.791,44.440
2026-09-01T22:53:00,M01,12.476,2.006,27.080,20.916,44.400
2026-09-01T22:54:00,M01,12.484,1.948,26.911,20.745,43.062
2026-09-01T22:55:00,M01,12.462,1.969,26.900,20.948,47.008
2026-09-01T22:56:00,M01,12.576,1.983,26.972,20.770,47.692
2026-09-01T22:57:00,M01,12.590,1.965,27.050,20.707,45.627
2026-09-01T22:58:00,M01,12.788,2.009,26.755,20.925,44.488
2026-09-01T22:59:00,M01,12.639,1.977,27.102,20.703,45.983
2026-09-01T23:00:00,M01,12.632,2.007,26.949,20.736,45.492
2026-09-01T23:01:00,M01,12.799,2.075,26.842,20.993,44.924
2026-09-01T23:02:00,M01,12.530,2.074,26.886,20.786,44.214
2026-09-01T23:03:00,M01,12.711,1.941,26.938,20.865,44.533
2026-09-01T23:04:00,M01,12.505,2.011,26.849,20.948,47.600
2026-09-01T23:05:00,M01,12.746,2.017,26.908,20.739,43.960
2026-09-01T23:06:00,M01,12.662,2.041,26.962,20.588,44.920
2026-09-01T23:07:00,M01,12.625,1.997,26.714,20.723,45.591
2026-09-01T23:08:00,M01,12.720,1.975,26.880,20.697,44.902
2026-09-01T23:09:00,M01,12.550,1.921,26.989,20.893,46.668
2026-09-01T23:10:00,M01,12.731,2.030,27.063,20.664,44.050
2026-09-01T23:11:00,M01,12.619,2.047,27.251,20.804,44.949
2026-09-01T23:12:00,M01,12.484,1.980,26.949,20.734,45.156
2026-09-01T23:13:00,M01,12.703,1.940,26.888,20.502,43.483
2026-09-01T23:14:00,M01,12.656,1.991,27.116,20.910,44.376
2026-09-01T23:15:00,M01,12.633,2.089,26.939,20.866,45.590
2026-09-01T23:16:00,M01,12.638,2.047,26.854,20.755,42.906
2026-09-01T23:17:00,M01,12.806,2.011,27.012,20.848,45.157
2026-09-01T23:18:00,M01,12.539,1.993,27.023,20.649,44.886
2026-09-01T23:19:00,M01,12.483,1.971,26.889,20.949,46.449
2026-09-01T23:20:00,M01,12.581,1.976,26.784,20.708,46.692
2026-09-01T23:21:00,M01,12.579,2.000,27.059,20.799,45.467
2026-09-01T23:22:00,M01,12.605,1.984,27.148,20.581,46.400
2026-09-01T23:23:00,M01,12.556,2.001,27.018,20.759,45.462
2026-09-01T23:24:00,M01,12.452,2.031,26.997,21.095,45.422
2026-09-01T23:25:00,M01,12.710,1.970,27.076,21.193,46.179
2026-09-01T23:26:00,M01,12.593,1.929,27.092,20.900,43.907
2026-09-01T23:27:00,M01,12.683,2.036,26.910,20.678,43.806
2026-09-01T23:28:00,M01,12.628,2.002,27.179,20.848,44.663
2026-09-01T23:29:00,M01,12.736,2.007,26.997,20.622,43.886
2026-09-01T23:30:00,M01,12.515,2.026,27.087,20.733,43.273
2026-09-01T23:31:00,M01,12.527,1.945,27.150,20.827,44.327
2026-09-01T23:32:00,M01,12.576,2.020,26.945,20.670,45.237
2026-09-01T23:33:00,M01,12.443,1.977,27.170,20.994,47.348
2026-09-01T23:34:00,M01,12.743,2.011,26.940,20.883,43.975
2026-09-01T23:35:00,M01,12.560,2.012,26.883,20.778,46.058
2026-09-01T23:36:00,M01,12.541,2.013,27.121,20.769,43.738
2026-09-01T23:37:00,M01,12.482,2.047,26.988,20.885,46.159
2026-09-01T23:38:00,M01,12.643,1.978,26.779,20.912,44.896
2026-09-01T23:39:00,M01,12.506,1.994,27.277,20.655,45.106
2026-09-01T23:40:00,M01,12.580,2.006,26.708,20.937,44.524
2026-09-01T23:41:00,M01,12.569,2.019,26.969,20.709,46.654
2026-09-01T23:42:00,M01,12.611,2.036,27.113,20.903,45.062
2026-09-01T23:43:00,M01,12.637,2.025,27.050,20.703,44.934
2026-09-01T23:44:00,M01,12.516,2.000,27.104,20.830,44.712
2026-09-01T23:45:00,M01,12.559,2.043,26.951,20.506,43.737
2026-09-01T23:46:00,M01,12.619,1.979,26.825,20.774,44.127
2026-09-01T23:47:00,M01,12.601,1.966,27.044,20.670,44.525
2026-09-01T23:48:00,M01,12.728,2.069,27.129,20.670,45.021
2026-09-01T23:49:00,M01,12.671,1.928,26.995,20.670,45.808
2026-09-01T23:50:00,M01,12.555,2.094,26.965,21.230,44.838
2026-09-01T23:51:00,M01,12.554,1.980,27.202,20.796,45.515
2026-09-01T23:52:00,M01,12.758,2.043,27.049,20.924,44.462
2026-09-01T23:53:00,M01,12.462,2.017,27.170,20.950,45.990
2026-09-01T23:54:00,M01,12.519,1.945,27.088,20.831,46.061
2026-09-01T23:55:00,M01,12.522,2.020,26.924,20.521,44.345
2026-09-01T23:56:00,M01,12.502,1.977,27.130,21.207,46.861
2026-09-01T23:57:00,M01,12.701,1.998,27.055,20.687,44.920
2026-09-01T23:58:00,M01,12.758,1.968,27.080,20.702,45.291
2026-09-01T23:59:00,M01,12.567,2.040,27.081,20.470,45.917
2026-09-02T00:00:00,M01,12.025,1.823,23.912,19.949,44.735
2026-09-02T00:01:00,M01,12.138,1.821,24.366,19.859,46.880
2026-09-02T00:02:00,M01,12.106,1.807,24.207,19.890,45.424
2026-09-02T00:03:00,M01,12.071,1.818,24.288,20.202,44.805
2026-09-02T00:04:00,M01,12.095,1.882,24.503,19.914,44.358
2026-09-02T00:05:00,M01,12.166,1.873,24.435,20.498,44.848
2026-09-02T00:06:00,M01,12.232,1.907,24.573,20.247,43.421
2026-09-02T00:07:00,M01,12.074,1.873,24.768,20.148,46.105
2026-09-02T00:08:00,M01,12.272,1.777,24.594,20.019,43.927
2026-09-02T00:09:00,M01,12.078,1.815,24.727,20.363,44.536
2026-09-02T00:10:00,M01,12.219,1.829,24.538,20.065,43.715
2026-09-02T00:11:00,M01,12.090,1.878,24.928,20.088,46.180
2026-09-02T00:12:00,M01,12.222,1.834,24.869,19.916,45.413
2026-09-02T00:13:00,M01,12.130,1.872,25.505,20.091,43.160
2026-09-02T00:14:00,M01,12.186,1.854,25.204,20.279,46.072
2026-09-02T00:15:00,M01,12.338,1.884,24.884,20.549,43.166
2026-09-02T00:16:00,M01,12.270,1.824,25.249,20.484,43.899
2026-09-02T00:17:00,M01,12.194,1.844,25.213,20.567,45.740
2026-09-02T00:18:00,M01,12.264,1.896,25.393,20.395,43.147
2026-09-02T00:19:00,M01,12.206,1.783,25.504,20.171,44.847
2026-09-02T00:20:00,M01,12.240,1.921,25.422,20.344,43.970
2026-09-02T00:21:00,M01,12.307,1.959,25.646,20.478,43.588
2026-09-02T00:22:00,M01,12.393,1.995,25.261,20.419,44.664
2026-09-02T00:23:00,M01,12.229,1.890,25.917,20.604,42.926
2026-09-02T00:24:00,M01,12.448,1.883,25.733,20.458,43.481
2026-09-02T00:25:00,M01,12.437,1.965,25.617,20.651,44.265
2026-09-02T00:26:00,M01,12.347,1.861,25.783,20.395,42.135
2026-09-02T00:27:00,M01,12.284,1.882,25.651,20.353,42.440
2026-09-02T00:28:00,M01,12.371,1.933,25.786,20.497,44.733
2026-09-02T00:29:00,M01,12.242,1.927,25.996,20.537,46.699
2026-09-02T00:30:00,M01,12.357,1.899,26.062,20.806,44.460
2026-09-02T00:31:00,M01,12.298,1.924,25.789,20.783,45.639
2026-09-02T00:32:00,M01,12.425,1.827,26.078,20.541,42.421
2026-09-02T00:33:00,M01,12.490,2.007,25.861,20.670,45.361
2026-09-02T00:34:00,M01,12.382,1.959,26.114,20.657,44.559
2026-09-02T00:35:00,M01,12.530,1.994,25.988,20.546,45.874
2026-09-02T00:36:00,M01,12.463,2.044,26.134,20.438,47.211
2026-09-02T00:37:00,M01,12.444,1.924,26.151,20.259,43.612
2026-09-02T00:38:00,M01,12.511,1.940,26.313,20.224,44.351
2026-09-02T00:39:00,M01,12.366,1.865,26.080,20.523,44.986
2026-09-02T00:40:00,M01,12.559,2.014,26.289,20.503,44.465
2026-09-02T00:41:00,M01,12.555,1.953,26.116,20.716,45.518
2026-09-02T00:42:00,M01,12.352,1.961,26.185,20.734,45.632
2026-09-02T00:43:00,M01,12.420,2.020,26.389,20.834,45.886
2026-09-02T00:44:00,M01,12.496,1.907,26.064,20.450,45.649
2026-09-02T00:45:00,M01,12.482,1.959,26.577,20.551,43.122
2026-09-02T00:46:00,M01,12.443,1.988,26.452,20.588,45.863
2026-09-02T00:47:00,M01,12.412,1.942,26.475,20.802,43.817
2026-09-02T00:48:00,M01,12.490,2.054,26.238,20.417,45.443
2026-09-02T00:49:00,M01,12.430,1.960,26.479,20.336,44.977
2026-09-02T00:50:00,M01,12.566,2.014,26.424,20.394,46.417
2026-09-02T00:51:00,M01,12.582,2.008,26.433,20.247,44.495
2026-09-02T00:52:00,M01,12.420,1.961,26.322,20.726,47.037
2026-09-02T00:53:00,M01,12.589,1.943,26.562,20.641,46.384
2026-09-02T00:54:00,M01,12.566,1.934,26.536,20.665,46.174
2026-09-02T00:55:00,M01,12.385,2.028,26.573,20.965,43.890
2026-09-02T00:56:00,M01,12.560,2.045,26.529,20.599,45.771
2026-09-02T00:57:00,M01,12.444,2.003,26.290,20.505,46.466
2026-09-02T00:58:00,M01,12.485,1.987,26.720,20.776,43.962
2026-09-02T00:59:00,M01,12.608,1.967,26.494,20.839,46.229
2026-09-02T01:00:00,M01,12.424,1.942,26.499,20.753,44.487
2026-09-02T01:01:00,M01,12.604,1.946,26.570,20.795,45.214
2026-09-02T01:02:00,M01,12.654,2.000,26.554,20.735,43.834
2026-09-02T01:03:00,M01,12.501,1.992,26.646,20.566,43.539
2026-09-02T01:04:00,M01,12.667,1.993,26.537,20.914,45.570
2026-09-02T01:05:00,M01,12.478,2.027,26.700,20.996,45.383
2026-09-02T01:06:00,M01,12.482,1.947,26.702,20.756,45.640
2026-09-02T01:07:00,M01,12.445,1.970,26.552,20.799,43.613
2026-09-02T01:08:00,M01,12.464,1.952,26.655,20.982,44.730
2026-09-02T01:09:00,M01,12.514,2.013,26.774,20.762,47.102
2026-09-02T01:10:00,M01,12.550,2.034,26.529,20.693,44.086
2026-09-02T01:11:00,M01,12.500,2.050,26.579,20.971,43.187
2026-09-02T01:12:00,M01,12.633,1.978,26.748,20.725,45.194
2026-09-02T01:13:00,M01,12.462,1.970,26.752,20.574,45.500
2026-09-02T01:14:00,M01,12.405,1.960,26.707,20.735,45.102
2026-09-02T01:15:00,M01,12.548,1.984,26.742,21.000,45.139
2026-09-02T01:16:00,M01,12.415,2.010,26.715,20.630,43.551
2026-09-02T01:17:00,M01,12.546,1.955,26.722,20.892,45.839
2026-09-02T01:18:00,M01,12.540,1.927,26.883,20.999,46.363
2026-09-02T01:19:00,M01,12.581,2.002,26.783,20.959,44.713
2026-09-02T01:20:00,M01,12.626,1.972,26.791,20.467,44.218
2026-09-02T01:21:00,M01,12.489,2.027,26.809,20.695,45.660
2026-09-02T01:22:00,M01,12.643,2.072,26.845,20.737,45.169
2026-09-02T01:23:00,M01,12.520,1.993,26.879,20.689,45.411
2026-09-02T01:24:00,M01,12.625,1.945,26.746,20.677,46.264
2026-09-02T01:25:00,M01,12.422,1.932,27.084,20.812,43.634
2026-09-02T01:26:00,M01,12.578,2.051,27.047,20.691,44.685
2026-09-02T01:27:00,M01,12.482,2.057,26.880,20.772,46.359
2026-09-02T01:28:00,M01,12.496,1.923,26.843,20.847,46.443
2026-09-02T01:29:00,M01,12.685,2.017,27.049,20.898,45.225
2026-09-02T01:30:00,M01,12.605,1.963,26.835,20.783,44.524
2026-09-02T01:31:00,M01,12.615,2.013,26.870,20.559,45.910
2026-09-02T01:32:00,M01,12.391,2.058,26.657,21.152,45.570
2026-09-02T01:33:00,M01,12.368,1.961,27.066,20.999,45.277
2026-09-02T01:34:00,M01,12.541,1.979,26.932,20.744,45.369
2026-09-02T01:35:00,M01,12.519,2.054,26.676,20.926,47.466
2026-09-02T01:36:00,M01,12.454,2.046,26.626,20.826,44.564
2026-09-02T01:37:00,M01,12.679,2.000,27.125,20.939,44.490
2026-09-02T01:38:00,M01,12.792,1.975,26.942,20.749,44.496
2026-09-02T01:39:00,M01,12.565,1.988,27.023,20.681,43.330
2026-09-02T01:40:00,M01,12.575,2.004,26.992,20.705,45.577
2026-09-02T01:41:00,M01,12.574,1.999,26.973,20.985,44.025
2026-09-02T01:42:00,M01,12.556,1.900,27.075,20.961,45.024
2026-09-02T01:43:00,M01,12.691,2.082,27.115,20.932,43.501
2026-09-02T01:44:00,M01,12.618,1.941,26.914,20.907,46.043
2026-09-02T01:45:00,M01,12.537,2.027,26.807,20.762,45.809
2026-09-02T01:46:00,M01,12.615,1.909,26.787,20.561,44.905
2026-09-02T01:47:00,M01,12.579,2.034,26.928,20.742,45.522
2026-09-02T01:48:00,M01,12.595,2.040,26.841,20.980,43.826
2026-09-02T01:49:00,M01,12.434,1.972,27.135,20.841,46.346
2026-09-02T01:50:00,M01,12.497,2.015,27.035,20.926,43.225
2026-09-02T01:51:00,M01,12.596,2.016,26.888,20.487,43.857
2026-09-02T01:52:00,M01,12.471,1.989,27.106,20.657,44.183
2026-09-02T01:53:00,M01,12.435,1.998,26.865,20.740,43.972
2026-09-02T01:54:00,M01,12.481,2.019,26.843,20.919,44.050
2026-09-02T01:55:00,M01,12.626,1.992,27.158,20.813,44.050
2026-09-02T01:56:00,M01,12.515,1.972,26.939,20.815,46.826
2026-09-02T01:57:00,M01,12.565,2.045,26.918,20.840,46.635
2026-09-02T01:58:00,M01,12.592,2.031,26.861,20.480,43.931
2026-09-02T01:59:00,M01,12.605,2.076,27.124,20.516,46.111
2026-09-02T02:00:00,M01,12.731,1.990,26.869,20.811,46.657
2026-09-02T02:01:00,M01,12.658,1.971,26.810,21.111,43.391
2026-09-02T02:02:00,M01,12.562,1.957,26.871,20.787,47.528
2026-09-02T02:03:00,M01,12.545,2.002,27.077,20.644,44.569
2026-09-02T02:04:00,M01,12.651,2.027,27.155,20.577,47.313
2026-09-02T02:05:00,M01,12.567,1.980,26.912,20.575,45.820
2026-09-02T02:06:00,M01,12.528,2.020,26.970,20.686,44.750
2026-09-02T02:07:00,M01,12.709,2.041,26.858,20.781,46.460
2026-09-02T02:08:00,M01,12.747,2.017,27.049,20.424,45.904
2026-09-02T02:09:00,M01,12.643,2.018,27.031,20.700,45.959
2026-09-02T02:10:00,M01,12.501,1.953,26.983,20.848,42.650
2026-09-02T02:11:00,M01,12.591,2.122,26.753,20.747,44.357
2026-09-02T02:12:00,M01,12.716,2.068,26.825,21.005,43.695
2026-09-02T02:13:00,M01,12.608,2.025,26.855,21.024,44.927
2026-09-02T02:14:00,M01,12.570,1.951,27.064,20.849,45.489
2026-09-02T02:15:00,M01,12.517,1.985,26.968,20.940,44.809
2026-09-02T02:16:00,M01,12.634,1.921,26.875,20.437,44.693
2026-09-02T02:17:00,M01,12.646,2.005,26.960,21.012,45.639
2026-09-02T02:18:00,M01,12.533,2.012,27.203,20.757,44.817
2026-09-02T02:19:00,M01,12.663,1.994,27.011,20.719,44.409
2026-09-02T02:20:00,M01,12.652,1.974,27.047,20.863,46.046
2026-09-02T02:21:00,M01,12.488,1.991,27.082,21.238,46.650
2026-09-02T02:22:00,M01,12.628,1.981,27.046,20.410,45.995
2026-09-02T02:23:00,M01,12.649,1.953,26.826,20.680,44.954
2026-09-02T02:24:00,M01,12.564,2.014,27.068,20.589,44.892
2026-09-02T02:25:00,M01,12.547,2.038,26.879,21.121,45.540
2026-09-02T02:26:00,M01,12.604,2.036,27.126,20.813,44.434
2026-09-02T02:27:00,M01,12.764,1.990,26.915,20.670,43.199
2026-09-02T02:28:00,M01,12.624,1.977,26.875,20.866,45.492
2026-09-02T02:29:00,M01,12.623,1.956,27.096,20.621,44.640
2026-09-02T02:30:00,M01,12.559,1.948,27.266,21.061,43.135
2026-09-02T02:31:00,M01,12.624,1.942,27.060,20.888,46.836
2026-09-02T02:32:00,M01,12.556,2.040,26.918,20.775,44.463
2026-09-02T02:33:00,M01,12.649,1.910,26.949,20.887,45.123
2026-09-02T02:34:00,M01,12.539,2.029,27.133,21.075,43.050
2026-09-02T02:35:00,M01,12.554,2.032,26.752,20.771,45.761
2026-09-02T02:36:00,M01,12.565,1.956,27.136,20.563,44.019
2026-09-02T02:37:00,M01,12.569,2.091,27.022,20.650,45.624
2026-09-02T02:38:00,M01,12.622,1.996,27.048,20.591,43.708
2026-09-02T02:39:00,M01,12.500,2.030,27.251,21.013,45.480
2026-09-02T02:40:00,M01,12.537,1.942,27.061,20.537,45.325
2026-09-02T02:41:00,M01,12.602,2.004,26.907,20.493,44.632
2026-09-02T02:42:00,M01,12.689,2.060,26.851,20.632,45.751
2026-09-02T02:43:00,M01,12.823,2.013,26.780,20.699,46.682
2026-09-02T02:44:00,M01,12.611,1.938,27.206,20.718,43.896
2026-09-02T02:45:00,M01,12.535,1.887,26.923,21.180,45.106
2026-09-02T02:46:00,M01,12.496,2.014,26.924,20.648,46.483
2026-09-02T02:47:00,M01,12.520,2.064,26.981,20.886,45.158
2026-09-02T02:48:00,M01,12.652,1.984,27.087,20.728,45.143
2026-09-02T02:49:00,M01,12.505,1.954,26.935,20.709,46.395
2026-09-02T02:50:00,M01,12.799,2.069,26.928,20.830,44.613
2026-09-02T02:51:00,M01,12.664,2.033,27.254,20.767,45.753
2026-09-02T02:52:00,M01,12.602,2.009,26.983,20.858,44.084
2026-09-02T02:53:00,M01,12.545,1.948,26.894,20.710,44.840
2026-09-02T02:54:00,M01,12.576,1.950,26.879,20.831,46.193
2026-09-02T02:55:00,M01,12.555,1.980,27.175,20.513,46.226
2026-09-02T02:56:00,M01,12.542,2.001,26.961,21.090,45.532
2026-09-02T02:57:00,M01,12.682,2.001,26.881,20.995,46.613
2026-09-02T02:58:00,M01,12.495,2.083,26.935,20.933,46.284
2026-09-02T02:59:00,M01,12.456,1.955,27.154,20.885,44.664
2026-09-02T03:00:00,M01,12.637,1.991,26.635,21.268,42.307
2026-09-02T03:01:00,M01,12.619,2.033,26.956,20.640,44.613
2026-09-02T03:02:00,M01,12.500,2.087,26.899,20.784,47.039
2026-09-02T03:03:00,M01,12.609,2.032,26.956,20.639,46.076
2026-09-02T03:04:00,M01,12.739,1.988,26.942,20.859,44.796
2026-09-02T03:05:00,M01,12.520,2.011,27.038,21.121,44.972
2026-09-02T03:06:00,M01,12.640,2.101,26.934,20.657,44.821
2026-09-02T03:07:00,M01,12.569,1.991,26.787,20.900,44.059
2026-09-02T03:08:00,M01,12.536,2.028,27.257,21.019,45.210
2026-09-02T03:09:00,M01,12.576,2.042,26.924,20.872,46.040
2026-09-02T03:10:00,M01,12.547,2.019,26.996,20.777,44.431
2026-09-02T03:11:00,M01,12.719,1.929,27.001,20.815,45.040
2026-09-02T03:12:00,M01,12.588,2.006,26.901,20.854,42.370
2026-09-02T03:13:00,M01,12.608,2.017,26.972,20.718,45.200
2026-09-02T03:14:00,M01,12.678,1.996,26.931,20.986,45.584
2026-09-02T03:15:00,M01,12.575,1.962,27.021,20.689,46.241
2026-09-02T03:16:00,M01,12.407,2.029,27.179,20.982,44.489
2026-09-02T03:17:00,M01,12.685,2.044,27.004,20.596,43.351
2026-09-02T03:18:00,M01,12.526,1.970,27.057,20.984,42.771
2026-09-02T03:19:00,M01,12.714,1.998,26.949,20.911,43.771
2026-09-02T03:20:00,M01,12.601,2.069,27.136,20.798,46.092
2026-09-02T03:21:00,M01,12.452,2.012,27.120,20.865,44.960
2026-09-02T03:22:00,M01,12.695,1.998,26.799,21.041,44.301
2026-09-02T03:23:00,M01,12.600,2.046,27.030,21.016,45.227
2026-09-02T03:24:00,M01,12.555,2.029,26.883,20.963,44.742
2026-09-02T03:25:00,M01,12.522,1.993,27.240,20.935,45.021
2026-09-02T03:26:00,M01,12.767,1.988,26.997,20.724,46.438
2026-09-02T03:27:00,M01,12.559,2.008,26.860,20.613,44.826
2026-09-02T03:28:00,M01,12.703,2.088,26.845,20.774,43.300
2026-09-02T03:29:00,M01,12.618,2.033,26.814,20.693,44.303
2026-09-02T03:30:00,M01,12.801,1.991,26.992,20.709,45.859
2026-09-02T03:31:00,M01,12.735,1.952,27.143,20.804,46.352
2026-09-02T03:32:00,M01,12.657,1.926,27.016,20.711,45.484
2026-09-02T03:33:00,M01,12.692,1.929,26.896,20.786,45.347
2026-09-02T03:34:00,M01,12.597,2.002,27.142,20.779,45.262
2026-09-02T03:35:00,M01,12.368,1.935,27.047,20.392,45.443
2026-09-02T03:36:00,M01,12.600,1.968,26.940,20.946,45.387
2026-09-02T03:37:00,M01,12.556,2.009,27.162,20.796,44.603
2026-09-02T03:38:00,M01,12.608,1.959,26.800,20.953,44.326
2026-09-02T03:39:00,M01,12.536,2.081,26.983,20.565,43.807
2026-09-02T03:40:00,M01,12.636,2.009,26.971,20.885,46.666
2026-09-02T03:41:00,M01,12.476,2.020,27.214,20.914,43.642
2026-09-02T03:42:00,M01,12.715,1.972,27.066,21.014,46.769
2026-09-02T03:43:00,M01,12.445,2.016,27.095,20.737,44.978
2026-09-02T03:44:00,M01,12.706,1.902,27.033,20.573,44.268
2026-09-02T03:45:00,M01,12.519,1.999,27.002,21.116,44.762
2026-09-02T03:46:00,M01,12.631,2.011,27.200,20.824,45.162
2026-09-02T03:47:00,M01,12.600,1.997,27.136,20.803,45.074
2026-09-02T03:48:00,M01,12.667,1.979,27.128,20.698,45.751
2026-09-02T03:49:00,M01,12.620,1.996,26.836,20.931,45.014
2026-09-02T03:50:00,M01,12.542,2.023,27.248,20.871,44.646
2026-09-02T03:51:00,M01,12.658,2.026,26.844,20.617,43.941
2026-09-02T03:52:00,M01,12.575,2.012,27.264,20.834,46.577
2026-09-02T03:53:00,M01,12.737,2.035,27.060,20.946,45.670
2026-09-02T03:54:00,M01,12.671,1.923,26.757,21.086,44.909
2026-09-02T03:55:00,M01,12.569,1.971,26.951,20.856,45.203
2026-09-02T03:56:00,M01,12.647,2.027,26.872,20.602,42.870
2026-09-02T03:57:00,M01,12.601,1.969,26.916,20.776,45.032
2026-09-02T03:58:00,M01,12.674,2.019,27.154,20.628,45.659
2026-09-02T03:59:00,M01,12.507,1.970,27.060,20.813,43.635
2026-09-02T04:00:00,M01,12.735,2.037,27.010,21.039,44.014
2026-09-02T04:01:00,M01,12.570,1.950,27.080,21.085,42.243
2026-09-02T04:02:00,M01,12.489,1.987,26.804,21.262,44.261
2026-09-02T04:03:00,M01,12.537,1.956,26.936,20.837,46.905
2026-09-02T04:04:00,M01,12.739,1.953,27.009,20.722,43.298
2026-09-02T04:05:00,M01,12.578,2.011,26.895,20.697,43.876
2026-09-02T04:06:00,M01,12.564,1.994,27.024,20.582,45.253
2026-09-02T04:07:00,M01,12.639,1.983,27.005,20.892,46.050
2026-09-02T04:08:00,M01,12.686,1.956,26.973,20.823,45.158
2026-09-02T04:09:00,M01,12.513,1.992,27.127,20.675,46.642
2026-09-02T04:10:00,M01,12.607,2.024,27.002,20.847,46.016
2026-09-02T04:11:00,M01,12.694,1.990,26.679,20.588,44.071
2026-09-02T04:12:00,M01,12.638,1.964,27.342,20.901,43.581
2026-09-02T04:13:00,M01,12.736,2.030,26.858,20.984,44.484
2026-09-02T04:14:00,M01,12.551,2.026,27.077,20.721,44.833
2026-09-02T04:15:00,M01,12.644,1.997,27.061,21.111,46.013
2026-09-02T04:16:00,M01,12.629,1.930,27.018,20.713,45.796
2026-09-02T04:17:00,M01,12.640,1.953,27.123,20.670,44.969
2026-09-02T04:18:00,M01,12.571,2.000,27.146,21.114,43.038
2026-09-02T04:19:00,M01,12.660,2.042,26.934,20.817,44.790
2026-09-02T04:20:00,M01,12.582,1.947,26.785,20.573,46.416
2026-09-02T04:21:00,M01,12.657,2.017,27.089,20.940,46.000
2026-09-02T04:22:00,M01,12.550,1.976,27.014,20.755,43.661
2026-09-02T04:23:00,M01,12.759,2.094,26.881,20.868,44.961
2026-09-02T04:24:00,M01,12.663,1.997,27.230,20.881,44.662
2026-09-02T04:25:00,M01,12.591,2.038,26.901,20.957,45.742
2026-09-02T04:26:00,M01,12.582,2.014,27.104,20.827,44.984
2026-09-02T04:27:00,M01,12.574,2.000,26.853,20.914,44.647
2026-09-02T04:28:00,M01,12.555,2.018,27.017,20.958,45.502
2026-09-02T04:29:00,M01,12.585,1.998,26.963,20.577,44.864
2026-09-02T04:30:00,M01,12.668,1.962,27.041,20.934,43.524
2026-09-02T04:31:00,M01,12.667,2.011,26.759,20.442,47.157
2026-09-02T04:32:00,M01,12.713,2.056,27.012,20.597,46.487
2026-09-02T04:33:00,M01,12.646,2.021,27.132,20.980,43.456
2026-09-02T04:34:00,M01,12.613,2.000,27.107,20.776,44.803
2026-09-02T04:35:00,M01,12.722,2.051,27.143,20.660,44.907
2026-09-02T04:36:00,M01,12.503,1.961,27.022,20.585,45.589
2026-09-02T04:37:00,M01,12.579,1.985,27.083,20.885,45.397
2026-09-02T04:38:00,M01,12.456,2.091,26.909,20.735,43.017
2026-09-02T04:39:00,M01,12.535,2.035,26.634,20.552,44.552
2026-09-02T04:40:00,M01,12.531,1.980,26.782,20.847,46.299
2026-09-02T04:41:00,M01,12.712,2.022,26.858,20.698,44.339
2026-09-02T04:42:00,M01,12.707,1.969,26.980,20.820,43.711
2026-09-02T04:43:00,M01,12.654,2.050,26.742,20.926,44.685
2026-09-02T04:44:00,M01,12.655,2.088,27.042,20.730,44.100
2026-09-02T04:45:00,M01,12.649,2.023,27.113,20.862,43.382
2026-09-02T04:46:00,M01,12.578,2.007,27.105,21.052,45.309
2026-09-02T04:47:00,M01,12.510,1.905,26.895,20.587,45.258
2026-09-02T04:48:00,M01,12.699,2.048,26.937,20.968,45.014
2026-09-02T04:49:00,M01,12.719,1.949,26.991,21.074,44.176
2026-09-02T04:50:00,M01,12.612,1.982,26.820,20.678,43.940
2026-09-02T04:51:00,M01,12.662,1.948,27.069,20.825,46.140
2026-09-02T04:52:00,M01,12.672,2.061,27.249,20.636,43.780
2026-09-02T04:53:00,M01,12.686,2.026,27.047,20.647,46.363
2026-09-02T04:54:00,M01,12.597,1.995,27.164,20.889,46.462
2026-09-02T04:55:00,M01,12.630,1.985,26.921,20.748,44.692
2026-09-02T04:56:00,M01,12.573,2.003,26.888,20.584,46.554
2026-09-02T04:57:00,M01,12.761,2.041,26.683,20.687,44.548
2026-09-02T04:58:00,M01,12.584,1.973,27.173,20.778,46.047
2026-09-02T04:59:00,M01,12.539,2.059,26.961,20.606,44.816
2026-09-02T05:00:00,M01,12.586,1.968,27.088,20.973,44.777
2026-09-02T05:01:00,M01,12.838,1.992,27.239,20.774,45.438
2026-09-02T05:02:00,M01,12.616,2.002,26.957,20.728,43.533
2026-09-02T05:03:00,M01,12.615,1.972,26.988,20.768,44.456
2026-09-02T05:04:00,M01,12.763,1.951,26.930,20.748,43.759
2026-09-02T05:05:00,M01,12.676,2.041,27.018,21.377,45.892
2026-09-02T05:06:00,M01,12.528,2.048,27.231,20.733,46.946
2026-09-02T05:07:00,M01,12.500,1.998,26.890,20.914,43.813
2026-09-02T05:08:00,M01,12.428,1.999,27.144,20.753,45.336
2026-09-02T05:09:00,M01,12.504,1.944,27.011,20.850,44.713
2026-09-02T05:10:00,M01,12.707,1.948,26.964,20.793,45.780
2026-09-02T05:11:00,M01,12.779,1.963,27.111,20.773,44.486
2026-09-02T05:12:00,M01,12.578,2.014,26.649,20.795,45.082
2026-09-02T05:13:00,M01,12.566,2.103,27.256,20.913,45.257
2026-09-02T05:14:00,M01,12.724,1.980,26.887,20.922,43.955
2026-09-02T05:15:00,M01,12.729,1.929,26.991,20.821,45.285
2026-09-02T05:16:00,M01,12.580,1.985,27.266,20.977,44.184
2026-09-02T05:17:00,M01,12.658,1.995,26.967,20.752,43.329
2026-09-02T05:18:00,M01,12.683,2.063,27.257,20.734,45.673
2026-09-02T05:19:00,M01,12.576,1.945,27.114,20.509,43.873
2026-09-02T05:20:00,M01,12.636,2.037,26.873,21.117,45.179
2026-09-02T05:21:00,M01,12.599,2.037,27.047,21.190,46.256
2026-09-02T05:22:00,M01,12.669,2.034,26.863,20.668,44.134
2026-09-02T05:23:00,M01,12.656,1.991,27.168,20.702,45.081
2026-09-02T05:24:00,M01,12.685,2.014,26.858,21.192,45.933
2026-09-02T05:25:00,M01,12.742,2.063,27.057,20.885,45.678
2026-09-02T05:26:00,M01,12.671,1.957,27.058,20.621,45.768
2026-09-02T05:27:00,M01,12.818,2.009,27.069,20.640,44.693
2026-09-02T05:28:00,M01,12.575,1.981,26.881,20.936,44.590
2026-09-02T05:29:00,M01,12.632,1.964,26.976,20.710,44.008
2026-09-02T05:30:00,M01,12.528,1.945,27.048,20.749,43.432
2026-09-02T05:31:00,M01,12.639,2.016,27.036,20.905,44.472
2026-09-02T05:32:00,M01,12.655,1.982,27.002,20.914,46.026
2026-09-02T05:33:00,M01,12.540,1.984,27.078,20.549,43.644
2026-09-02T05:34:00,M01,12.546,1.960,27.112,20.893,46.003
2026-09-02T05:35:00,M01,12.575,1.985,27.042,20.444,44.259
2026-09-02T05:36:00,M01,12.532,1.997,27.018,20.891,44.494
2026-09-02T05:37:00,M01,12.822,1.969,27.237,20.492,45.129
2026-09-02T05:38:00,M01,12.769,2.089,27.136,20.623,44.139
2026-09-02T05:39:00,M01,12.555,2.011,26.893,20.757,46.603
2026-09-02T05:40:00,M01,12.436,1.958,26.950,21.027,44.652
2026-09-02T05:41:00,M01,12.726,1.962,26.958,20.982,45.612
2026-09-02T05:42:00,M01,12.576,2.008,27.086,20.689,46.862
2026-09-02T05:43:00,M01,12.727,2.018,27.012,20.745,43.755
2026-09-02T05:44:00,M01,12.666,2.042,26.949,20.624,44.597
2026-09-02T05:45:00,M01,12.599,2.044,26.876,20.716,45.738
2026-09-02T05:46:00,M01,12.793,2.024,26.885,20.618,44.158
2026-09-02T05:47:00,M01,12.622,1.998,26.917,20.769,44.919
2026-09-02T05:48:00,M01,12.607,1.965,26.841,21.064,44.910
2026-09-02T05:49:00,M01,12.598,2.050,26.958,20.833,44.749
2026-09-02T05:50:00,M01,12.512,2.010,27.140,21.011,45.660
2026-09-02T05:51:00,M01,12.664,2.061,26.837,20.609,45.876
2026-09-02T05:52:00,M01,12.563,1.959,27.206,20.592,45.127
2026-09-02T05:53:00,M01,12.586,2.098,27.336,20.714,43.925
2026-09-02T05:54:00,M01,12.526,1.922,27.050,20.612,43.450
2026-09-02T05:55:00,M01,12.537,1.954,27.025,20.767,46.225
2026-09-02T05:56:00,M01,12.742,2.050,27.246,20.996,45.092
2026-09-02T05:57:00,M01,12.603,1.932,26.841,20.929,42.468
2026-09-02T05:58:00,M01,12.488,1.997,26.860,20.844,44.803
2026-09-02T05:59:00,M01,12.527,1.903,27.012,20.575,44.698
2026-09-02T06:00:00,M01,12.694,2.031,27.205,20.553,45.744
2026-09-02T06:01:00,M01,12.504,2.018,26.930,20.689,46.135
2026-09-02T06:02:00,M01,12.503,1.971,27.266,20.654,45.721
2026-09-02T06:03:00,M01,12.702,1.988,26.872,20.690,43.908
2026-09-02T06:04:00,M01,12.617,1.987,27.171,20.918,44.809
2026-09-02T06:05:00,M01,12.624,2.050,27.224,20.748,44.965
2026-09-02T06:06:00,M01,12.707,2.018,27.106,20.961,44.327
2026-09-02T06:07:00,M01,12.721,2.041,27.110,20.754,44.620
2026-09-02T06:08:00,M01,12.577,1.998,26.806,21.007,44.190
2026-09-02T06:09:00,M01,12.653,1.976,26.755,20.973,45.438
2026-09-02T06:10:00,M01,12.699,2.040,26.871,20.789,43.130
2026-09-02T06:11:00,M01,12.528,2.036,26.796,20.749,46.030
2026-09-02T06:12:00,M01,12.641,2.033,27.237,20.376,43.185
2026-09-02T06:13:00,M01,12.818,2.026,27.011,20.846,45.049
2026-09-02T06:14:00,M01,12.600,1.995,27.094,20.919,46.071
2026-09-02T06:15:00,M01,12.516,2.061,26.637,20.821,45.374
2026-09-02T06:16:00,M01,12.766,1.953,26.843,20.713,45.467
2026-09-02T06:17:00,M01,12.611,2.029,26.907,20.695,45.159
2026-09-02T06:18:00,M01,12.618,1.983,27.096,20.624,44.452
2026-09-02T06:19:00,M01,12.569,1.957,26.967,20.565,45.592
2026-09-02T06:20:00,M01,12.600,1.992,26.881,20.633,44.784
2026-09-02T06:21:00,M01,12.615,2.000,26.945,20.661,44.945
2026-09-02T06:22:00,M01,12.563,2.009,27.098,20.935,44.358
2026-09-02T06:23:00,M01,12.500,1.993,27.177,21.218,45.140
2026-09-02T06:24:00,M01,12.568,1.948,26.981,20.729,44.201
2026-09-02T06:25:00,M01,12.533,2.075,27.114,20.915,44.378
2026-09-02T06:26:00,M01,12.427,2.013,26.964,20.871,44.290
2026-09-02T06:27:00,M01,12.470,1.905,27.065,20.990,41.658
2026-09-02T06:28:00,M01,12.570,1.994,26.792,20.629,45.758
2026-09-02T06:29:00,M01,12.597,1.994,27.269,20.958,43.600
2026-09-02T06:30:00,M01,12.500,1.940,26.908,20.995,45.055
2026-09-02T06:31:00,M01,12.565,2.004,26.992,21.135,46.928
2026-09-02T06:32:00,M01,12.654,1.914,26.985,21.216,44.167
2026-09-02T06:33:00,M01,12.708,1.983,26.972,20.721,45.862
2026-09-02T06:34:00,M01,12.732,2.052,27.001,21.253,44.688
2026-09-02T06:35:00,M01,12.581,1.962,26.945,20.788,45.962
2026-09-02T06:36:00,M01,12.480,1.966,26.961,20.879,44.179
2026-09-02T06:37:00,M01,12.555,1.991,27.009,21.004,45.332
2026-09-02T06:38:00,M01,12.554,2.007,27.056,20.739,44.991
2026-09-02T06:39:00,M01,12.555,2.052,27.194,20.788,42.721
2026-09-02T06:40:00,M01,12.586,2.112,26.946,20.975,44.359
2026-09-02T06:41:00,M01,12.507,2.057,27.388,20.764,43.712
2026-09-02T06:42:00,M01,12.565,1.936,26.858,20.845,43.378
2026-09-02T06:43:00,M01,12.639,1.993,27.190,20.642,45.732
2026-09-02T06:44:00,M01,12.572,2.028,26.928,20.782,45.694
2026-09-02T06:45:00,M01,12.714,2.020,26.965,20.551,46.833
2026-09-02T06:46:00,M01,12.412,2.038,26.994,20.925,45.338
2026-09-02T06:47:00,M01,12.600,1.999,27.158,20.757,44.420
2026-09-02T06:48:00,M01,12.656,2.019,27.039,21.057,46.191
2026-09-02T06:49:00,M01,12.582,2.029,26.746,20.711,44.245
2026-09-02T06:50:00,M01,12.566,2.107,27.100,20.872,47.404
2026-09-02T06:51:00,M01,12.708,2.036,27.126,21.012,44.626
2026-09-02T06:52:00,M01,12.539,2.005,27.136,20.616,44.445
2026-09-02T06:53:00,M01,12.774,2.035,27.031,20.587,43.921
2026-09-02T06:54:00,M01,12.604,1.944,26.971,21.014,45.025
2026-09-02T06:55:00,M01,12.420,1.988,26.982,20.679,43.546
2026-09-02T06:56:00,M01,12.512,1.976,26.787,20.784,45.972
2026-09-02T06:57:00,M01,12.629,1.934,27.079,20.895,44.600
2026-09-02T06:58:00,M01,12.525,2.002,27.228,20.796,43.822
2026-09-02T06:59:00,M01,12.647,1.988,26.757,20.470,43.403
2026-09-02T07:00:00,M01,12.626,1.963,27.156,21.057,44.119
2026-09-02T07:01:00,M01,12.633,2.079,26.807,20.811,44.320
2026-09-02T07:02:00,M01,12.608,2.013,27.122,20.890,46.122
2026-09-02T07:03:00,M01,12.696,1.971,27.056,20.737,44.098
2026-09-02T07:04:00,M01,12.626,2.002,26.713,20.762,45.829
2026-09-02T07:05:00,M01,12.552,2.064,26.958,20.744,44.893
2026-09-02T07:06:00,M01,12.692,2.025,26.991,20.739,44.759
2026-09-02T07:07:00,M01,12.573,2.029,26.785,20.857,45.739
2026-09-02T07:08:00,M01,12.628,2.025,27.044,20.986,47.197
2026-09-02T07:09:00,M01,12.528,2.026,26.985,20.912,45.833
2026-09-02T07:10:00,M01,12.561,2.014,26.830,20.849,44.049
2026-09-02T07:11:00,M01,12.582,1.947,27.008,20.681,44.861
2026-09-02T07:12:00,M01,12.683,1.943,27.127,21.039,46.197
2026-09-02T07:13:00,M01,12.593,2.076,26.958,20.532,45.106
2026-09-02T07:14:00,M01,12.512,1.947,27.267,20.820,45.832
2026-09-02T07:15:00,M01,12.470,1.992,27.181,20.683,43.126
2026-09-02T07:16:00,M01,12.577,2.001,26.862,20.746,44.438
2026-09-02T07:17:00,M01,12.614,2.038,26.995,20.425,42.953
2026-09-02T07:18:00,M01,12.676,2.038,26.991,20.486,44.493
2026-09-02T07:19:00,M01,12.720,1.985,26.926,20.664,46.084
2026-09-02T07:20:00,M01,12.444,2.053,26.878,20.542,43.334
2026-09-02T07:21:00,M01,12.824,1.947,26.908,20.829,45.447
2026-09-02T07:22:00,M01,12.461,1.983,26.907,20.493,45.155
2026-09-02T07:23:00,M01,12.447,2.066,27.129,21.051,45.128
2026-09-02T07:24:00,M01,12.592,1.942,27.101,20.848,44.674
2026-09-02T07:25:00,M01,12.590,2.071,27.198,20.953,44.622
2026-09-02T07:26:00,M01,12.649,2.009,27.143,20.687,42.508
2026-09-02T07:27:00,M01,12.520,1.941,27.091,20.987,45.001
2026-09-02T07:28:00,M01,12.607,2.008,26.936,20.732,46.279
2026-09-02T07:29:00,M01,12.596,2.052,27.135,20.735,45.273
2026-09-02T07:30:00,M01,12.612,2.014,27.000,20.830,45.392
2026-09-02T07:31:00,M01,12.608,1.978,26.872,20.758,46.706
2026-09-02T07:32:00,M01,12.545,1.979,26.842,20.885,43.975
2026-09-02T07:33:00,M01,12.679,2.025,27.141,20.785,43.160
2026-09-02T07:34:00,M01,12.656,1.932,26.838,20.993,45.474
2026-09-02T07:35:00,M01,12.659,2.003,27.059,20.949,44.983
2026-09-02T07:36:00,M01,12.628,1.986,27.325,20.665,43.415
2026-09-02T07:37:00,M01,12.691,1.982,27.023,20.762,45.306
2026-09-02T07:38:00,M01,12.608,1.975,27.148,20.910,43.684
2026-09-02T07:39:00,M01,12.650,2.053,27.105,20.773,46.188
2026-09-02T07:40:00,M01,12.555,1.957,26.863,20.899,45.307
2026-09-02T07:41:00,M01,12.655,2.034,26.922,20.964,44.002
2026-09-02T07:42:00,M01,12.485,1.988,26.852,20.809,46.417
2026-09-02T07:43:00,M01,12.756,2.062,27.053,20.700,45.973
2026-09-02T07:44:00,M01,12.533,2.042,26.995,21.233,44.273
2026-09-02T07:45:00,M01,12.581,2.026,27.234,20.496,45.170
2026-09-02T07:46:00,M01,12.541,1.981,26.834,20.936,45.894
2026-09-02T07:47:00,M01,12.622,2.044,26.983,20.927,45.882
2026-09-02T07:48:00,M01,12.645,2.004,27.097,20.533,43.100
2026-09-02T07:49:00,M01,12.612,1.955,26.920,20.776,45.078
2026-09-02T07:50:00,M01,12.688,1.926,27.385,20.613,46.794
2026-09-02T07:51:00,M01,12.494,2.003,27.039,20.725,45.028
2026-09-02T07:52:00,M01,12.501,2.003,27.311,20.686,43.931
2026-09-02T07:53:00,M01,12.719,2.046,26.916,20.787,45.232
2026-09-02T07:54:00,M01,12.636,2.048,27.076,20.798,44.798
2026-09-02T07:55:00,M01,12.493,2.089,27.102,20.816,44.216
2026-09-02T07:56:00,M01,12.708,2.040,27.287,20.482,45.122
2026-09-02T07:57:00,M01,12.537,2.003,27.075,20.893,44.865
2026-09-02T07:58:00,M01,12.650,2.027,27.293,20.966,45.032
2026-09-02T07:59:00,M01,12.841,1.970,27.029,20.933,45.558
2026-09-02T08:00:00,M01,11.910,1.769,24.026,19.781,44.354
2026-09-02T08:01:00,M01,12.011,1.782,24.105,20.023,43.831
2026-09-02T08:02:00,M01,11.925,1.870,24.147,19.650,43.316
2026-09-02T08:03:00,M01,11.980,1.900,24.477,20.452,45.971
2026-09-02T08:04:00,M01,12.021,1.883,24.314,20.094,43.520
2026-09-02T08:05:00,M01,12.128,1.829,24.307,20.286,45.994
2026-09-02T08:06:00,M01,12.179,1.881,24.407,20.141,42.973
2026-09-02T08:07:00,M01,12.163,1.803,24.679,20.233,42.752
2026-09-02T08:08:00,M01,12.276,1.848,24.719,20.064,43.252
2026-09-02T08:09:00,M01,12.412,1.844,24.657,20.230,42.885
2026-09-02T08:10:00,M01,12.323,1.824,24.895,20.068,45.937
2026-09-02T08:11:00,M01,12.302,1.885,24.877,19.974,43.271
2026-09-02T08:12:00,M01,12.245,1.869,25.166,20.290,44.218
2026-09-02T08:13:00,M01,12.203,1.870,25.404,20.385,45.314
2026-09-02T08:14:00,M01,12.164,1.830,24.858,20.216,43.348
2026-09-02T08:15:00,M01,12.153,1.788,25.374,20.538,43.951
2026-09-02T08:16:00,M01,12.308,1.769,25.245,20.152,43.100
2026-09-02T08:17:00,M01,12.364,1.906,25.095,20.227,44.179
2026-09-02T08:18:00,M01,12.263,1.846,25.228,20.007,44.084
2026-09-02T08:19:00,M01,12.110,1.902,25.393,20.522,43.752
2026-09-02T08:20:00,M01,12.433,2.000,25.233,20.384,44.780
2026-09-02T08:21:00,M01,12.379,2.007,25.721,20.232,44.366
2026-09-02T08:22:00,M01,12.324,1.870,25.732,20.511,46.126
2026-09-02T08:23:00,M01,12.436,1.886,25.450,20.429,43.464
2026-09-02T08:24:00,M01,12.396,1.835,25.676,20.595,44.606
2026-09-02T08:25:00,M01,12.287,1.910,25.684,20.541,43.934
2026-09-02T08:26:00,M01,12.377,1.893,25.812,20.374,43.556
2026-09-02T08:27:00,M01,12.380,1.952,25.733,20.411,46.392
2026-09-02T08:28:00,M01,12.521,1.945,25.812,20.503,45.665
2026-09-02T08:29:00,M01,12.397,1.881,25.600,20.533,45.110
2026-09-02T08:30:00,M01,12.429,1.958,26.007,20.316,46.341
2026-09-02T08:31:00,M01,12.273,1.960,26.062,20.698,46.703
2026-09-02T08:32:00,M01,12.428,1.952,26.144,20.364,45.032
2026-09-02T08:33:00,M01,12.386,1.927,25.981,20.215,44.964
2026-09-02T08:34:00,M01,12.372,1.775,25.937,20.424,44.043
2026-09-02T08:35:00,M01,12.497,1.929,26.151,21.146,43.932
2026-09-02T08:36:00,M01,12.365,2.007,26.253,20.537,45.682
2026-09-02T08:37:00,M01,12.282,1.980,26.357,20.512,44.422
2026-09-02T08:38:00,M01,12.626,1.889,26.019,20.539,46.344
2026-09-02T08:39:00,M01,12.435,1.946,26.302,20.575,45.178
2026-09-02T08:40:00,M01,12.342,2.008,26.112,20.351,44.520
2026-09-02T08:41:00,M01,12.314,1.892,26.260,20.666,43.788
2026-09-02T08:42:00,M01,12.468,1.944,26.033,20.444,46.640
2026-09-02T08:43:00,M01,12.552,1.883,26.493,20.900,44.300
2026-09-02T08:44:00,M01,12.518,1.898,26.385,20.836,45.291
2026-09-02T08:45:00,M01,12.452,2.001,26.215,20.910,44.974
2026-09-02T08:46:00,M01,12.323,1.937,26.386,20.853,43.217
2026-09-02T08:47:00,M01,12.413,1.904,26.374,20.496,45.962
2026-09-02T08:48:00,M01,12.545,1.874,26.120,20.733,44.626
2026-09-02T08:49:00,M01,12.395,1.914,26.311,20.634,44.071
2026-09-02T08:50:00,M01,12.409,1.973,26.273,20.273,42.100
2026-09-02T08:51:00,M01,12.577,1.930,26.292,20.384,45.839
2026-09-02T08:52:00,M01,12.583,1.961,26.431,20.322,44.253
2026-09-02T08:53:00,M01,12.442,1.996,26.256,20.847,48.076
2026-09-02T08:54:00,M01,12.530,1.911,26.430,20.549,45.206
2026-09-02T08:55:00,M01,12.426,2.004,26.541,20.806,45.943
2026-09-02T08:56:00,M01,12.386,1.990,26.541,20.691,44.102
2026-09-02T08:57:00,M01,12.555,2.022,26.502,20.805,44.935
2026-09-02T08:58:00,M01,12.506,1.896,26.541,20.716,45.767
2026-09-02T08:59:00,M01,12.396,1.939,26.289,20.570,47.889
2026-09-02T09:00:00,M01,12.450,1.942,26.842,20.481,44.874
2026-09-02T09:01:00,M01,12.456,1.898,26.489,20.930,46.563
2026-09-02T09:02:00,M01,12.588,1.995,26.636,20.674,46.341
2026-09-02T09:03:00,M01,12.506,1.965,26.764,20.595,44.208
2026-09-02T09:04:00,M01,12.484,2.033,26.695,20.689,44.418
2026-09-02T09:05:00,M01,12.571,2.071,26.784,20.670,44.394
2026-09-02T09:06:00,M01,12.550,2.014,26.736,20.995,43.322
2026-09-02T09:07:00,M01,12.408,1.932,26.594,20.597,43.930
2026-09-02T09:08:00,M01,12.641,1.965,26.825,20.518,42.440
2026-09-02T09:09:00,M01,12.619,1.955,26.755,20.525,46.536
2026-09-02T09:10:00,M01,12.637,1.968,26.889,20.735,44.461
2026-09-02T09:11:00,M01,12.462,1.927,26.737,20.853,44.679
2026-09-02T09:12:00,M01,12.689,1.925,26.764,20.553,44.289
2026-09-02T09:13:00,M01,12.333,2.010,26.855,20.828,45.715
2026-09-02T09:14:00,M01,12.516,2.032,26.948,20.821,43.031
2026-09-02T09:15:00,M01,12.524,1.910,26.745,20.871,44.714
2026-09-02T09:16:00,M01,12.685,1.956,26.629,20.743,46.236
2026-09-02T09:17:00,M01,12.560,1.962,26.943,20.898,43.087
2026-09-02T09:18:00,M01,12.338,2.053,26.863,20.627,43.576
2026-09-02T09:19:00,M01,12.399,2.011,26.713,20.423,44.976
2026-09-02T09:20:00,M01,12.444,1.970,27.046,20.778,44.387
2026-09-02T09:21:00,M01,12.469,1.982,26.569,20.460,43.301
2026-09-02T09:22:00,M01,12.589,2.020,26.976,20.756,45.259
2026-09-02T09:23:00,M01,12.604,1.939,26.773,20.722,45.038
2026-09-02T09:24:00,M01,12.551,2.001,26.844,20.858,45.905
2026-09-02T09:25:00,M01,12.652,2.026,27.019,20.866,44.316
2026-09-02T09:26:00,M01,12.668,2.045,26.932,20.763,43.738
2026-09-02T09:27:00,M01,12.535,1.971,26.535,21.035,43.711
2026-09-02T09:28:00,M01,12.610,2.015,26.729,20.756,45.278
2026-09-02T09:29:00,M01,12.617,2.025,26.794,20.466,47.384
2026-09-02T09:30:00,M01,12.481,2.024,26.933,20.649,47.591
2026-09-02T09:31:00,M01,12.568,2.004,26.900,20.719,45.351
2026-09-02T09:32:00,M01,12.536,2.074,26.498,20.985,42.534
2026-09-02T09:33:00,M01,12.652,1.973,26.784,20.493,44.866
2026-09-02T09:34:00,M01,12.516,1.921,26.891,20.841,46.257
2026-09-02T09:35:00,M01,12.712,2.046,26.477,21.067,44.883
2026-09-02T09:36:00,M01,12.615,2.035,26.660,20.544,45.758
2026-09-02T09:37:00,M01,12.708,2.002,26.804,20.528,45.660
2026-09-02T09:38:00,M01,12.459,1.933,27.125,21.077,44.754
2026-09-02T09:39:00,M01,12.641,2.049,26.776,21.168,44.770
2026-09-02T09:40:00,M01,12.365,1.990,26.795,21.130,44.762
2026-09-02T09:41:00,M01,12.517,1.993,26.721,20.895,45.211
2026-09-02T09:42:00,M01,12.544,1.967,26.799,20.519,46.330
2026-09-02T09:43:00,M01,12.455,1.941,26.960,21.183,44.773
2026-09-02T09:44:00,M01,12.558,2.005,26.882,20.971,46.083
2026-09-02T09:45:00,M01,12.724,1.983,26.832,21.314,42.866
2026-09-02T09:46:00,M01,12.370,2.010,26.762,20.968,42.682
2026-09-02T09:47:00,M01,12.548,1.945,27.072,20.705,45.496
2026-09-02T09:48:00,M01,12.597,1.974,26.928,20.760,44.247
2026-09-02T09:49:00,M01,12.567,1.951,26.773,20.859,46.466
2026-09-02T09:50:00,M01,12.547,2.015,27.070,20.908,43.691
2026-09-02T09:51:00,M01,12.607,1.985,26.759,20.810,44.927
2026-09-02T09:52:00,M01,12.721,2.049,26.817,20.823,44.656
2026-09-02T09:53:00,M01,12.734,2.037,26.936,20.662,44.819
2026-09-02T09:54:00,M01,12.541,2.045,26.936,20.568,47.259
2026-09-02T09:55:00,M01,12.563,1.990,27.074,20.984,46.610
2026-09-02T09:56:00,M01,12.616,2.001,27.080,20.778,43.607
2026-09-02T09:57:00,M01,12.648,2.024,26.784,21.000,45.341
2026-09-02T09:58:00,M01,12.630,2.041,27.016,20.728,44.114
2026-09-02T09:59:00,M01,12.609,1.996,26.887,20.598,42.927
2026-09-02T10:00:00,M01,12.689,2.031,26.849,21.061,44.747
2026-09-02T10:01:00,M01,12.714,1.979,26.775,20.774,42.318
2026-09-02T10:02:00,M01,12.727,2.009,26.845,20.914,44.454
2026-09-02T10:03:00,M01,12.558,2.089,26.901,20.821,43.963
2026-09-02T10:04:00,M01,12.621,2.013,26.815,20.888,44.544
2026-09-02T10:05:00,M01,12.584,2.015,27.055,21.011,45.420
2026-09-02T10:06:00,M01,12.529,2.014,26.787,20.757,44.576
2026-09-02T10:07:00,M01,12.608,2.044,27.187,20.948,46.114
2026-09-02T10:08:00,M01,12.685,2.056,26.768,21.245,44.374
2026-09-02T10:09:00,M01,12.751,2.000,26.847,20.686,46.181
2026-09-02T10:10:00,M01,12.558,2.049,26.829,20.636,44.380
2026-09-02T10:11:00,M01,12.572,1.950,26.897,20.431,45.183
2026-09-02T10:12:00,M01,12.648,1.987,27.019,20.621,45.027
2026-09-02T10:13:00,M01,12.483,2.024,26.984,20.800,44.472
2026-09-02T10:14:00,M01,12.593,1.963,26.846,20.897,44.768
2026-09-02T10:15:00,M01,12.528,2.040,26.979,20.981,44.982
2026-09-02T10:16:00,M01,12.672,2.012,26.876,20.736,43.928
2026-09-02T10:17:00,M01,12.556,2.019,27.005,20.745,45.409
2026-09-02T10:18:00,M01,12.487,1.979,26.804,20.928,45.717
2026-09-02T10:19:00,M01,12.650,2.009,27.107,20.624,45.028
2026-09-02T10:20:00,M01,12.533,2.060,26.690,20.628,45.537
2026-09-02T10:21:00,M01,12.412,1.921,27.024,20.991,45.998
2026-09-02T10:22:00,M01,12.716,1.990,27.060,20.758,46.751
2026-09-02T10:23:00,M01,12.402,1.984,27.001,20.843,44.210
2026-09-02T10:24:00,M01,12.493,1.988,26.987,20.837,46.807
2026-09-02T10:25:00,M01,12.642,2.018,26.814,20.806,44.992
2026-09-02T10:26:00,M01,12.660,2.084,27.071,20.934,46.171
2026-09-02T10:27:00,M01,12.683,1.962,27.003,20.921,46.436
2026-09-02T10:28:00,M01,12.569,2.020,26.967,20.819,45.882
2026-09-02T10:29:00,M01,12.674,2.016,26.942,20.569,44.308
2026-09-02T10:30:00,M01,12.680,1.910,27.079,20.829,43.760
2026-09-02T10:31:00,M01,12.635,1.955,26.826,20.958,46.539
2026-09-02T10:32:00,M01,12.579,1.979,26.742,20.971,44.895
2026-09-02T10:33:00,M01,12.532,2.046,26.882,20.900,46.504
2026-09-02T10:34:00,M01,12.678,1.998,26.852,20.831,45.705
2026-09-02T10:35:00,M01,12.573,1.973,26.876,20.758,45.900
2026-09-02T10:36:00,M01,12.708,1.982,26.887,20.987,46.535
2026-09-02T10:37:00,M01,12.649,1.947,26.927,20.729,45.773
2026-09-02T10:38:00,M01,12.551,1.968,26.999,20.576,43.540
2026-09-02T10:39:00,M01,12.616,1.932,27.101,20.561,42.946
2026-09-02T10:40:00,M01,12.709,1.962,26.834,20.881,47.213
2026-09-02T10:41:00,M01,12.492,1.920,27.040,20.977,45.148
2026-09-02T10:42:00,M01,12.720,1.962,27.138,20.944,44.320
2026-09-02T10:43:00,M01,12.607,2.025,26.852,20.755,45.098
2026-09-02T10:44:00,M01,12.599,2.010,26.961,20.708,46.121
2026-09-02T10:45:00,M01,12.569,1.960,26.829,20.876,44.953
2026-09-02T10:46:00,M01,12.638,1.992,27.082,21.118,45.378
2026-09-02T10:47:00,M01,12.745,2.031,26.759,21.033,45.228
2026-09-02T10:48:00,M01,12.495,1.962,26.899,20.895,43.780
2026-09-02T10:49:00,M01,12.682,1.971,27.005,20.638,43.156
2026-09-02T10:50:00,M01,12.587,1.936,27.124,20.942,45.958
2026-09-02T10:51:00,M01,12.590,2.007,26.966,20.693,43.922
2026-09-02T10:52:00,M01,12.591,1.978,27.220,20.748,45.489
2026-09-02T10:53:00,M01,12.582,1.956,26.924,20.532,42.756
2026-09-02T10:54:00,M01,12.505,2.018,26.973,20.697,45.784
2026-09-02T10:55:00,M01,12.637,1.983,27.124,20.967,45.070
2026-09-02T10:56:00,M01,12.643,2.068,26.975,20.525,45.227
2026-09-02T10:57:00,M01,12.566,1.990,26.955,20.576,46.850
2026-09-02T10:58:00,M01,12.504,1.930,26.876,20.791,46.590
2026-09-02T10:59:00,M01,12.534,1.945,26.838,20.783,45.934
2026-09-02T11:00:00,M01,12.740,2.085,27.014,20.416,46.173
2026-09-02T11:01:00,M01,12.685,1.955,27.001,20.829,44.187
2026-09-02T11:02:00,M01,12.587,1.982,27.251,20.827,46.758
2026-09-02T11:03:00,M01,12.690,1.966,27.013,20.988,42.656
2026-09-02T11:04:00,M01,12.575,2.047,27.018,20.784,43.618
2026-09-02T11:05:00,M01,12.534,1.985,26.894,20.744,45.234
2026-09-02T11:06:00,M01,12.692,1.988,27.076,20.427,44.436
2026-09-02T11:07:00,M01,12.564,1.970,27.036,20.870,43.941
2026-09-02T11:08:00,M01,12.663,1.985,27.141,20.951,44.884
2026-09-02T11:09:00,M01,12.567,1.967,27.164,20.500,45.983
2026-09-02T11:10:00,M01,12.548,1.937,26.899,20.720,45.397
2026-09-02T11:11:00,M01,12.752,2.007,26.837,20.767,44.885
2026-09-02T11:12:00,M01,12.700,2.050,27.268,20.891,42.131
2026-09-02T11:13:00,M01,12.657,1.964,26.912,20.958,45.149
2026-09-02T11:14:00,M01,12.547,1.864,26.994,20.583,44.937
2026-09-02T11:15:00,M01,12.517,1.977,27.375,20.589,43.720
2026-09-02T11:16:00,M01,12.692,2.035,27.090,20.741,45.130
2026-09-02T11:17:00,M01,12.583,1.964,26.796,20.623,47.063
2026-09-02T11:18:00,M01,12.533,1.995,26.933,21.013,44.962
2026-09-02T11:19:00,M01,12.658,2.014,26.902,20.662,45.143
2026-09-02T11:20:00,M01,12.518,2.044,27.113,20.995,44.514
2026-09-02T11:21:00,M01,12.557,2.056,26.965,21.035,44.232
2026-09-02T11:22:00,M01,12.742,1.967,26.906,20.692,43.260
2026-09-02T11:23:00,M01,12.542,2.096,26.930,20.422,46.012
2026-09-02T11:24:00,M01,12.596,2.012,27.094,20.699,45.040
2026-09-02T11:25:00,M01,12.745,2.061,27.019,20.562,45.947
2026-09-02T11:26:00,M01,12.702,2.002,27.021,20.912,44.209
2026-09-02T11:27:00,M01,12.801,1.961,27.124,20.917,45.876
2026-09-02T11:28:00,M01,12.481,2.041,26.714,20.806,45.359
2026-09-02T11:29:00,M01,12.695,1.958,26.959,20.769,44.247
2026-09-02T11:30:00,M01,12.541,2.050,27.183,20.929,46.809
2026-09-02T11:31:00,M01,12.541,2.009,27.136,21.013,44.026
2026-09-02T11:32:00,M01,12.552,2.026,27.121,21.060,44.422
2026-09-02T11:33:00,M01,12.636,1.981,27.008,20.904,43.225
2026-09-02T11:34:00,M01,12.800,2.020,26.920,20.475,43.960
2026-09-02T11:35:00,M01,12.658,2.019,27.077,20.692,46.692
2026-09-02T11:36:00,M01,12.643,1.988,26.763,20.958,44.690
2026-09-02T11:37:00,M01,12.710,2.007,26.906,20.761,44.912
2026-09-02T11:38:00,M01,12.673,2.070,27.099,20.664,45.978
2026-09-02T11:39:00,M01,12.588,2.020,26.953,20.577,44.889
2026-09-02T11:40:00,M01,12.567,1.901,26.887,20.991,45.225
2026-09-02T11:41:00,M01,12.562,1.955,26.891,20.887,45.149
2026-09-02T11:42:00,M01,12.626,1.942,26.944,20.535,43.380
2026-09-02T11:43:00,M01,12.502,2.068,27.187,21.017,44.371
2026-09-02T11:44:00,M01,12.499,1.976,27.031,20.517,45.212
2026-09-02T11:45:00,M01,12.416,1.892,26.960,20.775,45.154
2026-09-02T11:46:00,M01,12.650,2.005,26.897,21.084,45.278
2026-09-02T11:47:00,M01,12.764,1.978,26.968,20.493,44.752
2026-09-02T11:48:00,M01,12.821,2.024,27.026,20.575,44.075
2026-09-02T11:49:00,M01,12.478,2.004,27.040,20.637,44.762
2026-09-02T11:50:00,M01,12.655,2.027,26.921,20.717,43.669
2026-09-02T11:51:00,M01,12.597,2.038,27.075,21.061,44.634
2026-09-02T11:52:00,M01,12.689,2.041,26.906,20.994,44.968
2026-09-02T11:53:00,M01,12.759,2.023,27.039,20.743,45.195
2026-09-02T11:54:00,M01,12.638,1.966,27.058,20.778,45.312
2026-09-02T11:55:00,M01,12.407,1.928,26.944,20.408,43.370
2026-09-02T11:56:00,M01,12.659,1.979,27.041,20.401,45.248
2026-09-02T11:57:00,M01,12.615,1.942,27.129,20.705,44.369
2026-09-02T11:58:00,M01,12.572,2.091,26.978,21.182,45.467
2026-09-02T11:59:00,M01,12.598,2.002,27.193,21.028,47.723
2026-09-02T12:00:00,M01,12.560,2.104,26.874,20.863,46.710
2026-09-02T12:01:00,M01,12.533,2.022,27.054,20.790,45.716
2026-09-02T12:02:00,M01,12.566,2.020,27.279,20.790,45.064
2026-09-02T12:03:00,M01,12.607,2.056,27.032,21.000,45.198
2026-09-02T12:04:00,M01,12.524,2.018,27.260,21.125,44.653
2026-09-02T12:05:00,M01,12.500,1.962,27.129,20.529,45.997
2026-09-02T12:06:00,M01,12.656,1.946,27.052,20.962,44.943
2026-09-02T12:07:00,M01,12.602,2.014,26.955,20.558,44.826
2026-09-02T12:08:00,M01,12.532,1.913,26.783,21.029,44.755
2026-09-02T12:09:00,M01,12.711,1.992,26.789,20.719,44.034
2026-09-02T12:10:00,M01,12.518,2.002,27.063,20.696,44.779
2026-09-02T12:11:00,M01,12.535,2.034,27.168,20.765,43.940
2026-09-02T12:12:00,M01,12.442,1.976,26.833,20.769,44.582
2026-09-02T12:13:00,M01,12.609,2.019,26.991,20.850,43.762
2026-09-02T12:14:00,M01,12.713,2.050,26.813,20.875,43.229
2026-09-02T12:15:00,M01,12.580,1.979,26.895,20.757,44.978
2026-09-02T12:16:00,M01,12.604,2.012,27.070,20.792,44.978
2026-09-02T12:17:00,M01,12.688,2.015,26.807,20.911,45.603
2026-09-02T12:18:00,M01,12.584,2.017,27.002,20.817,44.817
2026-09-02T12:19:00,M01,12.632,1.987,26.966,21.175,44.051
2026-09-02T12:20:00,M01,12.627,2.007,27.039,21.044,46.215
2026-09-02T12:21:00,M01,12.594,1.989,27.140,20.573,43.857
2026-09-02T12:22:00,M01,12.513,1.967,27.167,20.399,45.634
2026-09-02T12:23:00,M01,12.578,1.974,26.861,20.534,45.079
2026-09-02T12:24:00,M01,12.409,1.982,27.153,21.126,44.678
2026-09-02T12:25:00,M01,12.574,2.020,27.130,20.628,45.522
2026-09-02T12:26:00,M01,12.703,1.981,26.971,20.646,43.545
2026-09-02T12:27:00,M01,12.664,2.049,27.037,20.716,43.990
2026-09-02T12:28:00,M01,12.535,2.014,27.012,20.391,44.889
2026-09-02T12:29:00,M01,12.506,1.999,27.074,20.614,43.513
2026-09-02T12:30:00,M01,12.624,1.988,27.216,20.824,43.897
2026-09-02T12:31:00,M01,12.660,2.004,27.168,20.621,45.773
2026-09-02T12:32:00,M01,12.519,2.032,27.312,20.864,44.155
2026-09-02T12:33:00,M01,12.715,2.011,27.203,20.682,46.413
2026-09-02T12:34:00,M01,12.584,1.987,26.930,21.020,44.335
2026-09-02T12:35:00,M01,12.764,2.037,26.941,20.668,42.807
2026-09-02T12:36:00,M01,12.678,2.050,27.032,21.188,45.833
2026-09-02T12:37:00,M01,12.521,2.036,26.943,20.951,47.785
2026-09-02T12:38:00,M01,12.797,1.996,26.794,20.818,45.978
2026-09-02T12:39:00,M01,12.740,1.961,26.972,20.966,44.760
2026-09-02T12:40:00,M01,12.598,2.029,27.239,21.045,47.038
2026-09-02T12:41:00,M01,12.596,1.981,26.860,20.707,44.927
2026-09-02T12:42:00,M01,12.682,1.959,27.160,20.807,45.809
2026-09-02T12:43:00,M01,12.489,2.071,26.899,20.870,46.198
2026-09-02T12:44:00,M01,12.459,2.007,27.159,20.777,44.913
2026-09-02T12:45:00,M01,12.748,1.975,26.868,20.601,44.418
2026-09-02T12:46:00,M01,12.631,1.996,26.759,20.517,45.750
2026-09-02T12:47:00,M01,12.478,2.042,26.659,21.216,45.650
2026-09-02T12:48:00,M01,12.646,1.998,26.936,20.733,44.754
2026-09-02T12:49:00,M01,12.519,1.974,27.078,20.894,43.535
2026-09-02T12:50:00,M01,12.741,2.032,27.231,20.557,43.856
2026-09-02T12:51:00,M01,12.566,1.953,26.847,20.675,44.793
2026-09-02T12:52:00,M01,12.650,1.921,27.208,20.741,43.898
2026-09-02T12:53:00,M01,12.564,1.937,27.218,20.696,44.338
2026-09-02T12:54:00,M01,12.750,2.022,26.874,20.879,46.216
2026-09-02T12:55:00,M01,12.658,1.978,26.990,20.497,44.208
2026-09-02T12:56:00,M01,12.600,2.067,26.685,20.562,43.975
2026-09-02T12:57:00,M01,12.705,1.965,26.890,21.019,45.409
2026-09-02T12:58:00,M01,12.675,1.967,27.031,20.681,44.204
2026-09-02T12:59:00,M01,12.639,1.943,26.892,20.910,45.182
2026-09-02T13:00:00,M01,12.572,1.964,27.109,20.908,41.868
2026-09-02T13:01:00,M01,12.660,2.071,26.961,20.625,45.284
2026-09-02T13:02:00,M01,12.651,1.937,27.034,20.961,45.772
2026-09-02T13:03:00,M01,12.708,1.963,27.172,20.837,43.904
2026-09-02T13:04:00,M01,12.625,2.015,27.189,20.834,44.437
2026-09-02T13:05:00,M01,12.570,1.963,27.130,20.725,44.131
2026-09-02T13:06:00,M01,12.707,1.952,27.014,20.717,44.790
2026-09-02T13:07:00,M01,12.614,2.027,27.148,20.735,43.716
2026-09-02T13:08:00,M01,12.601,1.888,27.187,20.805,45.138
2026-09-02T13:09:00,M01,12.542,1.966,27.095,20.726,45.685
2026-09-02T13:10:00,M01,12.427,1.989,27.177,20.707,45.146
2026-09-02T13:11:00,M01,12.797,1.994,27.089,20.720,46.547
2026-09-02T13:12:00,M01,12.707,2.043,27.099,21.051,45.444
2026-09-02T13:13:00,M01,12.673,1.960,26.643,20.947,45.168
2026-09-02T13:14:00,M01,12.576,1.957,26.882,20.835,45.134
2026-09-02T13:15:00,M01,12.592,2.029,27.096,20.675,43.135
2026-09-02T13:16:00,M01,12.577,1.976,27.310,20.678,45.523
2026-09-02T13:17:00,M01,12.662,1.944,27.134,20.834,44.558
2026-09-02T13:18:00,M01,12.751,1.974,27.202,20.368,43.675
2026-09-02T13:19:00,M01,12.761,2.001,27.140,20.911,44.604
2026-09-02T13:20:00,M01,12.496,1.940,27.017,20.933,45.176
2026-09-02T13:21:00,M01,12.609,2.034,26.961,20.752,46.168
2026-09-02T13:22:00,M01,12.493,1.950,27.137,20.865,45.070
2026-09-02T13:23:00,M01,12.692,2.008,27.032,20.870,44.438
2026-09-02T13:24:00,M01,12.613,2.032,27.055,20.568,44.236
2026-09-02T13:25:00,M01,12.706,1.971,27.160,20.995,45.974
2026-09-02T13:26:00,M01,12.600,2.014,27.172,20.873,46.105
2026-09-02T13:27:00,M01,12.728,2.016,26.734,20.996,44.804
2026-09-02T13:28:00,M01,12.574,1.987,27.162,20.860,44.938
2026-09-02T13:29:00,M01,12.521,1.971,26.937,20.759,43.737
2026-09-02T13:30:00,M01,12.691,2.020,27.002,20.862,44.750
2026-09-02T13:31:00,M01,12.803,2.024,27.096,21.244,43.664
2026-09-02T13:32:00,M01,12.569,1.988,26.767,20.788,45.440
2026-09-02T13:33:00,M01,12.580,1.979,26.859,20.916,46.814
2026-09-02T13:34:00,M01,12.693,2.035,26.991,20.907,46.463
2026-09-02T13:35:00,M01,12.587,1.939,26.739,20.656,45.989
2026-09-02T13:36:00,M01,12.624,2.059,26.752,21.050,45.092
2026-09-02T13:37:00,M01,12.725,1.964,26.878,20.875,44.937
2026-09-02T13:38:00,M01,12.589,1.968,27.019,20.734,46.878
2026-09-02T13:39:00,M01,12.652,2.004,27.222,20.630,44.486
2026-09-02T13:40:00,M01,12.541,1.984,26.945,20.628,46.348
2026-09-02T13:41:00,M01,12.534,1.939,27.094,20.704,45.614
2026-09-02T13:42:00,M01,12.563,2.028,27.060,20.282,45.337
2026-09-02T13:43:00,M01,12.599,1.985,26.941,20.826,45.572
2026-09-02T13:44:00,M01,12.600,2.042,26.971,21.021,43.997
2026-09-02T13:45:00,M01,12.687,1.982,27.384,21.060,46.743
2026-09-02T13:46:00,M01,12.591,2.021,27.148,20.814,43.600
2026-09-02T13:47:00,M01,12.586,2.020,26.958,20.780,43.517
2026-09-02T13:48:00,M01,12.545,1.920,27.059,20.794,46.060
2026-09-02T13:49:00,M01,12.493,1.992,27.002,20.816,43.865
2026-09-02T13:50:00,M01,12.689,2.056,27.204,20.937,42.266
2026-09-02T13:51:00,M01,12.338,2.069,27.128,20.801,45.398
2026-09-02T13:52:00,M01,12.580,2.062,27.256,20.948,44.386
2026-09-02T13:53:00,M01,12.688,2.033,26.904,20.972,45.802
2026-09-02T13:54:00,M01,12.562,1.999,26.732,20.797,44.511
2026-09-02T13:55:00,M01,12.575,1.986,27.012,20.819,44.325
2026-09-02T13:56:00,M01,12.592,2.022,27.062,20.738,44.089
2026-09-02T13:57:00,M01,12.487,2.019,26.871,21.088,44.826
2026-09-02T13:58:00,M01,12.586,1.976,26.911,20.814,43.403
2026-09-02T13:59:00,M01,12.592,1.960,27.144,20.866,46.197
2026-09-02T14:00:00,M01,12.488,1.948,26.779,20.465,46.729
2026-09-02T14:01:00,M01,12.553,1.993,27.220,20.487,43.940
2026-09-02T14:02:00,M01,12.520,2.031,27.180,20.961,45.825
2026-09-02T14:03:00,M01,12.690,1.964,26.837,20.753,44.738
2026-09-02T14:04:00,M01,12.513,2.052,26.894,20.572,43.167
2026-09-02T14:05:00,M01,12.472,2.010,27.008,20.728,42.915
2026-09-02T14:06:00,M01,12.640,1.919,27.097,20.803,44.419
2026-09-02T14:07:00,M01,12.659,1.999,26.894,20.942,44.271
2026-09-02T14:08:00,M01,12.687,2.059,27.222,20.985,45.166
2026-09-02T14:09:00,M01,12.617,2.024,27.414,20.919,44.110
2026-09-02T14:10:00,M01,12.459,2.045,26.824,20.603,44.461
2026-09-02T14:11:00,M01,12.656,1.995,27.189,20.620,43.002
2026-09-02T14:12:00,M01,12.580,2.044,26.672,20.579,45.100
2026-09-02T14:13:00,M01,12.489,1.916,26.936,21.053,46.746
2026-09-02T14:14:00,M01,12.545,1.918,26.882,20.630,45.472
2026-09-02T14:15:00,M01,12.815,1.984,27.115,20.840,45.140
2026-09-02T14:16:00,M01,12.664,2.070,27.042,20.955,45.561
2026-09-02T14:17:00,M01,12.537,1.982,27.002,20.733,44.624
2026-09-02T14:18:00,M01,12.678,1.989,26.984,20.762,46.447
2026-09-02T14:19:00,M01,12.727,1.962,27.215,20.910,44.461
2026-09-02T14:20:00,M01,12.703,1.958,26.968,20.856,44.772
2026-09-02T14:21:00,M01,12.628,2.035,27.205,20.742,48.200
2026-09-02T14:22:00,M01,12.759,1.994,26.800,20.722,44.630
2026-09-02T14:23:00,M01,12.421,1.972,26.982,20.919,45.435
2026-09-02T14:24:00,M01,12.586,1.990,27.168,21.110,45.419
2026-09-02T14:25:00,M01,12.524,2.095,27.056,20.912,43.260
2026-09-02T14:26:00,M01,12.817,1.993,26.972,21.077,44.802
2026-09-02T14:27:00,M01,12.773,1.948,26.886,20.923,45.133
2026-09-02T14:28:00,M01,12.586,2.006,27.050,20.715,44.702
2026-09-02T14:29:00,M01,12.504,2.020,26.697,20.916,44.873
2026-09-02T14:30:00,M01,12.720,1.947,27.287,20.670,46.323
2026-09-02T14:31:00,M01,12.580,2.046,26.956,20.467,45.432
2026-09-02T14:32:00,M01,12.636,2.075,26.898,20.546,45.284
2026-09-02T14:33:00,M01,12.591,2.000,26.886,20.995,44.872
2026-09-02T14:34:00,M01,12.623,2.047,26.960,20.683,44.426
2026-09-02T14:35:00,M01,12.641,2.006,26.850,20.526,44.064
2026-09-02T14:36:00,M01,12.521,1.933,27.099,20.594,44.360
2026-09-02T14:37:00,M01,12.603,2.019,27.107,20.915,44.628
2026-09-02T14:38:00,M01,12.634,1.969,27.209,20.590,45.523
2026-09-02T14:39:00,M01,12.611,2.016,27.018,20.920,45.250
2026-09-02T14:40:00,M01,12.663,1.916,27.036,20.747,47.148
2026-09-02T14:41:00,M01,12.659,1.983,26.836,20.751,45.551
2026-09-02T14:42:00,M01,12.694,2.010,26.978,20.837,46.323
2026-09-02T14:43:00,M01,12.704,1.965,26.999,20.939,45.770
2026-09-02T14:44:00,M01,12.554,1.920,26.940,20.650,44.565
2026-09-02T14:45:00,M01,12.532,2.038,26.998,20.604,45.122
2026-09-02T14:46:00,M01,12.495,1.949,26.948,20.930,44.350
2026-09-02T14:47:00,M01,12.641,2.001,27.063,21.027,44.795
2026-09-02T14:48:00,M01,12.505,1.968,26.987,20.945,44.272
2026-09-02T14:49:00,M01,12.683,2.106,26.644,20.612,45.136
2026-09-02T14:50:00,M01,12.516,2.015,27.153,20.752,45.797
2026-09-02T14:51:00,M01,12.546,1.973,27.184,21.006,45.267
2026-09-02T14:52:00,M01,12.557,1.982,26.735,20.797,45.314
2026-09-02T14:53:00,M01,12.563,1.980,27.255,20.918,45.836
2026-09-02T14:54:00,M01,12.487,2.041,26.908,20.459,45.792
2026-09-02T14:55:00,M01,12.600,2.023,26.969,20.873,46.396
2026-09-02T14:56:00,M01,12.569,2.001,27.089,20.729,45.092
2026-09-02T14:57:00,M01,12.594,2.024,26.888,20.768,43.430
2026-09-02T14:58:00,M01,12.607,2.024,26.859,20.782,44.004
2026-09-02T14:59:00,M01,12.623,2.020,26.972,20.547,44.402
2026-09-02T15:00:00,M01,12.541,1.998,27.148,20.686,44.174
2026-09-02T15:01:00,M01,12.777,1.932,27.140,20.973,46.047
2026-09-02T15:02:00,M01,12.665,1.985,27.133,20.686,44.117
2026-09-02T15:03:00,M01,12.560,2.030,26.882,20.848,43.937
2026-09-02T15:04:00,M01,12.791,1.953,26.830,20.519,44.756
2026-09-02T15:05:00,M01,12.560,2.041,26.975,20.689,47.178
2026-09-02T15:06:00,M01,12.437,1.957,27.057,20.915,44.760
2026-09-02T15:07:00,M01,12.648,1.985,27.138,20.652,45.819
2026-09-02T15:08:00,M01,12.618,1.985,26.998,20.412,45.277
2026-09-02T15:09:00,M01,12.422,2.033,26.874,20.863,45.051
2026-09-02T15:10:00,M01,12.520,1.988,27.065,20.813,43.633
2026-09-02T15:11:00,M01,12.489,1.981,26.926,20.424,46.843
2026-09-02T15:12:00,M01,12.560,2.042,26.859,21.071,44.605
2026-09-02T15:13:00,M01,12.550,2.004,27.045,20.806,44.119
2026-09-02T15:14:00,M01,12.649,2.000,27.143,20.670,46.365
2026-09-02T15:15:00,M01,12.732,1.980,26.966,20.838,46.169
2026-09-02T15:16:00,M01,12.560,1.968,27.104,21.020,45.752
2026-09-02T15:17:00,M01,12.711,1.999,27.023,20.910,44.397
2026-09-02T15:18:00,M01,12.619,2.032,27.060,20.896,45.175
2026-09-02T15:19:00,M01,12.610,2.066,27.007,20.941,44.416
2026-09-02T15:20:00,M01,12.637,2.006,27.210,20.808,46.198
2026-09-02T15:21:00,M01,12.520,1.984,27.133,20.658,45.427
2026-09-02T15:22:00,M01,12.617,2.019,27.075,20.759,45.447
2026-09-02T15:23:00,M01,12.560,1.931,26.986,20.504,45.032
2026-09-02T15:24:00,M01,12.504,2.003,27.040,20.739,44.014
2026-09-02T15:25:00,M01,12.636,2.040,27.267,20.456,45.372
2026-09-02T15:26:00,M01,12.544,2.014,27.289,20.820,46.481
2026-09-02T15:27:00,M01,12.561,1.899,27.160,21.068,43.092
2026-09-02T15:28:00,M01,12.538,2.009,27.009,20.999,44.361
2026-09-02T15:29:00,M01,12.448,2.010,27.370,20.783,45.683
2026-09-02T15:30:00,M01,12.893,2.039,26.952,20.467,45.231
2026-09-02T15:31:00,M01,12.558,2.025,26.675,20.766,43.310
2026-09-02T15:32:00,M01,12.636,2.051,27.158,20.684,45.542
2026-09-02T15:33:00,M01,12.471,2.024,26.946,20.619,43.011
2026-09-02T15:34:00,M01,12.795,1.910,26.859,21.000,42.959
2026-09-02T15:35:00,M01,12.606,2.050,26.990,21.124,44.969
2026-09-02T15:36:00,M01,12.639,2.016,26.797,20.631,44.751
2026-09-02T15:37:00,M01,12.493,1.968,26.899,20.861,44.543
2026-09-02T15:38:00,M01,12.634,1.959,26.960,20.579,45.116
2026-09-02T15:39:00,M01,12.514,1.921,27.070,20.748,44.971
2026-09-02T15:40:00,M01,12.633,2.041,26.938,20.407,44.481
2026-09-02T15:41:00,M01,12.635,1.989,27.180,20.689,44.993
2026-09-02T15:42:00,M01,12.789,1.958,26.861,20.734,45.834
2026-09-02T15:43:00,M01,12.584,1.936,26.712,20.763,44.740
2026-09-02T15:44:00,M01,12.633,2.019,27.135,20.643,43.657
2026-09-02T15:45:00,M01,12.732,2.043,26.919,20.582,46.015
2026-09-02T15:46:00,M01,12.502,2.070,26.892,20.932,44.775
2026-09-02T15:47:00,M01,12.545,2.030,27.086,20.942,44.693
2026-09-02T15:48:00,M01,12.792,2.075,26.973,20.599,46.637
2026-09-02T15:49:00,M01,12.605,2.037,27.049,20.820,47.175
2026-09-02T15:50:00,M01,12.658,1.957,27.010,20.770,45.290
2026-09-02T15:51:00,M01,12.805,1.982,27.124,20.912,45.320
2026-09-02T15:52:00,M01,12.656,2.012,27.198,20.949,44.235
2026-09-02T15:53:00,M01,12.733,2.022,27.024,20.691,47.703
2026-09-02T15:54:00,M01,12.609,1.984,27.079,21.044,45.561
2026-09-02T15:55:00,M01,12.623,2.016,26.826,20.822,45.056
2026-09-02T15:56:00,M01,12.579,2.014,26.920,20.765,43.584
2026-09-02T15:57:00,M01,12.521,1.946,26.926,20.726,43.837
2026-09-02T15:58:00,M01,12.746,2.046,26.948,20.900,43.795
2026-09-02T15:59:00,M01,12.630,2.026,26.905,20.799,41.663
2026-09-02T16:00:00,M01,12.094,1.808,24.025,20.104,42.734
2026-09-02T16:01:00,M01,12.041,1.779,23.835,20.185,44.795
2026-09-02T16:02:00,M01,12.219,1.739,24.016,20.244,46.546
2026-09-02T16:03:00,M01,12.089,1.850,24.377,19.849,45.817
2026-09-02T16:04:00,M01,12.039,1.784,24.306,19.995,45.580
2026-09-02T16:05:00,M01,12.094,1.817,24.213,20.047,43.908
2026-09-02T16:06:00,M01,12.140,1.844,25.033,19.989,44.415
2026-09-02T16:07:00,M01,12.102,1.829,24.764,19.818,45.997
2026-09-02T16:08:00,M01,12.093,1.816,24.730,20.280,44.826
2026-09-02T16:09:00,M01,12.157,1.803,24.815,20.310,45.057
2026-09-02T16:10:00,M01,12.170,1.852,24.894,20.152,45.908
2026-09-02T16:11:00,M01,12.205,1.916,24.915,20.216,43.434
2026-09-02T16:12:00,M01,12.306,1.823,25.097,20.038,45.324
2026-09-02T16:13:00,M01,12.215,1.818,25.094,20.256,45.866
2026-09-02T16:14:00,M01,12.069,1.853,25.200,20.481,45.298
2026-09-02T16:15:00,M01,12.297,1.870,25.117,20.355,46.191
2026-09-02T16:16:00,M01,12.292,1.854,25.137,20.362,43.542
2026-09-02T16:17:00,M01,12.153,1.860,25.170,20.759,45.659
2026-09-02T16:18:00,M01,12.151,1.785,25.414,20.250,46.139
2026-09-02T16:19:00,M01,12.164,1.866,25.195,20.126,45.771
2026-09-02T16:20:00,M01,12.353,1.873,25.427,20.293,44.397
2026-09-02T16:21:00,M01,12.297,1.813,25.743,20.626,46.210
2026-09-02T16:22:00,M01,12.298,1.882,25.576,20.498,44.999
2026-09-02T16:23:00,M01,12.237,1.981,25.838,20.205,44.316
2026-09-02T16:24:00,M01,12.382,1.905,25.685,20.504,46.228
2026-09-02T16:25:00,M01,12.436,1.932,25.770,20.181,44.757
2026-09-02T16:26:00,M01,12.404,1.946,25.833,20.230,46.351
2026-09-02T16:27:00,M01,12.438,1.918,25.685,20.943,45.707
2026-09-02T16:28:00,M01,12.324,1.911,25.972,20.563,46.873
2026-09-02T16:29:00,M01,12.278,1.854,26.017,20.601,44.727
2026-09-02T16:30:00,M01,12.331,2.006,25.875,20.256,45.972
2026-09-02T16:31:00,M01,12.351,1.927,25.668,20.610,44.235
2026-09-02T16:32:00,M01,12.421,1.987,25.665,20.502,45.584
2026-09-02T16:33:00,M01,12.317,1.948,26.055,20.697,44.304
2026-09-02T16:34:00,M01,12.360,1.985,26.184,20.466,44.835
2026-09-02T16:35:00,M01,12.331,1.933,26.184,20.687,44.237
2026-09-02T16:36:00,M01,12.407,1.876,26.138,20.581,43.519
2026-09-02T16:37:00,M01,12.364,1.930,26.002,20.804,43.924
2026-09-02T16:38:00,M01,12.448,2.006,26.144,20.576,45.055
2026-09-02T16:39:00,M01,12.651,1.937,26.136,20.389,44.831
2026-09-02T16:40:00,M01,12.372,1.967,26.351,20.754,44.538
2026-09-02T16:41:00,M01,12.497,1.934,26.179,20.908,43.350
2026-09-02T16:42:00,M01,12.401,1.880,26.169,20.456,46.318
2026-09-02T16:43:00,M01,12.340,1.963,26.079,20.246,44.356
2026-09-02T16:44:00,M01,12.379,1.946,26.370,20.496,44.723
2026-09-02T16:45:00,M01,12.454,1.987,26.254,20.706,46.348
2026-09-02T16:46:00,M01,12.728,1.941,26.309,20.595,45.498
2026-09-02T16:47:00,M01,12.479,1.931,26.565,20.320,45.692
2026-09-02T16:48:00,M01,12.416,1.965,26.364,20.642,45.263
2026-09-02T16:49:00,M01,12.449,2.035,26.057,20.968,46.283
2026-09-02T16:50:00,M01,12.505,1.974,26.300,20.886,43.805
2026-09-02T16:51:00,M01,12.510,1.979,26.287,20.597,45.517
2026-09-02T16:52:00,M01,12.561,1.983,26.431,20.569,44.417
2026-09-02T16:53:00,M01,12.543,1.945,26.772,20.495,45.874
2026-09-02T16:54:00,M01,12.487,1.951,26.716,20.619,45.584
2026-09-02T16:55:00,M01,12.570,1.994,26.748,20.550,44.078
2026-09-02T16:56:00,M01,12.620,1.973,26.493,20.722,46.408
2026-09-02T16:57:00,M01,12.639,1.968,26.498,20.616,42.682
2026-09-02T16:58:00,M01,12.393,1.948,26.438,20.727,45.771
2026-09-02T16:59:00,M01,12.531,1.990,26.802,20.789,46.701
2026-09-02T17:00:00,M01,12.549,1.946,26.674,20.549,45.496
2026-09-02T17:01:00,M01,12.626,1.980,26.714,20.649,43.079
2026-09-02T17:02:00,M01,12.510,1.945,26.747,20.492,44.244
2026-09-02T17:03:00,M01,12.469,2.025,26.594,20.661,45.088
2026-09-02T17:04:00,M01,12.621,2.025,26.656,20.811,45.578
2026-09-02T17:05:00,M01,12.398,2.022,26.779,20.649,45.031
2026-09-02T17:06:00,M01,12.640,1.926,26.750,20.938,45.611
2026-09-02T17:07:00,M01,12.498,1.883,26.545,20.907,44.037
2026-09-02T17:08:00,M01,12.518,1.912,26.752,20.557,46.004
2026-09-02T17:09:00,M01,12.421,1.945,26.616,20.565,46.298
2026-09-02T17:10:00,M01,12.574,1.954,26.789,20.463,43.395
2026-09-02T17:11:00,M01,12.418,1.969,26.645,20.569,46.043
2026-09-02T17:12:00,M01,12.420,1.973,26.911,20.610,44.416
2026-09-02T17:13:00,M01,12.560,1.960,26.859,20.592,43.383
2026-09-02T17:14:00,M01,12.263,1.944,26.782,20.777,44.348
2026-09-02T17:15:00,M01,12.596,2.142,26.639,20.707,44.481
2026-09-02T17:16:00,M01,12.552,2.008,26.987,20.693,44.664
2026-09-02T17:17:00,M01,12.741,1.970,27.003,20.943,41.978
2026-09-02T17:18:00,M01,12.466,2.003,26.960,20.753,45.161
2026-09-02T17:19:00,M01,12.587,2.078,26.657,21.025,44.427
2026-09-02T17:20:00,M01,12.483,1.967,26.783,20.876,45.739
2026-09-02T17:21:00,M01,12.712,2.040,26.806,20.641,44.969
2026-09-02T17:22:00,M01,12.503,1.986,26.720,20.861,44.342
2026-09-02T17:23:00,M01,12.591,1.994,26.883,20.563,47.690
2026-09-02T17:24:00,M01,12.627,1.988,26.763,21.061,46.162
2026-09-02T17:25:00,M01,12.614,2.018,27.035,20.933,44.844
2026-09-02T17:26:00,M01,12.469,2.000,26.946,20.682,45.707
2026-09-02T17:27:00,M01,12.529,1.934,26.984,21.209,45.585
2026-09-02T17:28:00,M01,12.482,2.000,26.929,21.028,42.508
2026-09-02T17:29:00,M01,12.585,1.995,26.899,20.693,44.719
2026-09-02T17:30:00,M01,12.424,1.984,26.927,20.462,44.851
2026-09-02T17:31:00,M01,12.634,2.021,26.885,20.825,44.094
2026-09-02T17:32:00,M01,12.737,1.939,26.835,20.550,44.402
2026-09-02T17:33:00,M01,12.462,2.002,26.731,20.857,46.976
2026-09-02T17:34:00,M01,12.558,1.903,26.851,20.832,45.221
2026-09-02T17:35:00,M01,12.588,1.919,27.083,20.607,44.888
2026-09-02T17:36:00,M01,12.496,1.996,27.086,20.482,43.158
2026-09-02T17:37:00,M01,12.561,1.938,26.558,20.927,45.421
2026-09-02T17:38:00,M01,12.628,1.990,26.907,20.544,44.751
2026-09-02T17:39:00,M01,12.419,1.948,27.024,21.114,45.720
2026-09-02T17:40:00,M01,12.480,1.976,26.857,20.849,44.713
2026-09-02T17:41:00,M01,12.392,1.940,26.898,20.948,45.438
2026-09-02T17:42:00,M01,12.440,2.054,26.980,21.234,45.852
2026-09-02T17:43:00,M01,12.713,1.973,26.832,20.591,45.274
2026-09-02T17:44:00,M01,12.663,2.059,26.991,20.996,44.752
2026-09-02T17:45:00,M01,12.646,2.039,27.090,20.745,44.520
2026-09-02T17:46:00,M01,12.614,1.992,26.889,20.822,44.707
2026-09-02T17:47:00,M01,12.533,1.925,26.875,21.118,44.160
2026-09-02T17:48:00,M01,12.700,1.970,26.954,20.366,45.613
2026-09-02T17:49:00,M01,12.601,1.905,26.845,20.644,45.129
2026-09-02T17:50:00,M01,12.550,1.981,26.815,20.882,45.221
2026-09-02T17:51:00,M01,12.629,1.983,26.967,20.754,44.266
2026-09-02T17:52:00,M01,12.417,1.937,26.993,21.345,43.188
2026-09-02T17:53:00,M01,12.585,2.150,26.901,20.582,45.460
2026-09-02T17:54:00,M01,12.334,1.945,27.106,20.583,44.883
2026-09-02T17:55:00,M01,12.656,1.933,26.978,20.822,45.621
2026-09-02T17:56:00,M01,12.601,1.919,26.892,20.621,45.584
2026-09-02T17:57:00,M01,12.601,2.044,26.924,21.077,45.920
2026-09-02T17:58:00,M01,12.535,2.049,26.871,20.993,44.379
2026-09-02T17:59:00,M01,12.681,1.928,26.954,20.707,45.186
2026-09-02T18:00:00,M01,12.633,1.938,27.080,20.708,45.181
2026-09-02T18:01:00,M01,12.673,2.004,26.826,20.730,43.565
2026-09-02T18:02:00,M01,12.604,2.040,26.799,20.939,43.737
2026-09-02T18:03:00,M01,12.589,1.970,26.992,20.793,44.083
2026-09-02T18:04:00,M01,12.477,2.059,26.973,20.722,45.738
2026-09-02T18:05:00,M01,12.490,2.013,27.168,20.842,45.168
2026-09-02T18:06:00,M01,12.457,2.135,26.806,20.775,43.575
2026-09-02T18:07:00,M01,12.571,2.107,26.829,20.677,45.289
2026-09-02T18:08:00,M01,12.569,2.034,26.663,20.734,44.689
2026-09-02T18:09:00,M01,12.582,1.916,26.900,20.695,43.906
2026-09-02T18:10:00,M01,12.767,2.033,26.843,21.045,45.533
2026-09-02T18:11:00,M01,12.540,2.022,27.091,20.991,43.840
2026-09-02T18:12:00,M01,12.593,1.944,27.021,20.911,43.479
2026-09-02T18:13:00,M01,12.493,1.942,26.815,21.030,44.269
2026-09-02T18:14:00,M01,12.682,2.042,27.163,20.429,45.832
2026-09-02T18:15:00,M01,12.536,1.980,26.887,21.134,44.816
2026-09-02T18:16:00,M01,12.577,1.995,27.039,20.869,45.551
2026-09-02T18:17:00,M01,12.639,2.012,27.053,20.783,45.451
2026-09-02T18:18:00,M01,12.696,1.945,27.166,20.969,44.931
2026-09-02T18:19:00,M01,12.664,1.985,26.804,20.841,43.656
2026-09-02T18:20:00,M01,12.756,2.033,26.909,20.781,44.287
2026-09-02T18:21:00,M01,12.654,1.999,26.890,20.682,47.811
2026-09-02T18:22:00,M01,12.553,1.972,26.906,21.029,45.724
2026-09-02T18:23:00,M01,12.627,1.947,26.646,21.065,45.766
2026-09-02T18:24:00,M01,12.620,2.007,26.978,20.746,42.618
2026-09-02T18:25:00,M01,12.599,2.042,27.018,20.742,45.646
2026-09-02T18:26:00,M01,12.557,1.982,26.919,20.740,44.523
2026-09-02T18:27:00,M01,12.851,1.993,27.130,20.439,41.543
2026-09-02T18:28:00,M01,12.582,1.965,26.793,20.641,44.452
2026-09-02T18:29:00,M01,12.566,1.945,26.929,21.067,44.058
2026-09-02T18:30:00,M01,12.684,1.962,26.902,21.316,46.325
2026-09-02T18:31:00,M01,12.605,2.005,27.046,20.742,42.560
2026-09-02T18:32:00,M01,12.610,1.939,26.936,21.058,45.262
2026-09-02T18:33:00,M01,12.609,2.045,26.742,20.576,44.271
2026-09-02T18:34:00,M01,12.589,1.973,26.997,20.811,43.718
2026-09-02T18:35:00,M01,12.485,2.011,27.019,20.910,44.037
2026-09-02T18:36:00,M01,12.397,1.999,26.757,20.856,46.186
2026-09-02T18:37:00,M01,12.653,2.009,27.036,20.960,46.389
2026-09-02T18:38:00,M01,12.573,2.035,27.106,20.870,45.294
2026-09-02T18:39:00,M01,12.695,1.960,26.894,20.647,45.614
2026-09-02T18:40:00,M01,12.638,2.024,27.000,20.737,45.654
2026-09-02T18:41:00,M01,12.505,1.972,26.867,20.754,44.835
2026-09-02T18:42:00,M01,12.725,1.963,26.928,20.444,42.896
2026-09-02T18:43:00,M01,12.617,2.037,26.741,20.836,46.616
2026-09-02T18:44:00,M01,12.678,2.013,26.862,20.975,44.350
2026-09-02T18:45:00,M01,12.563,1.989,27.008,21.034,43.203
2026-09-02T18:46:00,M01,12.607,2.043,26.963,20.763,45.562
2026-09-02T18:47:00,M01,12.519,1.928,26.950,20.934,43.597
2026-09-02T18:48:00,M01,12.680,2.035,26.874,20.565,45.699
2026-09-02T18:49:00,M01,12.658,1.939,26.588,20.998,46.066
2026-09-02T18:50:00,M01,12.597,2.020,27.091,20.763,44.451
2026-09-02T18:51:00,M01,12.607,1.851,27.038,20.697,43.601
2026-09-02T18:52:00,M01,12.483,1.980,26.914,20.887,43.888
2026-09-02T18:53:00,M01,12.544,1.939,27.094,20.761,43.163
2026-09-02T18:54:00,M01,12.596,1.998,26.734,20.775,45.324
2026-09-02T18:55:00,M01,12.697,1.994,26.809,20.732,45.712
2026-09-02T18:56:00,M01,12.711,1.958,26.834,20.942,44.888
2026-09-02T18:57:00,M01,12.571,2.001,26.910,21.128,45.718
2026-09-02T18:58:00,M01,12.641,2.036,26.918,20.828,45.225
2026-09-02T18:59:00,M01,12.529,1.991,26.950,20.727,42.867
2026-09-02T19:00:00,M01,12.657,2.003,27.232,20.948,44.609
2026-09-02T19:01:00,M01,12.566,1.927,27.009,20.745,44.759
2026-09-02T19:02:00,M01,12.615,2.090,26.893,20.781,45.328
2026-09-02T19:03:00,M01,12.554,2.078,26.796,20.861,43.133
2026-09-02T19:04:00,M01,12.431,1.947,27.147,21.075,45.135
2026-09-02T19:05:00,M01,12.687,2.011,26.844,20.734,43.594
2026-09-02T19:06:00,M01,12.591,2.005,27.101,20.683,42.655
2026-09-02T19:07:00,M01,12.489,1.983,26.935,20.791,46.451
2026-09-02T19:08:00,M01,12.505,1.986,26.876,20.755,45.614
2026-09-02T19:09:00,M01,12.660,2.080,27.200,21.090,45.094
2026-09-02T19:10:00,M01,12.773,1.997,27.026,20.735,44.002
2026-09-02T19:11:00,M01,12.476,2.024,26.943,20.653,45.544
2026-09-02T19:12:00,M01,12.574,1.994,27.073,20.961,46.133
2026-09-02T19:13:00,M01,12.539,2.023,26.996,20.504,46.353
2026-09-02T19:14:00,M01,12.722,1.997,27.097,20.786,45.178
2026-09-02T19:15:00,M01,12.604,2.026,26.991,21.011,45.714
2026-09-02T19:16:00,M01,12.748,2.019,26.924,20.691,47.178
2026-09-02T19:17:00,M01,12.645,2.026,26.912,21.102,47.303
2026-09-02T19:18:00,M01,12.701,1.929,26.949,20.810,45.057
2026-09-02T19:19:00,M01,12.635,2.016,26.977,20.851,44.393
2026-09-02T19:20:00,M01,12.605,2.053,27.011,20.773,44.803
2026-09-02T19:21:00,M01,12.635,2.006,26.934,21.028,44.653
2026-09-02T19:22:00,M01,12.553,2.069,27.038,20.773,44.323
2026-09-02T19:23:00,M01,12.624,1.985,27.117,20.956,43.953
2026-09-02T19:24:00,M01,12.693,1.989,26.818,20.995,44.640
2026-09-02T19:25:00,M01,12.575,1.988,27.109,20.604,45.563
2026-09-02T19:26:00,M01,12.690,2.032,27.033,20.765,44.876
2026-09-02T19:27:00,M01,12.744,1.995,26.862,20.949,46.589
2026-09-02T19:28:00,M01,12.572,1.950,27.084,20.757,44.306
2026-09-02T19:29:00,M01,12.489,2.033,26.672,20.690,43.502
2026-09-02T19:30:00,M01,12.668,1.942,27.179,20.679,44.496
2026-09-02T19:31:00,M01,12.729,1.991,26.985,20.635,46.256
2026-09-02T19:32:00,M01,12.557,1.959,26.911,20.783,44.231
2026-09-02T19:33:00,M01,12.597,1.973,27.062,21.044,42.757
2026-09-02T19:34:00,M01,12.696,2.006,27.113,20.536,44.202
2026-09-02T19:35:00,M01,12.592,2.003,27.086,20.863,45.499
2026-09-02T19:36:00,M01,12.574,2.056,26.932,20.553,44.635
2026-09-02T19:37:00,M01,12.759,2.006,26.915,20.904,45.341
2026-09-02T19:38:00,M01,12.647,2.032,27.070,20.871,44.034
2026-09-02T19:39:00,M01,12.742,2.057,27.132,20.867,44.899
2026-09-02T19:40:00,M01,12.572,2.046,26.958,20.670,43.284
2026-09-02T19:41:00,M01,12.526,2.018,27.237,20.920,44.656
2026-09-02T19:42:00,M01,12.529,1.990,27.002,20.806,45.815
2026-09-02T19:43:00,M01,12.761,2.037,26.961,20.849,44.118
2026-09-02T19:44:00,M01,12.571,2.045,26.907,20.530,43.948
2026-09-02T19:45:00,M01,12.584,1.988,26.844,20.665,44.572
2026-09-02T19:46:00,M01,12.652,2.059,26.965,20.915,45.081
2026-09-02T19:47:00,M01,12.546,2.097,26.978,21.093,45.862
2026-09-02T19:48:00,M01,12.584,2.042,26.959,20.611,43.788
2026-09-02T19:49:00,M01,12.463,2.017,26.884,20.868,43.577
2026-09-02T19:50:00,M01,12.580,1.935,26.809,20.817,43.303
2026-09-02T19:51:00,M01,12.546,2.059,27.200,20.854,45.526
2026-09-02T19:52:00,M01,12.580,2.056,26.931,20.372,45.063
2026-09-02T19:53:00,M01,12.675,1.953,27.193,20.661,45.713
2026-09-02T19:54:00,M01,12.619,2.048,26.937,21.149,45.565
2026-09-02T19:55:00,M01,12.830,2.000,26.785,21.042,46.689
2026-09-02T19:56:00,M01,12.517,2.048,27.012,20.637,44.531
2026-09-02T19:57:00,M01,12.689,2.067,26.920,21.061,43.435
2026-09-02T19:58:00,M01,12.591,2.019,26.945,20.679,45.346
2026-09-02T19:59:00,M01,12.411,2.002,26.950,20.618,43.613
2026-09-02T20:00:00,M01,12.652,2.027,26.735,20.541,44.392
2026-09-02T20:01:00,M01,12.567,2.007,27.131,21.098,45.390
2026-09-02T20:02:00,M01,12.765,1.984,26.762,20.676,44.676
2026-09-02T20:03:00,M01,12.627,2.054,27.013,20.815,44.402
2026-09-02T20:04:00,M01,12.643,2.018,27.075,20.714,44.566
2026-09-02T20:05:00,M01,12.652,2.089,26.884,20.979,45.924
2026-09-02T20:06:00,M01,12.612,1.999,27.202,21.250,45.339
2026-09-02T20:07:00,M01,12.681,2.023,26.975,20.939,45.910
2026-09-02T20:08:00,M01,12.673,1.904,26.829,20.753,45.168
2026-09-02T20:09:00,M01,12.726,1.985,27.020,20.800,45.789
2026-09-02T20:10:00,M01,12.663,1.966,26.803,20.897,45.171
2026-09-02T20:11:00,M01,12.613,1.973,26.980,20.733,44.648
2026-09-02T20:12:00,M01,12.693,1.927,26.779,20.859,47.187
2026-09-02T20:13:00,M01,12.525,1.950,26.867,21.014,45.772
2026-09-02T20:14:00,M01,12.634,2.010,26.926,20.635,45.707
2026-09-02T20:15:00,M01,12.572,2.054,26.910,20.807,46.853
2026-09-02T20:16:00,M01,12.659,1.976,27.260,20.590,45.643
2026-09-02T20:17:00,M01,12.621,2.016,27.183,20.950,46.168
2026-09-02T20:18:00,M01,12.511,2.057,27.214,20.883,45.891
2026-09-02T20:19:00,M01,12.478,2.042,26.907,21.127,45.780
2026-09-02T20:20:00,M01,12.550,2.005,26.869,20.736,46.746
2026-09-02T20:21:00,M01,12.592,2.020,26.877,20.755,44.536
2026-09-02T20:22:00,M01,12.765,2.028,26.989,20.617,45.037
2026-09-02T20:23:00,M01,12.517,1.994,27.287,20.504,45.587
2026-09-02T20:24:00,M01,12.352,1.940,26.982,20.818,44.213
2026-09-02T20:25:00,M01,12.646,1.974,26.781,20.837,44.300
2026-09-02T20:26:00,M01,12.511,2.054,26.939,20.841,44.718
2026-09-02T20:27:00,M01,12.698,1.978,26.879,21.137,46.002
2026-09-02T20:28:00,M01,12.682,2.007,27.217,20.690,44.554
2026-09-02T20:29:00,M01,12.659,1.964,26.976,20.659,44.757
2026-09-02T20:30:00,M01,12.695,1.992,27.340,20.684,45.481
2026-09-02T20:31:00,M01,12.500,2.053,26.780,21.302,44.907
2026-09-02T20:32:00,M01,12.712,2.001,26.918,20.696,44.033
2026-09-02T20:33:00,M01,12.562,2.022,26.800,20.726,47.237
2026-09-02T20:34:00,M01,12.594,2.051,27.042,21.064,43.794
2026-09-02T20:35:00,M01,12.510,2.029,27.338,21.063,44.119
2026-09-02T20:36:00,M01,12.643,1.969,27.037,20.617,46.069
2026-09-02T20:37:00,M01,12.589,2.030,27.328,20.773,43.035
2026-09-02T20:38:00,M01,12.563,1.967,27.127,20.973,45.670
2026-09-02T20:39:00,M01,12.547,1.982,27.061,20.335,42.111
2026-09-02T20:40:00,M01,12.584,2.003,26.873,20.839,46.162
2026-09-02T20:41:00,M01,12.587,1.994,27.016,21.069,45.550
2026-09-02T20:42:00,M01,12.613,1.907,27.126,20.801,45.103
2026-09-02T20:43:00,M01,12.467,2.066,27.245,21.080,43.067
2026-09-02T20:44:00,M01,12.499,1.993,26.931,20.696,44.192
2026-09-02T20:45:00,M01,12.667,2.072,27.124,20.802,44.850
2026-09-02T20:46:00,M01,12.598,1.974,26.976,20.953,44.765
2026-09-02T20:47:00,M01,12.590,2.005,26.990,20.758,45.744
2026-09-02T20:48:00,M01,12.513,2.026,26.905,20.939,45.862
2026-09-02T20:49:00,M01,12.627,1.942,26.974,20.826,45.674
2026-09-02T20:50:00,M01,12.587,1.933,27.024,20.817,45.131
2026-09-02T20:51:00,M01,12.585,1.975,26.942,20.935,46.004
2026-09-02T20:52:00,M01,12.591,1.981,27.096,20.833,44.246
2026-09-02T20:53:00,M01,12.716,1.940,26.754,20.270,47.208
2026-09-02T20:54:00,M01,12.677,2.024,27.118,20.996,44.516
2026-09-02T20:55:00,M01,12.688,2.024,26.899,20.670,43.464
2026-09-02T20:56:00,M01,12.555,1.933,26.926,20.856,45.217
2026-09-02T20:57:00,M01,12.616,2.028,26.838,20.660,46.071
2026-09-02T20:58:00,M01,12.478,1.969,27.202,20.930,44.863
2026-09-02T20:59:00,M01,12.723,2.061,26.811,20.577,44.470
2026-09-02T21:00:00,M01,12.570,2.011,27.206,20.990,46.092
2026-09-02T21:01:00,M01,12.640,2.012,26.998,20.478,47.267
2026-09-02T21:02:00,M01,12.678,2.101,26.975,20.597,46.074
2026-09-02T21:03:00,M01,12.519,2.044,27.002,20.636,42.342
2026-09-02T21:04:00,M01,12.633,1.955,27.130,21.194,45.339
2026-09-02T21:05:00,M01,12.594,2.039,27.005,20.988,46.496
2026-09-02T21:06:00,M01,12.517,2.030,26.965,20.859,46.021
2026-09-02T21:07:00,M01,12.618,2.066,26.889,20.769,45.766
2026-09-02T21:08:00,M01,12.688,1.956,26.800,20.870,44.860
2026-09-02T21:09:00,M01,12.683,2.048,26.954,20.735,42.971
2026-09-02T21:10:00,M01,12.621,2.010,26.802,20.943,44.961
2026-09-02T21:11:00,M01,12.687,1.953,26.746,20.662,45.781
2026-09-02T21:12:00,M01,12.434,2.006,27.095,21.088,45.868
2026-09-02T21:13:00,M01,12.461,2.016,26.730,20.750,44.618
2026-09-02T21:14:00,M01,12.511,1.994,27.083,20.690,45.348
2026-09-02T21:15:00,M01,12.600,2.082,26.959,20.675,42.955
2026-09-02T21:16:00,M01,12.662,1.992,27.045,20.778,45.967
2026-09-02T21:17:00,M01,12.622,1.997,26.880,20.421,45.611
2026-09-02T21:18:00,M01,12.637,2.027,27.263,20.673,45.182
2026-09-02T21:19:00,M01,12.542,1.975,27.064,21.153,46.192
2026-09-02T21:20:00,M01,12.516,2.028,27.160,20.585,45.031
2026-09-02T21:21:00,M01,12.452,2.032,27.000,20.756,42.797
2026-09-02T21:22:00,M01,12.554,2.030,27.057,20.937,43.233
2026-09-02T21:23:00,M01,12.715,1.932,27.087,20.673,45.575
2026-09-02T21:24:00,M01,12.462,1.954,27.169,20.784,46.293
2026-09-02T21:25:00,M01,12.676,1.983,27.029,20.737,45.948
2026-09-02T21:26:00,M01,12.695,2.071,26.839,20.773,45.567
2026-09-02T21:27:00,M01,12.698,2.005,26.771,20.953,44.391
2026-09-02T21:28:00,M01,12.635,1.938,27.141,20.966,45.602
2026-09-02T21:29:00,M01,12.631,1.938,26.933,20.948,44.658
2026-09-02T21:30:00,M01,12.632,2.005,27.034,20.889,45.004
2026-09-02T21:31:00,M01,12.686,1.971,27.067,20.852,44.057
2026-09-02T21:32:00,M01,12.600,1.967,26.915,20.959,44.181
2026-09-02T21:33:00,M01,12.612,2.009,27.278,20.465,46.066
2026-09-02T21:34:00,M01,12.577,1.972,27.008,20.808,44.019
2026-09-02T21:35:00,M01,12.535,1.994,26.826,20.826,45.403
2026-09-02T21:36:00,M01,12.688,1.979,27.224,20.782,46.703
2026-09-02T21:37:00,M01,12.565,1.954,27.077,21.045,45.448
2026-09-02T21:38:00,M01,12.654,2.038,27.185,20.750,43.478
2026-09-02T21:39:00,M01,12.531,1.950,26.979,20.921,43.013
2026-09-02T21:40:00,M01,12.672,1.962,26.948,21.030,46.234
2026-09-02T21:41:00,M01,12.370,2.025,27.051,20.555,45.191
2026-09-02T21:42:00,M01,12.590,2.036,27.117,20.812,44.744
2026-09-02T21:43:00,M01,12.697,1.975,27.042,21.075,45.805
2026-09-02T21:44:00,M01,12.593,1.969,26.783,20.660,45.607
2026-09-02T21:45:00,M01,12.583,2.008,26.847,20.666,44.829
2026-09-02T21:46:00,M01,12.573,1.993,27.044,21.063,43.695
2026-09-02T21:47:00,M01,12.616,1.997,27.033,20.450,45.032
2026-09-02T21:48:00,M01,12.495,2.038,26.984,20.741,45.787
2026-09-02T21:49:00,M01,12.539,2.037,27.115,21.160,44.528
2026-09-02T21:50:00,M01,12.474,1.947,27.014,20.760,44.303
2026-09-02T21:51:00,M01,12.569,2.050,27.088,21.032,45.900
2026-09-02T21:52:00,M01,12.705,2.019,27.214,20.992,46.982
2026-09-02T21:53:00,M01,12.532,2.107,26.963,20.889,44.602
2026-09-02T21:54:00,M01,12.640,1.953,26.980,21.039,45.145
2026-09-02T21:55:00,M01,12.658,2.016,27.016,20.904,43.962
2026-09-02T21:56:00,M01,12.506,1.968,26.920,20.574,42.877
2026-09-02T21:57:00,M01,12.645,2.028,27.306,20.830,45.821
2026-09-02T21:58:00,M01,12.664,1.952,27.273,20.637,44.565
2026-09-02T21:59:00,M01,12.406,2.057,26.870,20.834,46.072
2026-09-02T22:00:00,M01,12.684,1.979,27.083,20.432,46.650
2026-09-02T22:01:00,M01,12.602,2.076,26.907,20.797,44.627
2026-09-02T22:02:00,M01,12.489,2.026,27.093,20.668,45.237
2026-09-02T22:03:00,M01,12.632,1.993,27.006,20.850,43.899
2026-09-02T22:04:00,M01,12.667,1.975,27.173,20.758,43.861
2026-09-02T22:05:00,M01,12.485,2.027,26.790,20.804,44.757
2026-09-02T22:06:00,M01,12.636,2.013,26.927,20.946,44.536
2026-09-02T22:07:00,M01,12.714,2.017,27.122,20.564,45.584
2026-09-02T22:08:00,M01,12.585,2.031,26.647,20.662,44.201
2026-09-02T22:09:00,M01,12.602,2.028,26.848,20.690,43.080
2026-09-02T22:10:00,M01,12.423,1.933,27.062,20.956,44.159
2026-09-02T22:11:00,M01,12.695,2.074,26.661,20.653,44.308
2026-09-02T22:12:00,M01,12.739,2.067,26.998,20.908,43.278
2026-09-02T22:13:00,M01,12.575,1.994,27.041,20.535,43.871
2026-09-02T22:14:00,M01,12.446,2.003,27.101,20.883,45.064
2026-09-02T22:15:00,M01,12.559,1.934,27.271,20.861,45.792
2026-09-02T22:16:00,M01,12.566,2.050,27.122,20.908,45.634
2026-09-02T22:17:00,M01,12.575,2.018,27.011,20.758,45.704
2026-09-02T22:18:00,M01,12.420,2.061,26.940,21.004,43.896
2026-09-02T22:19:00,M01,12.691,1.997,27.048,20.595,43.758
2026-09-02T22:20:00,M01,12.614,1.996,26.809,20.625,43.882
2026-09-02T22:21:00,M01,12.548,1.970,27.015,21.008,43.547
2026-09-02T22:22:00,M01,12.696,1.937,26.946,20.821,46.887
2026-09-02T22:23:00,M01,12.354,1.996,27.142,20.825,44.163
2026-09-02T22:24:00,M01,12.426,2.037,27.195,20.764,45.850
2026-09-02T22:25:00,M01,12.725,1.971,26.895,20.665,43.168
2026-09-02T22:26:00,M01,12.770,1.937,26.974,20.880,44.414
2026-09-02T22:27:00,M01,12.628,2.045,27.014,20.610,44.689
2026-09-02T22:28:00,M01,12.595,2.054,27.147,20.785,45.450
2026-09-02T22:29:00,M01,12.611,1.974,27.022,20.708,45.204
2026-09-02T22:30:00,M01,12.598,1.943,27.066,20.756,44.486
2026-09-02T22:31:00,M01,12.683,2.024,26.905,20.682,44.870
2026-09-02T22:32:00,M01,12.684,1.904,27.020,20.741,43.813
2026-09-02T22:33:00,M01,12.557,2.019,26.940,20.752,45.568
2026-09-02T22:34:00,M01,12.688,1.999,27.205,20.743,43.526
2026-09-02T22:35:00,M01,12.472,1.963,26.754,20.856,45.036
2026-09-02T22:36:00,M01,12.621,1.995,26.965,20.746,45.045
2026-09-02T22:37:00,M01,12.713,2.066,27.005,21.187,43.951
2026-09-02T22:38:00,M01,12.457,2.026,26.897,20.971,45.125
2026-09-02T22:39:00,M01,12.654,2.022,26.962,21.071,45.389
2026-09-02T22:40:00,M01,12.727,1.989,27.240,20.985,45.087
2026-09-02T22:41:00,M01,12.574,2.004,27.016,20.969,45.660
2026-09-02T22:42:00,M01,12.544,2.016,27.023,20.941,45.591
2026-09-02T22:43:00,M01,12.539,2.058,27.051,20.854,45.713
2026-09-02T22:44:00,M01,12.661,1.991,27.096,20.666,46.222
2026-09-02T22:45:00,M01,12.544,1.998,27.032,20.660,44.584
2026-09-02T22:46:00,M01,12.689,2.057,26.937,20.789,44.677
2026-09-02T22:47:00,M01,12.562,2.050,26.822,21.307,46.019
2026-09-02T22:48:00,M01,12.616,1.898,27.058,21.082,44.404
2026-09-02T22:49:00,M01,12.665,2.035,27.099,20.905,45.678
2026-09-02T22:50:00,M01,12.636,2.028,27.057,20.826,44.097
2026-09-02T22:51:00,M01,12.491,1.937,27.096,20.744,46.380
2026-09-02T22:52:00,M01,12.669,1.980,27.053,20.766,45.315
2026-09-02T22:53:00,M01,12.742,2.055,27.040,21.104,45.903
2026-09-02T22:54:00,M01,12.497,1.974,27.024,20.764,44.445
2026-09-02T22:55:00,M01,12.535,1.996,27.043,20.618,44.865
2026-09-02T22:56:00,M01,12.615,1.916,26.976,20.801,46.379
2026-09-02T22:57:00,M01,12.722,2.014,27.162,21.031,46.671
2026-09-02T22:58:00,M01,12.658,2.168,26.833,20.835,45.524
2026-09-02T22:59:00,M01,12.674,1.993,27.110,20.834,44.003
2026-09-02T23:00:00,M01,12.778,2.040,27.040,20.507,45.360
2026-09-02T23:01:00,M01,12.437,2.020,27.130,20.928,47.384
2026-09-02T23:02:00,M01,12.630,1.999,27.190,20.796,43.994
2026-09-02T23:03:00,M01,12.638,1.968,26.896,20.849,45.920
2026-09-02T23:04:00,M01,12.642,1.978,26.955,20.836,46.018
2026-09-02T23:05:00,M01,12.590,2.020,27.263,20.949,44.630
2026-09-02T23:06:00,M01,12.479,1.908,26.899,20.676,43.603
2026-09-02T23:07:00,M01,12.562,2.004,27.010,20.766,43.778
2026-09-02T23:08:00,M01,12.431,1.999,27.093,20.767,44.898
2026-09-02T23:09:00,M01,12.621,1.986,27.144,20.892,46.582
2026-09-02T23:10:00,M01,12.430,1.928,26.933,20.883,43.298
2026-09-02T23:11:00,M01,12.631,1.970,26.987,20.821,44.564
2026-09-02T23:12:00,M01,12.545,2.010,27.219,21.050,43.678
2026-09-02T23:13:00,M01,12.591,1.940,26.798,20.826,45.266
2026-09-02T23:14:00,M01,12.531,1.991,27.038,20.917,45.616
2026-09-02T23:15:00,M01,12.549,2.011,27.053,20.938,43.420
2026-09-02T23:16:00,M01,12.497,1.992,26.939,20.720,44.186
2026-09-02T23:17:00,M01,12.671,2.015,26.829,20.693,44.957
2026-09-02T23:18:00,M01,12.553,1.989,27.360,20.812,44.699
2026-09-02T23:19:00,M01,12.536,2.070,27.118,20.597,45.861
2026-09-02T23:20:00,M01,12.532,2.034,26.919,20.749,45.041
2026-09-02T23:21:00,M01,12.626,2.001,27.027,20.871,44.340
2026-09-02T23:22:00,M01,12.594,2.055,27.045,20.843,44.231
2026-09-02T23:23:00,M01,12.494,1.961,26.951,20.534,44.881
2026-09-02T23:24:00,M01,12.656,2.000,26.766,20.707,45.250
2026-09-02T23:25:00,M01,12.667,1.985,26.981,20.762,45.577
2026-09-02T23:26:00,M01,12.587,2.007,26.955,20.614,46.428
2026-09-02T23:27:00,M01,12.522,2.087,26.899,20.651,44.623
2026-09-02T23:28:00,M01,12.729,2.061,27.075,20.815,45.702
2026-09-02T23:29:00,M01,12.540,2.024,27.028,20.844,43.943
2026-09-02T23:30:00,M01,12.477,2.041,27.002,20.691,44.516
2026-09-02T23:31:00,M01,12.541,2.059,26.609,20.994,45.040
2026-09-02T23:32:00,M01,12.518,1.944,27.035,20.725,45.557
2026-09-02T23:33:00,M01,12.592,2.023,27.026,20.842,44.468
2026-09-02T23:34:00,M01,12.640,2.004,26.941,20.552,43.885
2026-09-02T23:35:00,M01,12.690,2.013,27.042,20.776,45.745
2026-09-02T23:36:00,M01,12.580,2.014,27.132,20.531,44.022
2026-09-02T23:37:00,M01,12.501,1.982,26.888,20.734,45.529
2026-09-02T23:38:00,M01,12.610,2.059,27.029,20.592,44.379
2026-09-02T23:39:00,M01,12.579,1.973,27.109,20.679,43.838
2026-09-02T23:40:00,M01,12.603,1.973,27.066,20.990,46.169
2026-09-02T23:41:00,M01,12.643,1.936,27.223,20.689,44.424
2026-09-02T23:42:00,M01,12.518,2.048,27.002,20.703,43.094
2026-09-02T23:43:00,M01,12.596,1.956,26.988,20.486,45.688
2026-09-02T23:44:00,M01,12.643,2.005,26.718,20.609,44.324
2026-09-02T23:45:00,M01,12.652,2.028,27.224,20.754,44.477
2026-09-02T23:46:00,M01,12.512,2.025,26.889,20.652,46.007
2026-09-02T23:47:00,M01,12.720,2.057,26.762,20.885,45.000
2026-09-02T23:48:00,M01,12.572,1.996,27.189,20.701,45.448
2026-09-02T23:49:00,M01,12.591,2.039,27.070,20.947,43.226
2026-09-02T23:50:00,M01,12.626,2.051,27.192,20.806,44.230
2026-09-02T23:51:00,M01,12.559,2.025,26.993,20.549,44.918
2026-09-02T23:52:00,M01,12.537,2.063,27.062,20.990,45.129
2026-09-02T23:53:00,M01,12.695,2.048,26.924,20.574,45.886
2026-09-02T23:54:00,M01,12.501,1.997,27.077,20.673,45.061
2026-09-02T23:55:00,M01,12.667,1.934,27.099,21.106,45.994
2026-09-02T23:56:00,M01,12.634,1.933,26.924,20.713,47.214
2026-09-02T23:57:00,M01,12.518,2.073,27.168,20.519,44.811
2026-09-02T23:58:00,M01,12.692,1.903,27.252,20.621,43.922
2026-09-02T23:59:00,M01,12.648,2.016,27.118,20.632,45.945
2026-09-03T00:00:00,M01,12.047,1.810,24.189,19.781,43.557
2026-09-03T00:01:00,M01,12.067,1.800,24.190,19.822,45.106
2026-09-03T00:02:00,M01,12.050,1.845,24.422,19.969,45.988
2026-09-03T00:03:00,M01,11.968,1.808,24.039,19.929,45.472
2026-09-03T00:04:00,M01,12.050,1.857,24.568,19.673,45.416
2026-09-03T00:05:00,M01,11.895,1.788,24.541,20.123,45.750
2026-09-03T00:06:00,M01,12.166,1.795,24.415,20.121,43.173
2026-09-03T00:07:00,M01,12.104,1.800,24.510,20.004,45.142
2026-09-03T00:08:00,M01,12.216,1.798,24.694,19.931,44.522
2026-09-03T00:09:00,M01,12.146,1.891,24.771,20.023,44.084
2026-09-03T00:10:00,M01,12.200,1.868,25.245,20.517,45.904
2026-09-03T00:11:00,M01,12.108,1.963,24.827,20.449,43.601
2026-09-03T00:12:00,M01,12.094,1.846,25.015,20.289,44.959
2026-09-03T00:13:00,M01,12.139,1.866,25.048,20.122,45.617
2026-09-03T00:14:00,M01,12.160,1.931,25.045,19.972,46.349
2026-09-03T00:15:00,M01,12.364,1.898,25.064,20.510,45.504
2026-09-03T00:16:00,M01,12.253,1.950,25.367,20.275,43.436
2026-09-03T00:17:00,M01,12.267,1.844,25.275,20.607,44.522
2026-09-03T00:18:00,M01,12.192,1.849,25.481,20.333,45.248
2026-09-03T00:19:00,M01,12.423,1.841,25.488,20.416,45.170
2026-09-03T00:20:00,M01,12.273,1.872,25.530,20.040,45.405
2026-09-03T00:21:00,M01,12.239,1.923,25.478,20.282,45.581
2026-09-03T00:22:00,M01,12.174,1.849,25.525,20.353,46.412
2026-09-03T00:23:00,M01,12.363,1.955,25.564,20.196,45.329
2026-09-03T00:24:00,M01,12.472,1.922,25.810,20.333,43.301
2026-09-03T00:25:00,M01,12.382,1.904,25.629,20.468,44.806
2026-09-03T00:26:00,M01,12.235,1.821,25.727,20.513,43.384
2026-09-03T00:27:00,M01,12.395,1.934,25.822,20.348,43.476
2026-09-03T00:28:00,M01,12.334,1.863,26.031,20.615,42.033
2026-09-03T00:29:00,M01,12.385,1.855,25.989,20.554,46.326
2026-09-03T00:30:00,M01,12.236,1.920,25.840,20.558,44.812
2026-09-03T00:31:00,M01,12.340,1.907,25.990,20.220,45.014
2026-09-03T00:32:00,M01,12.240,1.976,25.982,20.698,45.069
2026-09-03T00:33:00,M01,12.433,1.954,25.842,20.512,46.932
2026-09-03T00:34:00,M01,12.335,1.895,26.012,20.727,45.977
2026-09-03T00:35:00,M01,12.210,1.936,25.845,20.760,46.572
2026-09-03T00:36:00,M01,12.471,1.965,26.345,20.749,46.531
2026-09-03T00:37:00,M01,12.381,1.942,25.829,20.518,44.988
2026-09-03T00:38:00,M01,12.650,1.935,26.130,20.555,44.649
2026-09-03T00:39:00,M01,12.534,1.947,26.232,20.589,44.189
2026-09-03T00:40:00,M01,12.418,1.971,26.194,20.717,44.176
2026-09-03T00:41:00,M01,12.439,1.957,26.429,20.525,45.148
2026-09-03T00:42:00,M01,12.500,1.961,26.161,20.430,43.733
2026-09-03T00:43:00,M01,12.471,1.931,26.270,20.634,47.498
2026-09-03T00:44:00,M01,12.663,1.960,26.338,20.953,45.409
2026-09-03T00:45:00,M01,12.423,1.932,26.436,20.519,44.303
2026-09-03T00:46:00,M01,12.496,1.953,26.427,20.478,43.687
2026-09-03T00:47:00,M01,12.477,1.993,26.219,20.410,42.318
2026-09-03T00:48:00,M01,12.565,2.017,26.634,20.325,43.845
2026-09-03T00:49:00,M01,12.414,1.952,26.306,20.391,44.959
2026-09-03T00:50:00,M01,12.420,1.964,26.258,20.593,44.646
2026-09-03T00:51:00,M01,12.381,1.905,26.341,20.782,44.000
2026-09-03T00:52:00,M01,12.666,1.954,26.419,20.505,46.556
2026-09-03T00:53:00,M01,12.520,2.035,26.327,20.371,46.174
2026-09-03T00:54:00,M01,12.457,2.002,26.492,21.008,43.664
2026-09-03T00:55:00,M01,12.589,2.007,26.472,20.603,44.542
2026-09-03T00:56:00,M01,12.473,1.963,26.674,20.657,45.260
2026-09-03T00:57:00,M01,12.511,1.874,26.425,20.745,44.325
2026-09-03T00:58:00,M01,12.518,2.071,26.464,20.518,43.103
2026-09-03T00:59:00,M01,12.511,1.936,26.525,20.859,46.078
2026-09-03T01:00:00,M01,12.619,2.017,26.532,20.830,45.166
2026-09-03T01:01:00,M01,12.707,1.919,26.657,20.508,47.471
2026-09-03T01:02:00,M01,12.492,1.974,26.614,20.994,44.945
2026-09-03T01:03:00,M01,12.619,2.041,26.503,20.755,43.587
2026-09-03T01:04:00,M01,12.652,1.954,26.607,20.911,45.469
2026-09-03T01:05:00,M01,12.491,1.963,26.606,20.980,43.408
2026-09-03T01:06:00,M01,12.670,1.975,26.519,20.752,44.768
2026-09-03T01:07:00,M01,12.579,2.013,26.475,20.749,46.601
2026-09-03T01:08:00,M01,12.529,1.929,26.780,20.570,44.644
2026-09-03T01:09:00,M01,12.580,1.923,26.509,20.752,46.453
2026-09-03T01:10:00,M01,12.578,1.992,26.724,20.719,44.411
2026-09-03T01:11:00,M01,12.582,2.037,26.620,20.746,44.318
2026-09-03T01:12:00,M01,12.623,1.969,26.760,20.479,44.730
2026-09-03T01:13:00,M01,12.514,2.027,26.798,20.753,45.240
2026-09-03T01:14:00,M01,12.487,1.971,26.608,20.702,44.877
2026-09-03T01:15:00,M01,12.513,2.090,26.683,20.758,44.967
2026-09-03T01:16:00,M01,12.547,1.906,26.912,20.635,44.966
2026-09-03T01:17:00,M01,12.603,1.928,26.952,20.555,44.221
2026-09-03T01:18:00,M01,12.666,1.898,26.550,21.025,45.462
2026-09-03T01:19:00,M01,12.519,2.016,26.732,21.008,44.240
2026-09-03T01:20:00,M01,12.658,2.051,26.823,20.847,44.639
2026-09-03T01:21:00,M01,12.594,2.023,26.660,20.544,45.049
2026-09-03T01:22:00,M01,12.581,1.992,26.799,20.458,44.233
2026-09-03T01:23:00,M01,12.377,2.065,26.647,21.101,47.829
2026-09-03T01:24:00,M01,12.551,2.013,26.742,20.673,45.219
2026-09-03T01:25:00,M01,12.614,1.974,26.674,20.704,45.697
2026-09-03T01:26:00,M01,12.597,1.930,26.842,20.554,45.826
2026-09-03T01:27:00,M01,12.621,1.903,26.859,20.944,44.104
2026-09-03T01:28:00,M01,12.492,2.010,26.944,20.954,46.436
2026-09-03T01:29:00,M01,12.504,1.994,26.918,20.790,43.576
2026-09-03T01:30:00,M01,12.796,1.992,26.492,21.074,44.799
2026-09-03T01:31:00,M01,12.616,2.025,26.661,20.702,45.509
2026-09-03T01:32:00,M01,12.605,1.874,26.539,20.827,46.673
2026-09-03T01:33:00,M01,12.606,2.032,26.733,20.482,45.274
2026-09-03T01:34:00,M01,12.565,1.982,26.852,20.820,44.430
2026-09-03T01:35:00,M01,12.525,1.953,26.919,20.618,45.552
2026-09-03T01:36:00,M01,12.668,2.018,26.607,20.762,45.685
2026-09-03T01:37:00,M01,12.579,2.040,26.971,20.529,45.089
2026-09-03T01:38:00,M01,12.590,1.935,26.989,20.876,46.199
2026-09-03T01:39:00,M01,12.587,2.030,26.740,21.075,45.412
2026-09-03T01:40:00,M01,12.643,2.028,26.596,20.936,44.874
2026-09-03T01:41:00,M01,12.663,2.009,26.810,20.789,43.958
2026-09-03T01:42:00,M01,12.521,2.031,27.125,20.623,44.412
2026-09-03T01:43:00,M01,12.559,1.936,26.924,20.734,45.008
2026-09-03T01:44:00,M01,12.539,1.998,26.896,20.649,44.652
2026-09-03T01:45:00,M01,12.466,1.992,26.650,20.865,44.959
2026-09-03T01:46:00,M01,12.685,2.035,26.851,20.835,46.293
2026-09-03T01:47:00,M01,12.616,2.012,26.771,20.824,44.569
2026-09-03T01:48:00,M01,12.622,2.022,26.792,20.732,44.781
2026-09-03T01:49:00,M01,12.617,1.985,26.822,20.939,44.904
2026-09-03T01:50:00,M01,12.576,1.986,26.963,21.166,45.594
2026-09-03T01:51:00,M01,12.625,2.017,26.910,20.823,44.511
2026-09-03T01:52:00,M01,12.506,2.071,26.428,20.533,44.853
2026-09-03T01:53:00,M01,12.598,1.923,26.986,20.623,45.199
2026-09-03T01:54:00,M01,12.562,1.927,26.756,20.682,43.864
2026-09-03T01:55:00,M01,12.465,2.005,27.007,20.649,43.976
2026-09-03T01:56:00,M01,12.654,2.058,27.224,20.798,45.638
2026-09-03T01:57:00,M01,12.585,1.948,26.890,20.982,46.439
2026-09-03T01:58:00,M01,12.448,2.080,26.944,20.865,44.803
2026-09-03T01:59:00,M01,12.614,1.953,26.903,20.672,44.708
2026-09-03T02:00:00,M01,12.718,1.909,26.736,20.694,44.283
2026-09-03T02:01:00,M01,12.524,2.020,26.917,20.442,46.276
2026-09-03T02:02:00,M01,12.516,2.023,26.876,20.767,44.494
2026-09-03T02:03:00,M01,12.594,1.970,26.988,20.561,45.884
2026-09-03T02:04:00,M01,12.424,2.032,26.904,20.693,45.992
2026-09-03T02:05:00,M01,12.764,2.015,26.754,20.698,44.264
2026-09-03T02:06:00,M01,12.741,2.114,27.192,20.864,45.593
2026-09-03T02:07:00,M01,12.394,2.056,27.232,20.696,44.965
2026-09-03T02:08:00,M01,12.573,1.959,26.800,20.995,42.871
2026-09-03T02:09:00,M01,12.489,1.986,26.680,20.899,43.902
2026-09-03T02:10:00,M01,12.508,2.007,27.052,20.619,44.092
2026-09-03T02:11:00,M01,12.617,2.043,26.767,20.623,44.860
2026-09-03T02:12:00,M01,12.618,2.048,26.979,20.647,44.941
2026-09-03T02:13:00,M01,12.535,2.080,27.053,21.116,44.762
2026-09-03T02:14:00,M01,12.483,2.008,27.061,20.914,43.759
2026-09-03T02:15:00,M01,12.672,1.977,27.059,20.700,44.982
2026-09-03T02:16:00,M01,12.465,1.960,26.989,20.739,44.976
2026-09-03T02:17:00,M01,12.669,1.990,27.020,20.706,46.362
2026-09-03T02:18:00,M01,12.630,2.096,27.026,20.512,44.282
2026-09-03T02:19:00,M01,12.480,1.932,26.953,20.510,46.133
2026-09-03T02:20:00,M01,12.566,2.052,26.879,20.580,45.942
2026-09-03T02:21:00,M01,12.686,1.992,27.062,20.828,46.260
2026-09-03T02:22:00,M01,12.552,2.063,26.924,21.090,43.610
2026-09-03T02:23:00,M01,12.395,2.020,27.160,20.723,45.511
2026-09-03T02:24:00,M01,12.723,2.012,27.024,20.981,43.336
2026-09-03T02:25:00,M01,12.607,2.054,26.980,20.897,44.937
2026-09-03T02:26:00,M01,12.550,1.990,26.792,20.784,44.482
2026-09-03T02:27:00,M01,12.574,2.004,26.990,20.912,43.240
2026-09-03T02:28:00,M01,12.737,1.962,26.855,20.995,45.323
2026-09-03T02:29:00,M01,12.662,1.949,27.204,20.739,45.363
2026-09-03T02:30:00,M01,12.767,1.957,26.966,21.163,42.773
2026-09-03T02:31:00,M01,12.577,2.018,27.135,20.592,44.308
2026-09-03T02:32:00,M01,12.764,1.879,27.053,20.972,44.283
2026-09-03T02:33:00,M01,12.499,1.990,26.828,20.921,44.271
2026-09-03T02:34:00,M01,12.461,2.038,27.072,20.963,45.282
2026-09-03T02:35:00,M01,12.680,2.001,27.198,20.732,45.160
2026-09-03T02:36:00,M01,12.557,1.999,27.017,20.828,44.752
2026-09-03T02:37:00,M01,12.782,1.982,26.787,20.713,43.539
2026-09-03T02:38:00,M01,12.507,2.046,27.005,20.922,44.882
2026-09-03T02:39:00,M01,12.562,2.057,27.103,20.835,43.453
2026-09-03T02:40:00,M01,12.619,1.953,26.963,20.767,46.449
2026-09-03T02:41:00,M01,12.556,1.967,27.047,20.963,43.446
2026-09-03T02:42:00,M01,12.796,2.006,27.059,20.617,44.560
2026-09-03T02:43:00,M01,12.590,2.059,26.865,20.754,45.575
2026-09-03T02:44:00,M01,12.576,1.994,27.043,20.466,47.828
2026-09-03T02:45:00,M01,12.504,1.960,26.831,20.872,42.978
2026-09-03T02:46:00,M01,12.549,1.939,27.274,20.796,45.540
2026-09-03T02:47:00,M01,12.575,2.088,26.716,20.842,44.196
2026-09-03T02:48:00,M01,12.592,1.920,27.075,20.832,45.608
2026-09-03T02:49:00,M01,12.664,1.979,27.096,21.030,45.680
2026-09-03T02:50:00,M01,12.605,1.955,27.259,20.832,43.616
2026-09-03T02:51:00,M01,12.512,2.018,26.946,20.772,44.542
2026-09-03T02:52:00,M01,12.737,1.961,27.060,20.883,44.298
2026-09-03T02:53:00,M01,12.522,2.025,27.013,20.980,45.388
2026-09-03T02:54:00,M01,12.600,2.010,26.998,20.917,44.098
2026-09-03T02:55:00,M01,12.739,1.996,27.068,20.589,45.112
2026-09-03T02:56:00,M01,12.684,2.002,27.137,20.998,44.230
2026-09-03T02:57:00,M01,12.732,2.098,26.979,20.895,44.335
2026-09-03T02:58:00,M01,12.650,2.064,26.973,20.809,45.531
2026-09-03T02:59:00,M01,12.777,1.902,26.764,20.709,45.736
2026-09-03T03:00:00,M01,12.635,1.933,27.073,20.895,46.731
2026-09-03T03:01:00,M01,12.534,1.951,26.927,20.782,46.359
2026-09-03T03:02:00,M01,12.606,2.026,26.971,20.576,45.580
2026-09-03T03:03:00,M01,12.457,1.964,27.199,20.600,46.476
2026-09-03T03:04:00,M01,12.593,2.022,26.939,20.632,45.010
2026-09-03T03:05:00,M01,12.658,2.009,27.073,21.004,46.439
2026-09-03T03:06:00,M01,12.522,1.957,27.003,20.748,45.013
2026-09-03T03:07:00,M01,12.819,1.970,27.191,20.651,44.159
2026-09-03T03:08:00,M01,12.503,1.929,26.882,20.758,45.755
2026-09-03T03:09:00,M01,12.638,1.995,26.995,20.426,45.526
2026-09-03T03:10:00,M01,12.701,1.987,27.165,20.812,44.021
2026-09-03T03:11:00,M01,12.620,1.999,26.962,20.918,43.096
2026-09-03T03:12:00,M01,12.488,1.977,27.023,21.018,44.993
2026-09-03T03:13:00,M01,12.835,2.014,26.632,20.783,44.229
2026-09-03T03:14:00,M01,12.691,2.094,27.010,20.564,45.926
2026-09-03T03:15:00,M01,12.564,2.009,26.840,20.834,45.383
2026-09-03T03:16:00,M01,12.774,1.972,27.047,20.661,45.136
2026-09-03T03:17:00,M01,12.656,1.987,27.240,20.957,46.312
2026-09-03T03:18:00,M01,12.716,1.994,27.115,20.807,45.002
2026-09-03T03:19:00,M01,12.685,2.025,26.913,20.812,45.648
2026-09-03T03:20:00,M01,12.420,2.066,26.858,21.135,46.224
2026-09-03T03:21:00,M01,12.625,1.982,27.205,20.683,44.436
2026-09-03T03:22:00,M01,12.460,2.045,26.836,21.065,46.028
2026-09-03T03:23:00,M01,12.548,1.987,26.936,20.939,44.045
2026-09-03T03:24:00,M01,12.396,2.002,27.026,21.148,44.105
2026-09-03T03:25:00,M01,12.650,2.039,26.846,20.190,44.486
2026-09-03T03:26:00,M01,12.615,2.064,27.295,20.678,44.567
2026-09-03T03:27:00,M01,12.453,1.890,27.036,20.859,46.647
2026-09-03T03:28:00,M01,12.597,1.975,26.745,20.893,44.348
2026-09-03T03:29:00,M01,12.629,1.910,26.987,20.691,47.170
2026-09-03T03:30:00,M01,12.700,1.957,26.780,20.957,44.631
2026-09-03T03:31:00,M01,12.645,1.924,26.967,21.156,45.130
2026-09-03T03:32:00,M01,12.526,2.062,27.206,20.924,43.378
2026-09-03T03:33:00,M01,12.527,1.978,26.930,20.994,45.562
2026-09-03T03:34:00,M01,12.561,1.977,27.147,20.692,44.705
2026-09-03T03:35:00,M01,12.585,2.044,27.077,20.916,47.521
2026-09-03T03:36:00,M01,12.787,1.943,26.890,20.353,44.280
2026-09-03T03:37:00,M01,12.663,2.057,27.320,20.705,46.173
2026-09-03T03:38:00,M01,12.436,1.813,26.950,20.451,45.957
2026-09-03T03:39:00,M01,12.659,1.970,27.066,20.629,45.446
2026-09-03T03:40:00,M01,12.634,1.938,26.891,20.825,45.892
2026-09-03T03:41:00,M01,12.453,2.079,27.040,20.859,44.521
2026-09-03T03:42:00,M01,12.652,1.996,27.171,20.906,44.693
2026-09-03T03:43:00,M01,12.601,2.062,26.799,20.505,45.757
2026-09-03T03:44:00,M01,12.732,2.026,26.787,20.948,45.193
2026-09-03T03:45:00,M01,12.455,1.931,27.009,20.571,45.399
2026-09-03T03:46:00,M01,12.659,2.039,26.869,20.734,45.829
2026-09-03T03:47:00,M01,12.693,2.027,27.127,20.695,45.879
2026-09-03T03:48:00,M01,12.620,2.029,26.920,20.793,42.351
2026-09-03T03:49:00,M01,12.657,1.952,26.699,20.546,44.672
2026-09-03T03:50:00,M01,12.649,1.937,27.056,20.583,46.219
2026-09-03T03:51:00,M01,12.559,1.996,26.920,21.013,45.341
2026-09-03T03:52:00,M01,12.641,1.937,27.022,20.740,44.389
2026-09-03T03:53:00,M01,12.621,1.933,27.050,21.341,45.871
2026-09-03T03:54:00,M01,12.632,2.076,26.851,21.103,44.625
2026-09-03T03:55:00,M01,12.527,2.048,26.922,21.030,45.973
2026-09-03T03:56:00,M01,12.527,2.048,27.051,20.601,45.609
2026-09-03T03:57:00,M01,12.590,1.955,27.029,20.958,44.105
2026-09-03T03:58:00,M01,12.441,2.005,27.036,20.624,45.177
2026-09-03T03:59:00,M01,12.765,2.018,27.149,20.629,42.594
2026-09-03T04:00:00,M01,12.718,1.993,27.158,20.873,45.361
2026-09-03T04:01:00,M01,12.562,2.048,27.064,20.707,43.785
2026-09-03T04:02:00,M01,12.303,2.040,26.978,20.575,45.455
2026-09-03T04:03:00,M01,12.809,2.013,26.640,20.639,45.853
2026-09-03T04:04:00,M01,12.594,1.997,27.204,20.858,44.823
2026-09-03T04:05:00,M01,12.692,1.970,27.058,20.873,45.837
2026-09-03T04:06:00,M01,12.626,2.085,27.111,20.671,43.980
2026-09-03T04:07:00,M01,12.722,1.953,27.223,20.874,44.338
2026-09-03T04:08:00,M01,12.591,2.033,26.988,20.924,45.188
2026-09-03T04:09:00,M01,12.555,1.995,26.838,20.747,43.882
2026-09-03T04:10:00,M01,12.579,2.029,26.679,20.583,43.430
2026-09-03T04:11:00,M01,12.628,1.991,26.898,20.834,44.103
2026-09-03T04:12:00,M01,12.635,1.988,27.159,20.400,43.351
2026-09-03T04:13:00,M01,12.552,1.978,26.927,20.788,44.844
2026-09-03T04:14:00,M01,12.679,2.085,26.719,20.779,44.087
2026-09-03T04:15:00,M01,12.515,2.003,27.037,20.792,45.248
2026-09-03T04:16:00,M01,12.511,1.998,27.139,20.970,46.021
2026-09-03T04:17:00,M01,12.544,2.045,27.000,20.853,44.641
2026-09-03T04:18:00,M01,12.615,1.954,27.049,20.736,44.733
2026-09-03T04:19:00,M01,12.613,1.974,26.846,20.718,44.866
2026-09-03T04:20:00,M01,12.548,2.106,26.916,20.811,43.730
2026-09-03T04:21:00,M01,12.615,1.928,27.004,20.635,46.217
2026-09-03T04:22:00,M01,12.745,2.015,26.833,20.961,44.453
2026-09-03T04:23:00,M01,12.609,1.945,27.166,20.826,43.845
2026-09-03T04:24:00,M01,12.642,2.051,27.057,20.853,44.530
2026-09-03T04:25:00,M01,12.650,1.966,26.912,20.435,46.287
2026-09-03T04:26:00,M01,12.589,2.019,27.108,20.764,47.390
2026-09-03T04:27:00,M01,12.523,2.068,27.129,20.928,44.882
2026-09-03T04:28:00,M01,12.613,2.018,26.914,20.976,46.947
2026-09-03T04:29:00,M01,12.513,2.005,27.349,20.638,46.504
2026-09-03T04:30:00,M01,12.531,2.046,26.976,20.793,45.788
2026-09-03T04:31:00,M01,12.732,1.969,26.932,20.925,45.677
2026-09-03T04:32:00,M01,12.574,2.032,26.979,21.128,43.368
2026-09-03T04:33:00,M01,12.529,1.928,26.969,20.789,44.572
2026-09-03T04:34:00,M01,12.673,1.953,26.918,20.546,46.207
2026-09-03T04:35:00,M01,12.746,1.958,26.994,21.098,43.902
2026-09-03T04:36:00,M01,12.490,1.979,27.074,20.863,45.347
2026-09-03T04:37:00,M01,12.733,1.927,26.909,20.960,43.483
2026-09-03T04:38:00,M01,12.807,2.062,27.067,20.817,44.832
2026-09-03T04:39:00,M01,12.526,1.956,26.832,20.826,45.442
2026-09-03T04:40:00,M01,12.612,1.940,27.049,20.744,44.931
2026-09-03T04:41:00,M01,12.620,1.972,27.024,20.867,45.609
2026-09-03T04:42:00,M01,12.527,1.949,27.090,20.608,45.520
2026-09-03T04:43:00,M01,12.715,1.938,26.885,20.867,44.703
2026-09-03T04:44:00,M01,12.624,2.014,27.081,20.535,46.290
2026-09-03T04:45:00,M01,12.521,1.898,27.002,20.869,44.602
2026-09-03T04:46:00,M01,12.403,2.024,26.839,20.738,45.288
2026-09-03T04:47:00,M01,12.639,2.071,27.103,20.628,44.973
2026-09-03T04:48:00,M01,12.523,2.028,26.948,20.840,45.736
2026-09-03T04:49:00,M01,12.546,2.031,27.307,21.072,45.358
2026-09-03T04:50:00,M01,12.616,1.974,26.943,20.506,44.703
2026-09-03T04:51:00,M01,12.645,1.982,27.005,20.826,44.739
2026-09-03T04:52:00,M01,12.585,2.022,26.893,20.817,46.758
2026-09-03T04:53:00,M01,12.531,2.044,27.043,20.832,45.198
2026-09-03T04:54:00,M01,12.555,2.024,27.024,20.922,45.475
2026-09-03T04:55:00,M01,12.608,2.065,27.021,21.215,46.034
2026-09-03T04:56:00,M01,12.736,1.976,27.136,20.668,45.384
2026-09-03T04:57:00,M01,12.723,1.903,26.745,20.985,45.795
2026-09-03T04:58:00,M01,12.609,1.922,26.950,20.686,45.936
2026-09-03T04:59:00,M01,12.587,2.054,26.914,20.945,44.765
2026-09-03T05:00:00,M01,12.575,2.066,26.943,21.174,45.843
2026-09-03T05:01:00,M01,12.726,2.063,26.834,20.830,45.739
2026-09-03T05:02:00,M01,12.665,1.992,27.137,20.815,44.092
2026-09-03T05:03:00,M01,12.584,1.991,27.018,20.863,44.184
2026-09-03T05:04:00,M01,12.461,2.029,27.076,20.874,43.393
2026-09-03T05:05:00,M01,12.623,2.020,27.113,20.538,45.080
2026-09-03T05:06:00,M01,12.499,1.948,26.941,20.755,44.767
2026-09-03T05:07:00,M01,12.630,1.918,27.119,20.818,46.011
2026-09-03T05:08:00,M01,12.731,2.007,26.939,20.595,46.094
2026-09-03T05:09:00,M01,12.446,2.037,27.192,20.442,45.698
2026-09-03T05:10:00,M01,12.762,2.053,26.903,20.880,45.889
2026-09-03T05:11:00,M01,12.644,2.041,26.883,20.962,44.963
2026-09-03T05:12:00,M01,12.604,2.019,26.798,20.812,45.396
2026-09-03T05:13:00,M01,12.747,2.120,27.092,20.812,43.918
2026-09-03T05:14:00,M01,12.495,2.043,26.884,20.847,44.547
2026-09-03T05:15:00,M01,12.711,2.045,27.090,21.007,46.809
2026-09-03T05:16:00,M01,12.624,1.974,27.008,20.773,45.133
2026-09-03T05:17:00,M01,12.489,1.885,27.038,21.006,44.594
2026-09-03T05:18:00,M01,12.795,2.006,26.973,20.907,45.816
2026-09-03T05:19:00,M01,12.644,1.910,26.858,20.855,45.339
2026-09-03T05:20:00,M01,12.605,2.062,26.780,20.916,46.350
2026-09-03T05:21:00,M01,12.648,1.987,27.014,20.795,45.127
2026-09-03T05:22:00,M01,12.540,2.040,27.252,20.768,46.663
2026-09-03T05:23:00,M01,12.491,2.028,27.045,20.880,44.022
2026-09-03T05:24:00,M01,12.700,2.069,27.048,20.868,42.161
2026-09-03T05:25:00,M01,12.726,2.083,26.894,20.364,45.653
2026-09-03T05:26:00,M01,12.569,1.974,26.959,20.634,45.820
2026-09-03T05:27:00,M01,12.488,1.932,27.307,20.899,45.325
2026-09-03T05:28:00,M01,12.804,1.955,27.029,20.858,44.285
2026-09-03T05:29:00,M01,12.566,1.911,26.816,20.693,44.502
2026-09-03T05:30:00,M01,12.758,1.990,27.321,20.725,45.216
2026-09-03T05:31:00,M01,12.594,1.994,26.888,20.952,45.421
2026-09-03T05:32:00,M01,12.524,2.018,26.892,20.660,44.471
2026-09-03T05:33:00,M01,12.575,1.996,26.954,20.924,44.823
2026-09-03T05:34:00,M01,12.586,2.042,26.959,20.680,45.424
2026-09-03T05:35:00,M01,12.560,2.070,26.932,20.673,44.634
2026-09-03T05:36:00,M01,12.484,2.057,27.067,20.744,44.630
2026-09-03T05:37:00,M01,12.425,1.962,26.811,20.524,44.519
2026-09-03T05:38:00,M01,12.518,1.989,26.894,20.779,45.392
2026-09-03T05:39:00,M01,12.649,2.021,27.181,20.948,45.482
2026-09-03T05:40:00,M01,12.668,1.957,26.878,20.833,43.106
2026-09-03T05:41:00,M01,12.638,2.028,27.199,20.389,45.345
2026-09-03T05:42:00,M01,12.740,1.972,27.073,20.768,44.054
2026-09-03T05:43:00,M01,12.697,1.983,27.027,20.981,44.896
2026-09-03T05:44:00,M01,12.636,2.017,27.071,21.005,45.601
2026-09-03T05:45:00,M01,12.460,1.994,27.252,20.799,44.620
2026-09-03T05:46:00,M01,12.657,2.051,26.832,20.924,45.316
2026-09-03T05:47:00,M01,12.708,1.903,27.145,20.877,44.231
2026-09-03T05:48:00,M01,12.705,1.934,27.139,20.928,47.066
2026-09-03T05:49:00,M01,12.552,2.041,26.974,20.861,42.194
2026-09-03T05:50:00,M01,12.439,1.927,27.085,20.876,44.201
2026-09-03T05:51:00,M01,12.615,1.962,27.010,20.712,43.874
2026-09-03T05:52:00,M01,12.595,2.006,26.827,20.688,44.652
2026-09-03T05:53:00,M01,12.625,2.006,26.963,20.786,45.368
2026-09-03T05:54:00,M01,12.503,2.048,27.112,20.962,44.359
2026-09-03T05:55:00,M01,12.776,1.943,27.104,20.770,46.680
2026-09-03T05:56:00,M01,12.668,1.976,26.926,21.112,43.608
2026-09-03T05:57:00,M01,12.573,1.947,27.076,20.592,44.988
2026-09-03T05:58:00,M01,12.406,2.011,26.786,20.822,42.497
2026-09-03T05:59:00,M01,12.665,2.017,27.142,21.115,45.708
2026-09-03T06:00:00,M01,12.585,2.033,26.826,20.626,44.928
2026-09-03T06:01:00,M01,12.631,1.967,27.116,20.850,45.065
2026-09-03T06:02:00,M01,12.585,1.926,27.313,20.771,45.451
2026-09-03T06:03:00,M01,12.534,1.977,26.905,20.889,45.553
2026-09-03T06:04:00,M01,12.489,1.962,26.806,20.556,44.271
2026-09-03T06:05:00,M01,12.654,1.920,27.103,20.851,46.885
2026-09-03T06:06:00,M01,12.470,2.018,27.046,20.846,44.278
2026-09-03T06:07:00,M01,12.617,1.973,26.754,20.746,43.554
2026-09-03T06:08:00,M01,12.758,1.995,27.153,20.980,45.928
2026-09-03T06:09:00,M01,12.500,1.990,27.030,20.765,44.757
2026-09-03T06:10:00,M01,12.475,2.043,26.843,20.810,44.108
2026-09-03T06:11:00,M01,12.515,1.987,27.110,20.588,43.570
2026-09-03T06:12:00,M01,12.660,1.868,27.116,21.234,44.753
2026-09-03T06:13:00,M01,12.584,1.918,26.934,20.929,43.765
2026-09-03T06:14:00,M01,12.538,2.022,27.324,20.830,43.572
2026-09-03T06:15:00,M01,12.570,1.984,27.059,20.957,45.170
2026-09-03T06:16:00,M01,12.610,1.948,27.097,20.977,44.112
2026-09-03T06:17:00,M01,12.543,2.012,27.182,20.856,41.501
2026-09-03T06:18:00,M01,12.600,2.015,26.788,20.748,45.085
2026-09-03T06:19:00,M01,12.665,2.080,26.900,20.735,44.465
2026-09-03T06:20:00,M01,12.768,2.012,27.014,20.644,43.586
2026-09-03T06:21:00,M01,12.739,2.033,26.940,20.833,44.061
2026-09-03T06:22:00,M01,12.593,2.032,27.192,20.688,46.005
2026-09-03T06:23:00,M01,12.558,2.010,27.192,20.819,46.201
2026-09-03T06:24:00,M01,12.725,1.992,26.964,20.901,42.485
2026-09-03T06:25:00,M01,12.750,1.965,27.280,21.071,44.525
2026-09-03T06:26:00,M01,12.644,2.037,27.265,21.057,44.284
2026-09-03T06:27:00,M01,12.560,2.045,27.079,21.042,44.991
2026-09-03T06:28:00,M01,12.489,1.956,27.085,20.810,46.093
2026-09-03T06:29:00,M01,12.549,1.946,26.857,20.684,46.414
2026-09-03T06:30:00,M01,12.579,2.027,26.987,20.837,45.067
2026-09-03T06:31:00,M01,12.612,2.108,27.008,20.702,45.145
2026-09-03T06:32:00,M01,12.593,1.986,27.040,20.641,44.842
2026-09-03T06:33:00,M01,12.511,2.000,27.089,20.950,45.292
2026-09-03T06:34:00,M01,12.680,1.990,27.086,20.489,43.676
2026-09-03T06:35:00,M01,12.696,1.991,27.057,20.607,43.348
2026-09-03T06:36:00,M01,12.741,2.086,26.997,20.688,45.239
2026-09-03T06:37:00,M01,12.556,1.887,27.026,20.398,44.418
2026-09-03T06:38:00,M01,12.772,1.943,26.942,20.882,44.625
2026-09-03T06:39:00,M01,12.679,1.973,27.067,20.788,43.558
2026-09-03T06:40:00,M01,12.503,2.052,26.997,20.844,46.041
2026-09-03T06:41:00,M01,12.740,2.031,27.072,20.445,45.093
2026-09-03T06:42:00,M01,12.549,1.927,26.768,20.718,45.502
2026-09-03T06:43:00,M01,12.588,2.002,27.205,20.693,45.213
2026-09-03T06:44:00,M01,12.602,2.035,26.834,20.609,44.547
2026-09-03T06:45:00,M01,12.546,2.061,26.934,20.574,42.901
2026-09-03T06:46:00,M01,12.704,1.964,26.948,20.599,44.220
2026-09-03T06:47:00,M01,12.554,1.952,27.097,20.844,45.005
2026-09-03T06:48:00,M01,12.633,2.051,26.826,20.784,46.516
2026-09-03T06:49:00,M01,12.691,1.933,26.966,21.098,46.739
2026-09-03T06:50:00,M01,12.426,2.061,27.124,21.036,41.831
2026-09-03T06:51:00,M01,12.709,1.956,27.146,20.958,44.415
2026-09-03T06:52:00,M01,12.714,2.044,26.933,20.862,44.958
2026-09-03T06:53:00,M01,12.821,1.962,27.281,20.892,44.237
2026-09-03T06:54:00,M01,12.739,2.017,26.905,20.772,44.561
2026-09-03T06:55:00,M01,12.763,1.970,26.954,20.236,45.552
2026-09-03T06:56:00,M01,12.787,1.973,26.957,20.733,43.605
2026-09-03T06:57:00,M01,12.528,1.991,27.021,20.950,45.060
2026-09-03T06:58:00,M01,12.630,2.027,27.073,20.790,46.074
2026-09-03T06:59:00,M01,12.476,1.977,27.210,20.504,46.969
2026-09-03T07:00:00,M01,12.624,2.061,27.032,20.718,42.544
2026-09-03T07:01:00,M01,12.670,2.004,26.867,21.015,46.064
2026-09-03T07:02:00,M01,12.629,1.943,27.021,20.940,46.063
2026-09-03T07:03:00,M01,12.648,2.031,27.063,20.500,44.513
2026-09-03T07:04:00,M01,12.582,2.042,26.949,20.461,42.595
2026-09-03T07:05:00,M01,12.527,1.998,27.167,20.703,44.999
2026-09-03T07:06:00,M01,12.490,2.027,27.175,20.679,44.820
2026-09-03T07:07:00,M01,12.562,2.003,26.946,20.911,44.443
2026-09-03T07:08:00,M01,12.474,1.964,26.787,20.774,46.175
2026-09-03T07:09:00,M01,12.522,1.965,27.071,20.744,44.657
2026-09-03T07:10:00,M01,12.577,1.984,26.886,21.061,45.588
2026-09-03T07:11:00,M01,12.812,2.030,26.923,20.798,46.294
2026-09-03T07:12:00,M01,12.575,2.006,26.839,20.743,44.538
2026-09-03T07:13:00,M01,12.726,2.002,27.167,20.803,43.305
2026-09-03T07:14:00,M01,12.550,1.995,27.159,21.064,45.182
2026-09-03T07:15:00,M01,12.554,2.031,26.870,20.986,44.364
2026-09-03T07:16:00,M01,12.489,2.068,27.234,20.755,45.075
2026-09-03T07:17:00,M01,12.582,1.933,27.104,20.790,46.318
2026-09-03T07:18:00,M01,12.579,1.962,27.092,20.780,43.654
2026-09-03T07:19:00,M01,12.689,1.996,26.990,20.701,44.407
2026-09-03T07:20:00,M01,12.618,1.945,27.356,20.972,42.844
2026-09-03T07:21:00,M01,12.541,1.937,27.079,20.686,45.008
2026-09-03T07:22:00,M01,12.601,2.062,26.889,20.463,44.573
2026-09-03T07:23:00,M01,12.664,2.021,26.716,20.594,44.517
2026-09-03T07:24:00,M01,12.541,1.985,27.024,20.523,43.960
2026-09-03T07:25:00,M01,12.712,1.992,26.788,20.890,46.060
2026-09-03T07:26:00,M01,12.488,2.021,27.009,20.913,46.824
2026-09-03T07:27:00,M01,12.693,1.978,27.204,20.671,45.391
2026-09-03T07:28:00,M01,12.563,2.036,26.869,20.714,42.562
2026-09-03T07:29:00,M01,12.479,2.003,26.932,20.674,44.629
2026-09-03T07:30:00,M01,12.600,1.988,27.165,20.996,42.174
2026-09-03T07:31:00,M01,12.633,1.958,27.087,20.906,44.368
2026-09-03T07:32:00,M01,12.648,2.021,26.871,20.406,43.749
2026-09-03T07:33:00,M01,12.717,1.955,26.919,20.600,45.400
2026-09-03T07:34:00,M01,12.755,2.027,26.972,20.726,46.142
2026-09-03T07:35:00,M01,12.565,2.005,27.151,21.062,44.618
2026-09-03T07:36:00,M01,12.517,1.992,27.093,20.317,45.736
2026-09-03T07:37:00,M01,12.619,1.932,27.015,20.705,43.956
2026-09-03T07:38:00,M01,12.715,2.008,27.084,20.982,45.052
2026-09-03T07:39:00,M01,12.738,1.971,26.959,20.861,44.551
2026-09-03T07:40:00,M01,12.701,1.999,26.904,20.693,45.676
2026-09-03T07:41:00,M01,12.705,2.000,27.225,20.969,43.708
2026-09-03T07:42:00,M01,12.629,2.000,26.858,20.890,44.916
2026-09-03T07:43:00,M01,12.482,1.984,27.130,20.798,45.197
2026-09-03T07:44:00,M01,12.579,2.002,26.988,20.969,44.257
2026-09-03T07:45:00,M01,12.533,2.005,27.155,20.663,45.525
2026-09-03T07:46:00,M01,12.620,2.025,27.010,20.895,47.001
2026-09-03T07:47:00,M01,12.501,2.035,27.054,21.164,44.294
2026-09-03T07:48:00,M01,12.549,1.980,26.914,20.661,43.941
2026-09-03T07:49:00,M01,12.584,2.004,27.113,20.646,44.892
2026-09-03T07:50:00,M01,12.674,1.961,26.949,20.667,46.181
2026-09-03T07:51:00,M01,12.569,1.983,26.878,21.003,44.443
2026-09-03T07:52:00,M01,12.586,1.940,26.915,20.709,44.064
2026-09-03T07:53:00,M01,12.568,2.028,27.353,20.672,44.544
2026-09-03T07:54:00,M01,12.754,2.035,26.970,21.149,45.134
2026-09-03T07:55:00,M01,12.555,1.944,27.190,20.637,43.914
2026-09-03T07:56:00,M01,12.521,2.030,27.016,20.761,44.436
2026-09-03T07:57:00,M01,12.725,2.051,26.825,21.098,45.153
2026-09-03T07:58:00,M01,12.650,1.969,26.778,20.677,46.342
2026-09-03T07:59:00,M01,12.749,1.941,27.093,20.778,43.538
2026-09-03T08:00:00,M01,11.968,1.787,23.720,19.816,44.328
2026-09-03T08:01:00,M01,12.204,1.790,24.127,19.975,46.399
2026-09-03T08:02:00,M01,12.129,1.747,24.215,20.032,45.700
2026-09-03T08:03:00,M01,12.069,1.777,24.234,20.144,44.434
2026-09-03T08:04:00,M01,12.062,1.841,24.432,19.897,44.516
2026-09-03T08:05:00,M01,12.000,1.937,24.631,20.252,44.674
2026-09-03T08:06:00,M01,12.249,1.892,24.645,19.976,47.650
2026-09-03T08:07:00,M01,12.203,1.858,24.677,20.100,43.107
2026-09-03T08:08:00,M01,12.376,1.869,24.797,20.188,45.842
2026-09-03T08:09:00,M01,12.148,1.880,24.536,20.458,44.566
2026-09-03T08:10:00,M01,12.225,1.928,25.088,20.002,43.929
2026-09-03T08:11:00,M01,12.240,1.856,24.816,20.398,44.006
2026-09-03T08:12:00,M01,12.198,1.905,24.963,20.200,45.219
2026-09-03T08:13:00,M01,12.048,1.912,25.122,20.481,45.139
2026-09-03T08:14:00,M01,12.077,1.812,24.854,20.512,44.249
2026-09-03T08:15:00,M01,12.274,1.858,25.166,20.169,44.513
2026-09-03T08:16:00,M01,12.307,1.860,25.022,20.537,43.795
2026-09-03T08:17:00,M01,12.124,1.845,25.022,20.464,45.464
2026-09-03T08:18:00,M01,12.435,1.896,25.069,20.319,45.259
2026-09-03T08:19:00,M01,12.294,1.848,25.362,20.719,44.388
2026-09-03T08:20:00,M01,12.184,1.869,25.622,20.455,44.422
2026-09-03T08:21:00,M01,12.250,1.864,25.465,19.945,46.264
2026-09-03T08:22:00,M01,12.380,1.902,25.702,20.316,47.736
2026-09-03T08:23:00,M01,12.301,1.920,25.312,20.221,42.718
2026-09-03T08:24:00,M01,12.528,1.924,25.445,20.160,45.415
2026-09-03T08:25:00,M01,12.320,1.976,25.730,20.806,45.935
2026-09-03T08:26:00,M01,12.107,1.948,25.849,20.723,45.659
2026-09-03T08:27:00,M01,12.385,1.926,25.860,20.754,43.209
2026-09-03T08:28:00,M01,12.231,1.894,25.859,20.512,45.426
2026-09-03T08:29:00,M01,12.411,1.908,25.841,20.300,44.504
2026-09-03T08:30:00,M01,12.414,1.854,26.052,20.486,43.273
2026-09-03T08:31:00,M01,12.391,1.910,25.804,20.555,45.127
2026-09-03T08:32:00,M01,12.356,1.987,25.711,20.523,43.181
2026-09-03T08:33:00,M01,12.412,1.971,25.955,20.614,44.752
2026-09-03T08:34:00,M01,12.350,1.960,26.073,20.256,46.215
2026-09-03T08:35:00,M01,12.308,1.908,26.177,20.477,45.789
2026-09-03T08:36:00,M01,12.438,1.862,26.049,20.793,44.370
2026-09-03T08:37:00,M01,12.260,2.017,26.087,20.648,44.519
2026-09-03T08:38:00,M01,12.395,1.929,26.004,20.545,43.879
2026-09-03T08:39:00,M01,12.181,1.901,26.217,20.621,44.675
2026-09-03T08:40:00,M01,12.588,1.963,26.217,20.572,45.295
2026-09-03T08:41:00,M01,12.636,1.988,26.301,20.477,44.872
2026-09-03T08:42:00,M01,12.572,1.918,26.033,20.551,44.058
2026-09-03T08:43:00,M01,12.469,1.912,26.069,20.537,43.570
2026-09-03T08:44:00,M01,12.477,1.933,26.330,20.530,46.800
2026-09-03T08:45:00,M01,12.368,2.001,26.159,20.717,44.752
2026-09-03T08:46:00,M01,12.343,1.935,26.330,20.237,45.008
2026-09-03T08:47:00,M01,12.272,1.961,26.323,20.351,46.244
2026-09-03T08:48:00,M01,12.376,1.916,26.434,20.525,45.759
2026-09-03T08:49:00,M01,12.505,1.976,26.484,20.484,43.947
2026-09-03T08:50:00,M01,12.494,1.867,26.819,20.583,46.294
2026-09-03T08:51:00,M01,12.458,2.008,26.574,20.703,43.542
2026-09-03T08:52:00,M01,12.498,1.950,26.424,20.779,42.675
2026-09-03T08:53:00,M01,12.628,1.935,26.639,20.579,44.563
2026-09-03T08:54:00,M01,12.489,1.932,26.408,20.624,43.899
2026-09-03T08:55:00,M01,12.583,1.930,26.532,20.534,43.653
2026-09-03T08:56:00,M01,12.473,2.012,26.615,20.690,44.189
2026-09-03T08:57:00,M01,12.386,1.935,26.634,20.749,45.536
2026-09-03T08:58:00,M01,12.566,2.022,26.290,20.773,45.904
2026-09-03T08:59:00,M01,12.423,1.987,26.648,20.681,43.143
2026-09-03T09:00:00,M01,12.500,1.955,26.717,20.310,44.983
2026-09-03T09:01:00,M01,12.491,2.043,26.629,20.582,43.215
2026-09-03T09:02:00,M01,12.518,2.038,26.668,20.710,43.988
2026-09-03T09:03:00,M01,12.439,1.909,26.690,20.604,43.528
2026-09-03T09:04:00,M01,12.634,1.991,26.415,20.540,43.923
2026-09-03T09:05:00,M01,12.828,2.011,26.637,20.542,43.468
2026-09-03T09:06:00,M01,12.546,1.962,26.733,20.782,43.742
2026-09-03T09:07:00,M01,12.535,2.043,26.656,20.633,44.840
2026-09-03T09:08:00,M01,12.581,2.025,26.827,20.755,47.470
2026-09-03T09:09:00,M01,12.517,2.024,26.537,20.757,46.041
2026-09-03T09:10:00,M01,12.372,1.915,26.860,21.136,44.008
2026-09-03T09:11:00,M01,12.671,2.013,26.796,20.592,45.596
2026-09-03T09:12:00,M01,12.586,1.947,26.544,20.643,45.336
2026-09-03T09:13:00,M01,12.492,2.021,26.508,20.378,45.534
2026-09-03T09:14:00,M01,12.538,1.961,26.804,20.765,46.367
2026-09-03T09:15:00,M01,12.434,1.976,26.707,20.674,42.620
2026-09-03T09:16:00,M01,12.691,1.998,26.917,20.835,45.192
2026-09-03T09:17:00,M01,12.641,2.003,26.847,20.721,44.123
2026-09-03T09:18:00,M01,12.514,2.009,26.465,21.045,46.322
2026-09-03T09:19:00,M01,12.584,1.938,26.721,20.530,45.361
2026-09-03T09:20:00,M01,12.566,1.903,26.579,20.350,46.430
2026-09-03T09:21:00,M01,12.525,1.906,26.742,20.663,44.051
2026-09-03T09:22:00,M01,12.379,1.992,26.910,20.879,43.338
2026-09-03T09:23:00,M01,12.681,2.047,26.784,20.693,45.323
2026-09-03T09:24:00,M01,12.571,1.971,26.842,20.810,47.174
2026-09-03T09:25:00,M01,12.480,2.070,27.024,21.005,43.943
2026-09-03T09:26:00,M01,12.441,1.981,27.007,20.913,45.013
2026-09-03T09:27:00,M01,12.607,1.981,26.685,20.627,46.751
2026-09-03T09:28:00,M01,12.464,2.013,26.789,20.692,45.131
2026-09-03T09:29:00,M01,12.420,2.030,26.871,21.058,45.880
2026-09-03T09:30:00,M01,12.528,1.957,26.542,20.886,44.232
2026-09-03T09:31:00,M01,12.559,2.061,26.723,21.066,44.576
2026-09-03T09:32:00,M01,12.673,1.966,27.101,20.832,45.366
2026-09-03T09:33:00,M01,12.568,1.971,26.817,20.899,45.875
2026-09-03T09:34:00,M01,12.680,1.987,26.972,20.716,45.619
2026-09-03T09:35:00,M01,12.608,1.955,26.710,21.064,44.142
2026-09-03T09:36:00,M01,12.610,1.974,26.937,21.005,43.331
2026-09-03T09:37:00,M01,12.630,1.929,26.984,21.026,45.045
2026-09-03T09:38:00,M01,12.551,2.035,26.816,20.767,44.282
2026-09-03T09:39:00,M01,12.681,1.989,27.014,20.485,43.720
2026-09-03T09:40:00,M01,12.748,2.043,27.201,20.689,45.667
2026-09-03T09:41:00,M01,12.630,1.992,26.960,20.459,43.849
2026-09-03T09:42:00,M01,12.727,2.033,26.764,20.863,44.364
2026-09-03T09:43:00,M01,12.497,2.126,26.913,20.760,46.326
2026-09-03T09:44:00,M01,12.482,2.090,27.207,20.918,44.061
2026-09-03T09:45:00,M01,12.590,1.945,27.270,20.780,44.380
2026-09-03T09:46:00,M01,12.552,1.883,26.929,20.986,45.219
2026-09-03T09:47:00,M01,12.575,1.918,26.994,20.901,43.865
2026-09-03T09:48:00,M01,12.531,1.937,26.574,20.709,44.338
2026-09-03T09:49:00,M01,12.688,1.955,26.705,20.762,45.708
2026-09-03T09:50:00,M01,12.666,2.001,26.927,20.476,45.725
2026-09-03T09:51:00,M01,12.560,2.012,26.988,20.868,45.465
2026-09-03T09:52:00,M01,12.537,1.921,27.039,21.233,44.153
2026-09-03T09:53:00,M01,12.609,1.963,27.166,20.815,47.340
2026-09-03T09:54:00,M01,12.631,1.961,27.116,20.732,44.135
2026-09-03T09:55:00,M01,12.688,1.959,26.905,20.933,44.704
2026-09-03T09:56:00,M01,12.696,1.973,26.776,20.571,46.382
2026-09-03T09:57:00,M01,12.595,1.978,27.087,20.696,47.952
2026-09-03T09:58:00,M01,12.447,2.042,26.978,20.778,44.810
2026-09-03T09:59:00,M01,12.546,2.064,26.839,20.941,43.383
2026-09-03T10:00:00,M01,12.503,1.985,27.049,20.645,45.581
2026-09-03T10:01:00,M01,12.666,2.008,26.918,20.627,46.489
2026-09-03T10:02:00,M01,12.477,1.961,26.687,20.632,44.490
2026-09-03T10:03:00,M01,12.668,2.033,26.698,20.701,45.613
2026-09-03T10:04:00,M01,12.586,1.962,27.044,20.771,44.702
2026-09-03T10:05:00,M01,12.568,2.010,27.099,20.799,44.284
2026-09-03T10:06:00,M01,12.575,2.018,27.055,21.078,45.923
2026-09-03T10:07:00,M01,12.514,1.941,26.993,21.201,45.455
2026-09-03T10:08:00,M01,12.710,2.024,26.842,20.617,46.545
2026-09-03T10:09:00,M01,12.406,1.964,27.031,20.547,44.958
2026-09-03T10:10:00,M01,12.442,1.974,26.883,20.836,43.120
2026-09-03T10:11:00,M01,12.449,2.049,26.898,20.857,46.670
2026-09-03T10:12:00,M01,12.674,2.005,26.880,20.818,43.271
2026-09-03T10:13:00,M01,12.665,2.015,26.868,20.573,44.170
2026-09-03T10:14:00,M01,12.464,2.080,26.851,20.807,44.464
2026-09-03T10:15:00,M01,12.400,1.951,26.959,20.778,45.403
2026-09-03T10:16:00,M01,12.664,2.006,26.958,20.789,46.122
2026-09-03T10:17:00,M01,12.730,2.002,26.999,20.786,45.295
2026-09-03T10:18:00,M01,12.536,2.031,27.322,20.881,45.096
2026-09-03T10:19:00,M01,12.524,1.961,27.003,20.665,46.715
2026-09-03T10:20:00,M01,12.512,1.957,26.954,20.761,45.981
2026-09-03T10:21:00,M01,12.675,1.984,26.731,20.830,46.060
2026-09-03T10:22:00,M01,12.592,1.911,27.189,20.754,43.690
2026-09-03T10:23:00,M01,12.606,1.999,26.847,21.216,46.295
2026-09-03T10:24:00,M01,12.648,1.979,26.811,20.561,46.109
2026-09-03T10:25:00,M01,12.735,1.896,27.152,20.871,44.378
2026-09-03T10:26:00,M01,12.534,1.985,27.044,20.816,45.268
2026-09-03T10:27:00,M01,12.683,1.959,26.700,20.624,42.372
2026-09-03T10:28:00,M01,12.535,1.995,27.019,20.650,44.427
2026-09-03T10:29:00,M01,12.593,2.033,26.941,20.669,43.399
2026-09-03T10:30:00,M01,12.616,2.011,26.919,21.005,42.076
2026-09-03T10:31:00,M01,12.563,1.987,26.871,20.739,45.268
2026-09-03T10:32:00,M01,12.593,2.029,27.090,20.622,45.486
2026-09-03T10:33:00,M01,12.673,1.972,27.126,20.632,44.447
2026-09-03T10:34:00,M01,12.684,2.035,27.254,20.968,44.953
2026-09-03T10:35:00,M01,12.519,2.033,27.033,20.763,44.172
2026-09-03T10:36:00,M01,12.414,1.990,26.782,20.728,44.481
2026-09-03T10:37:00,M01,12.539,2.010,27.253,21.095,44.752
2026-09-03T10:38:00,M01,12.648,1.961,26.773,20.960,44.515
2026-09-03T10:39:00,M01,12.624,1.933,27.021,20.875,45.027
2026-09-03T10:40:00,M01,12.459,2.079,26.591,20.621,45.838
2026-09-03T10:41:00,M01,12.592,2.014,27.137,20.695,46.328
2026-09-03T10:42:00,M01,12.612,2.017,27.024,20.625,46.632
2026-09-03T10:43:00,M01,12.571,1.892,26.757,20.891,44.859
2026-09-03T10:44:00,M01,12.562,2.025,26.893,20.526,43.214
2026-09-03T10:45:00,M01,12.622,2.062,27.060,20.669,43.534
2026-09-03T10:46:00,M01,12.639,1.995,27.069,20.896,45.509
2026-09-03T10:47:00,M01,12.459,1.969,26.910,20.613,47.087
2026-09-03T10:48:00,M01,12.632,2.033,26.952,20.941,44.741
2026-09-03T10:49:00,M01,12.644,2.056,26.776,20.626,44.142
2026-09-03T10:50:00,M01,12.629,2.041,26.937,20.983,45.920
2026-09-03T10:51:00,M01,12.723,1.977,26.681,20.889,45.278
2026-09-03T10:52:00,M01,12.641,1.996,26.984,20.650,47.100
2026-09-03T10:53:00,M01,12.583,1.960,27.047,21.074,45.017
2026-09-03T10:54:00,M01,12.680,2.009,26.877,20.754,45.148
2026-09-03T10:55:00,M01,12.621,2.055,27.134,21.013,45.789
2026-09-03T10:56:00,M01,12.651,2.052,26.994,20.885,44.294
2026-09-03T10:57:00,M01,12.553,1.951,27.044,21.185,43.132
2026-09-03T10:58:00,M01,12.614,1.966,27.012,20.944,43.206
2026-09-03T10:59:00,M01,12.649,2.024,27.242,20.831,46.332
2026-09-03T11:00:00,M01,12.517,1.975,26.930,20.953,45.801
2026-09-03T11:01:00,M01,12.610,1.980,26.939,20.487,46.676
2026-09-03T11:02:00,M01,12.860,2.118,26.998,21.190,44.537
2026-09-03T11:03:00,M01,12.593,1.917,26.990,20.939,46.841
2026-09-03T11:04:00,M01,12.755,2.007,26.782,20.825,44.035
2026-09-03T11:05:00,M01,12.409,1.955,26.832,20.816,46.109
2026-09-03T11:06:00,M01,12.482,1.977,26.971,21.004,45.119
2026-09-03T11:07:00,M01,12.345,2.079,27.298,20.704,47.934
2026-09-03T11:08:00,M01,12.682,1.941,26.908,20.887,45.239
2026-09-03T11:09:00,M01,12.582,1.917,26.768,20.645,43.906
2026-09-03T11:10:00,M01,12.446,1.994,27.061,20.708,46.448
2026-09-03T11:11:00,M01,12.519,2.009,26.796,20.459,43.076
2026-09-03T11:12:00,M01,12.620,2.094,27.038,20.731,46.139
2026-09-03T11:13:00,M01,12.599,2.005,27.130,21.084,43.436
2026-09-03T11:14:00,M01,12.556,2.000,27.324,20.756,42.300
2026-09-03T11:15:00,M01,12.556,1.958,27.303,21.157,46.113
2026-09-03T11:16:00,M01,12.533,2.065,26.960,20.839,44.798
2026-09-03T11:17:00,M01,12.420,1.945,26.816,20.407,43.712
2026-09-03T11:18:00,M01,12.582,1.996,26.934,20.984,42.715
2026-09-03T11:19:00,M01,12.577,1.960,27.187,20.776,46.197
2026-09-03T11:20:00,M01,12.574,2.043,26.791,20.578,44.552
2026-09-03T11:21:00,M01,12.580,1.921,26.849,20.562,47.586
2026-09-03T11:22:00,M01,12.652,2.009,27.180,20.816,46.346
2026-09-03T11:23:00,M01,12.788,2.047,26.916,20.908,46.218
2026-09-03T11:24:00,M01,12.795,2.012,26.937,20.957,46.247
2026-09-03T11:25:00,M01,12.645,2.006,27.032,20.864,44.551
2026-09-03T11:26:00,M01,12.631,2.077,27.037,20.819,43.647
2026-09-03T11:27:00,M01,12.578,1.977,26.957,20.799,44.876
2026-09-03T11:28:00,M01,12.555,1.989,26.933,20.908,43.187
2026-09-03T11:29:00,M01,12.565,1.935,27.201,20.560,45.756
2026-09-03T11:30:00,M01,12.538,1.925,26.896,20.935,44.906
2026-09-03T11:31:00,M01,12.602,2.002,26.875,20.548,44.483
2026-09-03T11:32:00,M01,12.562,2.013,26.961,20.752,44.943
2026-09-03T11:33:00,M01,12.398,1.998,26.969,20.715,46.066
2026-09-03T11:34:00,M01,12.702,2.031,27.060,20.818,45.824
2026-09-03T11:35:00,M01,12.587,2.013,26.976,20.572,44.890
2026-09-03T11:36:00,M01,12.541,2.026,27.147,20.810,43.726
2026-09-03T11:37:00,M01,12.582,1.951,26.911,20.819,44.341
2026-09-03T11:38:00,M01,12.481,2.028,26.898,20.816,45.008
2026-09-03T11:39:00,M01,12.692,1.919,27.024,20.908,44.716
2026-09-03T11:40:00,M01,12.495,1.996,27.019,20.686,44.998
2026-09-03T11:41:00,M01,12.589,1.964,27.113,20.655,46.475
2026-09-03T11:42:00,M01,12.593,1.966,27.052,20.611,43.274
2026-09-03T11:43:00,M01,12.410,2.050,26.918,21.081,45.211
2026-09-03T11:44:00,M01,12.466,1.979,27.028,20.695,45.023
2026-09-03T11:45:00,M01,12.654,2.064,26.693,20.910,43.698
2026-09-03T11:46:00,M01,12.464,1.961,27.062,20.765,45.686
2026-09-03T11:47:00,M01,12.527,1.925,27.151,20.757,44.827
2026-09-03T11:48:00,M01,12.572,1.966,26.999,20.841,43.598
2026-09-03T11:49:00,M01,12.644,2.039,26.917,20.766,44.402
2026-09-03T11:50:00,M01,12.589,1.974,26.886,20.876,45.337
2026-09-03T11:51:00,M01,12.317,1.978,27.021,20.431,44.331
2026-09-03T11:52:00,M01,12.712,2.015,26.822,20.947,44.670
2026-09-03T11:53:00,M01,12.471,1.925,26.770,20.894,46.296
2026-09-03T11:54:00,M01,12.614,1.993,27.024,20.610,46.347
2026-09-03T11:55:00,M01,12.686,1.994,27.115,20.962,47.771
2026-09-03T11:56:00,M01,12.530,1.962,27.120,20.878,45.593
2026-09-03T11:57:00,M01,12.524,2.004,26.790,20.840,47.517
2026-09-03T11:58:00,M01,12.520,1.959,27.338,20.905,44.405
2026-09-03T11:59:00,M01,12.568,1.951,27.017,20.880,46.427
2026-09-03T12:00:00,M01,12.733,1.987,26.714,20.965,46.094
2026-09-03T12:01:00,M01,12.516,2.023,26.767,20.677,47.662
2026-09-03T12:02:00,M01,12.630,2.022,27.004,20.913,45.163
2026-09-03T12:03:00,M01,12.564,1.912,26.873,20.767,45.350
2026-09-03T12:04:00,M01,12.452,2.096,26.934,20.719,44.856
2026-09-03T12:05:00,M01,12.500,1.982,27.067,20.973,45.366
2026-09-03T12:06:00,M01,12.682,1.955,27.208,20.708,45.355
2026-09-03T12:07:00,M01,12.541,2.045,27.071,20.764,45.816
2026-09-03T12:08:00,M01,12.380,1.905,27.018,20.483,46.041
2026-09-03T12:09:00,M01,12.595,1.961,27.275,21.079,43.124
2026-09-03T12:10:00,M01,12.569,2.067,27.038,20.661,44.482
2026-09-03T12:11:00,M01,12.608,1.975,26.941,20.941,44.646
2026-09-03T12:12:00,M01,12.681,2.005,27.014,20.734,42.330
2026-09-03T12:13:00,M01,12.739,1.989,27.039,20.554,44.768
2026-09-03T12:14:00,M01,12.592,2.000,27.141,20.917,45.881
2026-09-03T12:15:00,M01,12.552,1.998,26.770,20.539,45.367
2026-09-03T12:16:00,M01,12.607,2.050,26.692,20.864,44.731
2026-09-03T12:17:00,M01,12.661,2.060,26.787,20.800,46.083
2026-09-03T12:18:00,M01,12.558,2.041,26.753,20.785,44.263
2026-09-03T12:19:00,M01,12.483,2.006,27.176,20.871,43.538
2026-09-03T12:20:00,M01,12.529,1.933,27.104,20.881,44.793
2026-09-03T12:21:00,M01,12.545,2.002,26.975,20.797,46.372
2026-09-03T12:22:00,M01,12.512,2.090,26.775,20.750,47.575
2026-09-03T12:23:00,M01,12.700,2.006,27.064,20.679,46.542
2026-09-03T12:24:00,M01,12.550,1.931,27.294,20.525,43.867
2026-09-03T12:25:00,M01,12.600,2.080,27.081,20.861,44.122
2026-09-03T12:26:00,M01,12.471,1.965,27.184,20.850,43.723
2026-09-03T12:27:00,M01,12.585,2.014,27.022,20.951,41.772
2026-09-03T12:28:00,M01,12.432,1.979,27.014,20.994,44.300
2026-09-03T12:29:00,M01,12.525,2.012,27.325,20.572,44.416
2026-09-03T12:30:00,M01,12.697,2.026,26.974,20.857,46.670
2026-09-03T12:31:00,M01,12.603,1.945,27.033,20.949,44.594
2026-09-03T12:32:00,M01,12.711,2.080,26.949,20.899,45.918
2026-09-03T12:33:00,M01,12.688,2.021,27.100,20.958,45.558
2026-09-03T12:34:00,M01,12.627,1.996,26.740,20.784,45.049
2026-09-03T12:35:00,M01,12.560,2.054,26.964,20.400,44.417
2026-09-03T12:36:00,M01,12.714,2.013,27.075,20.702,44.371
2026-09-03T12:37:00,M01,12.659,2.000,26.899,20.808,46.257
2026-09-03T12:38:00,M01,12.674,2.050,27.036,20.798,45.009
2026-09-03T12:39:00,M01,12.445,2.012,27.006,20.643,44.384
2026-09-03T12:40:00,M01,12.565,1.995,27.214,20.628,44.965
2026-09-03T12:41:00,M01,12.583,2.026,26.961,20.974,45.783
2026-09-03T12:42:00,M01,12.604,1.992,26.822,20.476,46.070
2026-09-03T12:43:00,M01,12.706,2.072,27.104,20.869,46.357
2026-09-03T12:44:00,M01,12.565,2.045,27.087,20.707,44.546
2026-09-03T12:45:00,M01,12.782,1.983,26.931,20.693,44.434
2026-09-03T12:46:00,M01,12.603,2.037,26.659,20.827,46.776
2026-09-03T12:47:00,M01,12.547,2.091,26.928,20.927,45.241
2026-09-03T12:48:00,M01,12.511,2.008,27.026,21.133,43.366
2026-09-03T12:49:00,M01,12.647,1.932,26.612,20.741,46.204
2026-09-03T12:50:00,M01,12.467,2.068,26.878,20.640,44.806
2026-09-03T12:51:00,M01,12.672,1.992,26.849,20.843,42.991
2026-09-03T12:52:00,M01,12.454,2.005,26.697,20.779,45.458
2026-09-03T12:53:00,M01,12.777,1.999,27.063,20.540,44.442
2026-09-03T12:54:00,M01,12.668,2.025,26.802,20.537,43.756
2026-09-03T12:55:00,M01,12.440,1.945,27.017,20.787,44.926
2026-09-03T12:56:00,M01,12.631,1.994,26.973,20.835,44.742
2026-09-03T12:57:00,M01,12.702,2.030,27.011,20.820,46.514
2026-09-03T12:58:00,M01,12.425,2.000,26.757,20.609,45.244
2026-09-03T12:59:00,M01,12.568,1.966,26.792,20.671,44.083
2026-09-03T13:00:00,M01,12.684,1.986,26.839,20.869,46.341
2026-09-03T13:01:00,M01,12.564,1.985,26.854,20.965,44.639
2026-09-03T13:02:00,M01,12.703,1.978,27.345,20.712,44.134
2026-09-03T13:03:00,M01,12.598,2.017,26.947,20.778,45.470
2026-09-03T13:04:00,M01,12.593,1.988,27.201,20.920,44.865
2026-09-03T13:05:00,M01,12.585,1.963,26.947,20.862,45.832
2026-09-03T13:06:00,M01,12.547,2.008,26.992,20.951,47.306
2026-09-03T13:07:00,M01,12.676,2.011,27.067,20.439,45.331
2026-09-03T13:08:00,M01,12.594,2.032,27.422,20.848,43.698
2026-09-03T13:09:00,M01,12.670,2.032,27.023,20.898,44.140
2026-09-03T13:10:00,M01,12.419,1.984,26.895,20.716,45.214
2026-09-03T13:11:00,M01,12.771,2.021,26.869,20.799,44.145
2026-09-03T13:12:00,M01,12.563,2.040,26.888,20.854,44.168
2026-09-03T13:13:00,M01,12.704,1.937,27.103,20.647,45.365
2026-09-03T13:14:00,M01,12.676,1.945,27.266,20.858,44.290
2026-09-03T13:15:00,M01,12.722,2.022,26.929,20.659,44.017
2026-09-03T13:16:00,M01,12.605,1.998,26.949,21.010,44.606
2026-09-03T13:17:00,M01,12.440,1.966,27.046,20.632,47.108
2026-09-03T13:18:00,M01,12.635,2.023,27.062,20.787,44.881
2026-09-03T13:19:00,M01,12.624,1.973,26.621,21.121,44.975
2026-09-03T13:20:00,M01,12.598,2.047,27.190,20.701,42.464
2026-09-03T13:21:00,M01,12.469,1.977,26.988,20.753,45.634
2026-09-03T13:22:00,M01,12.651,1.963,26.786,21.128,45.267
2026-09-03T13:23:00,M01,12.499,2.021,26.993,20.888,45.124
2026-09-03T13:24:00,M01,12.721,1.984,26.948,20.931,43.454
2026-09-03T13:25:00,M01,12.568,1.906,27.258,20.752,44.769
2026-09-03T13:26:00,M01,12.647,1.980,26.839,20.861,46.617
2026-09-03T13:27:00,M01,12.597,2.098,26.973,20.673,46.695
2026-09-03T13:28:00,M01,12.680,2.074,27.087,20.859,47.042
2026-09-03T13:29:00,M01,12.501,1.990,26.917,20.770,42.999
2026-09-03T13:30:00,M01,12.662,1.991,27.056,20.730,44.978
2026-09-03T13:31:00,M01,12.694,1.942,26.937,20.862,44.537
2026-09-03T13:32:00,M01,12.619,1.920,27.105,20.882,43.932
2026-09-03T13:33:00,M01,12.592,1.988,27.007,20.535,45.068
2026-09-03T13:34:00,M01,12.635,2.019,26.921,20.824,46.060
2026-09-03T13:35:00,M01,12.620,2.003,27.074,20.577,44.938
2026-09-03T13:36:00,M01,12.519,2.025,26.936,20.726,43.769
2026-09-03T13:37:00,M01,12.706,1.937,27.020,20.563,47.219
2026-09-03T13:38:00,M01,12.529,1.950,26.961,20.859,46.827
2026-09-03T13:39:00,M01,12.512,2.010,27.129,20.676,44.480
2026-09-03T13:40:00,M01,12.476,2.002,26.990,20.750,45.025
2026-09-03T13:41:00,M01,12.560,2.088,27.269,20.717,47.063
2026-09-03T13:42:00,M01,12.530,1.988,27.163,20.669,44.630
2026-09-03T13:43:00,M01,12.477,1.947,26.903,20.669,45.276
2026-09-03T13:44:00,M01,12.568,1.939,27.033,20.910,44.945
2026-09-03T13:45:00,M01,12.560,2.038,27.037,21.037,46.734
2026-09-03T13:46:00,M01,12.442,2.046,27.043,20.862,44.529
2026-09-03T13:47:00,M01,12.705,2.021,26.927,20.809,45.314
2026-09-03T13:48:00,M01,12.545,2.023,27.019,20.553,45.333
2026-09-03T13:49:00,M01,12.654,1.941,26.938,20.689,44.173
2026-09-03T13:50:00,M01,12.550,1.996,26.832,20.965,45.349
2026-09-03T13:51:00,M01,12.686,2.023,26.985,20.614,45.732
2026-09-03T13:52:00,M01,12.542,2.018,27.046,20.689,46.589
2026-09-03T13:53:00,M01,12.611,2.047,26.928,20.747,45.501
2026-09-03T13:54:00,M01,12.555,1.951,27.032,20.735,45.907
2026-09-03T13:55:00,M01,12.598,2.034,26.902,21.080,44.396
2026-09-03T13:56:00,M01,12.567,1.979,27.111,20.801,44.033
2026-09-03T13:57:00,M01,12.604,2.025,27.030,20.723,43.029
2026-09-03T13:58:00,M01,12.521,2.053,26.970,21.058,47.517
2026-09-03T13:59:00,M01,12.814,1.960,26.931,20.622,43.537
2026-09-03T14:00:00,M01,12.680,1.966,26.955,20.902,44.555
2026-09-03T14:01:00,M01,12.663,2.075,27.074,20.834,46.181
2026-09-03T14:02:00,M01,12.484,2.050,27.140,20.397,47.179
2026-09-03T14:03:00,M01,12.724,1.948,27.031,20.677,44.135
2026-09-03T14:04:00,M01,12.477,1.999,27.096,20.667,43.870
2026-09-03T14:05:00,M01,12.681,2.041,26.930,20.729,46.471
2026-09-03T14:06:00,M01,12.630,2.011,26.981,20.910,45.768
2026-09-03T14:07:00,M01,12.625,1.938,26.984,21.085,45.256
2026-09-03T14:08:00,M01,12.562,2.004,27.197,21.183,44.988
2026-09-03T14:09:00,M01,12.614,1.951,27.181,20.588,45.800
2026-09-03T14:10:00,M01,12.513,2.015,27.228,20.585,45.257
2026-09-03T14:11:00,M01,12.469,1.946,26.948,20.582,46.073
2026-09-03T14:12:00,M01,12.606,1.980,27.138,20.713,44.796
2026-09-03T14:13:00,M01,12.658,2.055,27.198,20.891,45.345
2026-09-03T14:14:00,M01,12.447,1.984,27.041,20.997,44.167
2026-09-03T14:15:00,M01,12.786,1.953,26.975,20.787,44.246
2026-09-03T14:16:00,M01,12.458,1.989,26.768,20.684,46.696
2026-09-03T14:17:00,M01,12.451,2.002,27.050,20.679,45.483
2026-09-03T14:18:00,M01,12.566,2.005,27.170,20.602,45.939
2026-09-03T14:19:00,M01,12.581,1.970,27.048,20.943,43.982
2026-09-03T14:20:00,M01,12.603,2.037,27.038,20.771,45.234
2026-09-03T14:21:00,M01,12.603,1.892,27.032,20.715,45.056
2026-09-03T14:22:00,M01,12.683,2.064,27.129,20.763,44.192
2026-09-03T14:23:00,M01,12.544,1.984,27.061,20.654,45.191
2026-09-03T14:24:00,M01,12.556,1.954,27.008,20.877,43.990
2026-09-03T14:25:00,M01,12.611,1.961,27.060,20.557,45.987
2026-09-03T14:26:00,M01,12.691,2.005,27.012,20.562,45.827
2026-09-03T14:27:00,M01,12.794,2.020,27.031,20.806,45.754
2026-09-03T14:28:00,M01,12.637,2.039,26.983,21.089,43.433
2026-09-03T14:29:00,M01,12.652,1.999,26.801,20.586,44.274
2026-09-03T14:30:00,M01,12.659,1.926,26.823,20.825,43.729
2026-09-03T14:31:00,M01,12.605,2.026,26.903,20.715,45.297
2026-09-03T14:32:00,M01,12.637,1.986,27.130,20.782,43.508
2026-09-03T14:33:00,M01,12.746,1.953,27.107,20.594,44.911
2026-09-03T14:34:00,M01,12.569,1.996,27.095,20.718,44.755
2026-09-03T14:35:00,M01,12.625,1.973,27.110,20.857,44.358
2026-09-03T14:36:00,M01,12.577,2.045,27.089,20.806,47.211
2026-09-03T14:37:00,M01,12.647,2.061,26.966,20.742,45.253
2026-09-03T14:38:00,M01,12.603,1.979,27.188,20.902,46.706
2026-09-03T14:39:00,M01,12.732,2.008,27.074,20.874,43.625
2026-09-03T14:40:00,M01,12.560,2.029,26.994,20.634,44.669
2026-09-03T14:41:00,M01,12.749,2.054,27.016,20.737,46.552
2026-09-03T14:42:00,M01,12.703,1.940,26.735,20.938,45.992
2026-09-03T14:43:00,M01,12.587,2.021,27.074,20.788,45.045
2026-09-03T14:44:00,M01,12.695,2.032,26.655,20.865,44.702
2026-09-03T14:45:00,M01,12.664,1.977,26.991,20.386,44.889
2026-09-03T14:46:00,M01,12.612,1.968,27.169,21.032,44.644
2026-09-03T14:47:00,M01,12.714,1.940,26.956,20.734,45.281
2026-09-03T14:48:00,M01,12.523,2.039,27.054,20.860,46.694
2026-09-03T14:49:00,M01,12.624,1.982,26.966,20.781,43.884
2026-09-03T14:50:00,M01,12.557,2.024,27.103,20.362,43.319
2026-09-03T14:51:00,M01,12.598,1.925,26.969,20.838,45.436
2026-09-03T14:52:00,M01,12.638,2.033,26.952,20.621,44.447
2026-09-03T14:53:00,M01,12.625,1.928,26.793,20.524,46.977
2026-09-03T14:54:00,M01,12.616,1.949,26.707,21.154,45.679
2026-09-03T14:55:00,M01,12.744,2.018,26.994,20.848,45.989
2026-09-03T14:56:00,M01,12.626,1.945,26.944,20.766,44.540
2026-09-03T14:57:00,M01,12.616,1.983,27.038,20.933,44.069
2026-09-03T14:58:00,M01,12.524,2.036,27.102,20.980,46.164
2026-09-03T14:59:00,M01,12.511,1.968,27.169,20.825,45.880
2026-09-03T15:00:00,M01,12.580,2.084,27.137,20.528,44.249
2026-09-03T15:01:00,M01,12.685,2.038,27.167,20.925,45.916
2026-09-03T15:02:00,M01,12.496,1.977,27.173,21.043,43.871
2026-09-03T15:03:00,M01,12.608,2.026,27.047,21.066,45.292
2026-09-03T15:04:00,M01,12.580,2.049,26.968,20.895,44.576
2026-09-03T15:05:00,M01,12.416,1.987,26.894,20.946,44.617
2026-09-03T15:06:00,M01,12.664,1.981,27.283,20.720,45.093
2026-09-03T15:07:00,M01,12.734,2.013,26.971,20.784,42.812
2026-09-03T15:08:00,M01,12.602,2.052,26.889,21.059,44.320
2026-09-03T15:09:00,M01,12.776,1.978,27.005,20.772,45.133
2026-09-03T15:10:00,M01,12.588,2.020,26.943,21.038,45.737
2026-09-03T15:11:00,M01,12.571,2.042,26.731,20.994,42.863
2026-09-03T15:12:00,M01,12.524,1.986,27.110,20.963,44.885
2026-09-03T15:13:00,M01,12.513,2.051,26.933,21.272,43.293
2026-09-03T15:14:00,M01,12.662,2.080,26.957,20.878,44.329
2026-09-03T15:15:00,M01,12.411,2.029,26.926,20.876,44.859
2026-09-03T15:16:00,M01,12.462,1.958,26.994,20.928,46.225
2026-09-03T15:17:00,M01,12.784,2.044,27.250,20.940,45.352
2026-09-03T15:18:00,M01,12.687,1.995,26.946,20.572,46.380
2026-09-03T15:19:00,M01,12.562,1.967,26.988,20.879,45.661
2026-09-03T15:20:00,M01,12.620,2.003,26.942,21.002,44.852
2026-09-03T15:21:00,M01,12.520,1.980,27.018,20.769,44.923
2026-09-03T15:22:00,M01,12.688,1.940,27.254,20.589,43.924
2026-09-03T15:23:00,M01,12.514,1.946,27.114,20.890,45.419
2026-09-03T15:24:00,M01,12.691,1.979,26.939,20.875,44.570
2026-09-03T15:25:00,M01,12.677,2.012,26.812,21.095,44.946
2026-09-03T15:26:00,M01,12.459,1.998,26.829,21.084,44.511
2026-09-03T15:27:00,M01,12.590,1.959,27.010,20.632,43.197
2026-09-03T15:28:00,M01,12.575,1.964,27.094,20.951,44.913
2026-09-03T15:29:00,M01,12.632,2.041,27.026,20.599,45.687
2026-09-03T15:30:00,M01,12.656,2.014,26.926,20.526,45.553
2026-09-03T15:31:00,M01,12.614,2.056,26.985,20.477,44.846
2026-09-03T15:32:00,M01,12.670,2.025,27.097,20.882,45.326
2026-09-03T15:33:00,M01,12.572,2.044,27.228,20.343,44.840
2026-09-03T15:34:00,M01,12.677,1.916,26.922,20.834,44.117
2026-09-03T15:35:00,M01,12.766,1.990,27.009,20.908,47.076
2026-09-03T15:36:00,M01,12.586,1.986,27.132,20.964,46.729
2026-09-03T15:37:00,M01,12.491,1.973,26.734,20.862,42.749
2026-09-03T15:38:00,M01,12.506,2.019,27.206,20.781,44.847
2026-09-03T15:39:00,M01,12.543,2.015,26.964,20.829,44.103
2026-09-03T15:40:00,M01,12.629,1.963,26.989,20.561,43.443
2026-09-03T15:41:00,M01,12.567,1.998,27.038,20.748,44.818
2026-09-03T15:42:00,M01,12.788,1.963,27.083,20.754,46.918
2026-09-03T15:43:00,M01,12.593,2.017,26.936,21.180,45.285
2026-09-03T15:44:00,M01,12.456,2.018,26.840,20.898,45.401
2026-09-03T15:45:00,M01,12.552,1.963,26.916,21.075,44.163
2026-09-03T15:46:00,M01,12.636,1.939,26.945,21.001,45.272
2026-09-03T15:47:00,M01,12.663,1.998,26.684,20.934,45.606
2026-09-03T15:48:00,M01,12.582,2.063,26.845,20.967,46.539
2026-09-03T15:49:00,M01,12.577,1.954,27.087,20.841,45.595
2026-09-03T15:50:00,M01,12.604,1.972,27.145,20.772,46.323
2026-09-03T15:51:00,M01,12.498,2.045,27.053,20.739,46.126
2026-09-03T15:52:00,M01,12.650,1.985,27.100,20.702,44.465
2026-09-03T15:53:00,M01,12.632,1.938,27.071,20.922,43.183
2026-09-03T15:54:00,M01,12.497,1.958,26.901,21.128,43.884
2026-09-03T15:55:00,M01,12.576,2.057,26.941,20.965,46.111
2026-09-03T15:56:00,M01,12.634,2.043,27.030,21.080,45.410
2026-09-03T15:57:00,M01,12.509,2.010,26.664,20.556,44.373
2026-09-03T15:58:00,M01,12.578,2.023,26.796,20.506,45.808
2026-09-03T15:59:00,M01,12.683,2.036,27.041,20.712,45.525
2026-09-03T16:00:00,M01,11.881,1.786,24.308,19.835,46.443
2026-09-03T16:01:00,M01,11.977,1.753,24.012,19.988,45.596
2026-09-03T16:02:00,M01,12.057,1.917,24.197,20.166,47.773
2026-09-03T16:03:00,M01,12.057,1.803,24.322,19.929,44.688
2026-09-03T16:04:00,M01,12.076,1.738,24.528,20.163,47.027
2026-09-03T16:05:00,M01,12.123,1.789,24.567,20.017,46.363
2026-09-03T16:06:00,M01,11.921,1.784,24.634,20.275,46.068
2026-09-03T16:07:00,M01,12.085,1.846,24.632,20.164,46.068
2026-09-03T16:08:00,M01,12.114,1.905,24.685,20.282,44.440
2026-09-03T16:09:00,M01,12.268,1.922,24.784,20.089,46.584
2026-09-03T16:10:00,M01,12.154,1.888,25.168,20.410,44.863
2026-09-03T16:11:00,M01,12.097,1.844,24.962,19.954,44.089
2026-09-03T16:12:00,M01,12.279,1.871,24.755,20.007,44.198
2026-09-03T16:13:00,M01,12.252,1.822,24.980,19.998,43.920
2026-09-03T16:14:00,M01,12.382,1.905,25.296,20.377,44.148
2026-09-03T16:15:00,M01,12.276,1.848,24.946,20.308,43.631
2026-09-03T16:16:00,M01,12.062,1.803,25.370,20.425,45.122
2026-09-03T16:17:00,M01,12.274,1.845,25.402,20.620,44.300
2026-09-03T16:18:00,M01,12.269,1.815,25.626,20.342,45.426
2026-09-03T16:19:00,M01,12.233,1.861,25.252,20.719,45.049
2026-09-03T16:20:00,M01,12.424,1.884,25.384,20.319,45.372
2026-09-03T16:21:00,M01,12.280,1.865,25.604,20.655,44.045
2026-09-03T16:22:00,M01,12.296,1.926,25.664,20.388,44.005
2026-09-03T16:23:00,M01,12.397,1.989,25.630,20.274,47.677
2026-09-03T16:24:00,M01,12.266,1.852,25.526,20.970,46.322
2026-09-03T16:25:00,M01,12.271,1.895,25.519,20.553,43.821
2026-09-03T16:26:00,M01,12.398,1.903,25.871,20.363,46.239
2026-09-03T16:27:00,M01,12.303,1.851,25.824,20.593,44.995
2026-09-03T16:28:00,M01,12.419,1.936,25.594,20.448,45.368
2026-09-03T16:29:00,M01,12.499,1.937,26.061,20.265,46.909
2026-09-03T16:30:00,M01,12.390,1.909,26.116,20.322,44.753
2026-09-03T16:31:00,M01,12.310,1.878,25.859,20.735,48.007
2026-09-03T16:32:00,M01,12.280,1.958,25.938,20.448,44.801
2026-09-03T16:33:00,M01,12.468,1.899,26.069,20.316,46.215
2026-09-03T16:34:00,M01,12.365,1.975,26.272,20.630,42.773
2026-09-03T16:35:00,M01,12.495,1.965,26.116,20.448,42.822
2026-09-03T16:36:00,M01,12.431,1.910,25.971,20.624,44.595
2026-09-03T16:37:00,M01,12.520,1.909,26.262,20.365,45.943
2026-09-03T16:38:00,M01,12.474,1.975,26.181,20.265,46.842
2026-09-03T16:39:00,M01,12.453,1.947,26.234,20.539,43.473
2026-09-03T16:40:00,M01,12.601,1.974,26.053,20.871,45.285
2026-09-03T16:41:00,M01,12.387,2.000,26.337,20.545,44.723
2026-09-03T16:42:00,M01,12.461,1.902,26.380,20.580,46.007
2026-09-03T16:43:00,M01,12.482,1.991,25.861,20.435,45.254
2026-09-03T16:44:00,M01,12.556,1.938,26.281,20.226,45.721
2026-09-03T16:45:00,M01,12.580,1.978,26.321,20.776,44.694
2026-09-03T16:46:00,M01,12.465,1.945,26.500,20.497,43.821
2026-09-03T16:47:00,M01,12.553,1.940,26.389,20.333,46.786
2026-09-03T16:48:00,M01,12.286,1.953,26.462,20.754,45.248
2026-09-03T16:49:00,M01,12.467,1.956,26.380,21.094,45.063
2026-09-03T16:50:00,M01,12.302,1.959,26.509,20.774,43.295
2026-09-03T16:51:00,M01,12.471,1.954,26.534,20.635,44.383
2026-09-03T16:52:00,M01,12.334,1.972,26.548,20.764,44.134
2026-09-03T16:53:00,M01,12.400,1.893,26.575,20.435,43.421
2026-09-03T16:54:00,M01,12.469,2.035,26.648,21.038,45.180
2026-09-03T16:55:00,M01,12.385,1.980,26.323,20.747,46.145
2026-09-03T16:56:00,M01,12.351,2.018,26.778,20.858,47.620
2026-09-03T16:57:00,M01,12.497,2.008,26.691,20.945,44.810
2026-09-03T16:58:00,M01,12.493,1.938,26.577,20.622,45.843
2026-09-03T16:59:00,M01,12.599,1.937,26.752,20.903,44.951
2026-09-03T17:00:00,M01,12.549,1.992,26.446,20.816,42.907
2026-09-03T17:01:00,M01,12.538,1.935,26.277,20.890,44.354
2026-09-03T17:02:00,M01,12.553,1.990,26.700,20.460,45.330
2026-09-03T17:03:00,M01,12.593,2.042,26.429,20.920,43.410
2026-09-03T17:04:00,M01,12.546,2.083,26.810,20.678,45.086
2026-09-03T17:05:00,M01,12.420,1.960,26.573,20.925,45.603
2026-09-03T17:06:00,M01,12.642,1.966,26.539,20.876,42.984
2026-09-03T17:07:00,M01,12.533,1.905,26.704,20.554,46.486
2026-09-03T17:08:00,M01,12.618,2.024,26.687,20.918,45.662
2026-09-03T17:09:00,M01,12.635,2.070,26.463,20.634,43.388
2026-09-03T17:10:00,M01,12.603,1.936,26.679,20.618,46.061
2026-09-03T17:11:00,M01,12.480,1.955,26.691,20.432,43.634
2026-09-03T17:12:00,M01,12.567,1.989,26.775,20.595,44.869
2026-09-03T17:13:00,M01,12.569,1.892,26.810,20.771,44.533
2026-09-03T17:14:00,M01,12.642,1.986,27.018,20.947,45.124
2026-09-03T17:15:00,M01,12.443,1.935,26.782,20.755,45.392
2026-09-03T17:16:00,M01,12.590,2.002,26.729,20.541,44.491
2026-09-03T17:17:00,M01,12.619,2.015,26.626,20.718,45.841
2026-09-03T17:18:00,M01,12.533,1.920,26.680,20.946,45.410
2026-09-03T17:19:00,M01,12.463,2.026,26.762,20.456,45.218
2026-09-03T17:20:00,M01,12.534,2.040,26.748,20.876,45.004
2026-09-03T17:21:00,M01,12.654,2.052,26.964,20.440,43.543
2026-09-03T17:22:00,M01,12.667,1.901,26.824,20.534,45.856
2026-09-03T17:23:00,M01,12.538,2.049,26.915,20.723,46.582
2026-09-03T17:24:00,M01,12.556,2.000,26.864,20.902,44.561
2026-09-03T17:25:00,M01,12.671,1.983,27.008,20.805,46.876
2026-09-03T17:26:00,M01,12.463,2.021,26.797,20.649,45.957
2026-09-03T17:27:00,M01,12.615,2.040,27.063,20.824,45.687
2026-09-03T17:28:00,M01,12.704,1.951,26.832,20.543,44.404
2026-09-03T17:29:00,M01,12.538,1.957,26.815,20.967,47.283
2026-09-03T17:30:00,M01,12.506,2.000,26.767,20.824,45.766
2026-09-03T17:31:00,M01,12.562,1.954,27.010,20.595,46.461
2026-09-03T17:32:00,M01,12.420,2.040,27.186,20.785,44.969
2026-09-03T17:33:00,M01,12.556,1.988,26.741,20.884,46.492
2026-09-03T17:34:00,M01,12.651,2.015,27.094,20.752,44.191
2026-09-03T17:35:00,M01,12.619,1.981,26.746,20.885,43.281
2026-09-03T17:36:00,M01,12.568,1.932,26.953,20.483,44.823
2026-09-03T17:37:00,M01,12.701,1.956,26.925,20.987,44.143
2026-09-03T17:38:00,M01,12.682,2.043,26.881,20.838,44.249
2026-09-03T17:39:00,M01,12.619,1.971,27.230,20.891,44.119
2026-09-03T17:40:00,M01,12.626,1.947,26.771,20.910,44.958
2026-09-03T17:41:00,M01,12.558,1.927,26.745,20.751,44.821
2026-09-03T17:42:00,M01,12.504,1.916,26.869,20.855,45.334
2026-09-03T17:43:00,M01,12.847,1.942,26.822,20.809,42.390
2026-09-03T17:44:00,M01,12.575,2.139,26.897,20.762,45.037
2026-09-03T17:45:00,M01,12.524,2.045,26.960,20.840,44.737
2026-09-03T17:46:00,M01,12.543,1.894,26.828,20.846,44.740
2026-09-03T17:47:00,M01,12.727,2.021,27.058,20.724,44.665
2026-09-03T17:48:00,M01,12.718,2.047,26.911,20.866,45.299
2026-09-03T17:49:00,M01,12.632,1.991,26.777,20.340,42.452
2026-09-03T17:50:00,M01,12.694,1.964,26.893,20.896,46.794
2026-09-03T17:51:00,M01,12.543,2.033,26.873,20.471,42.409
2026-09-03T17:52:00,M01,12.550,1.948,26.737,21.142,43.349
2026-09-03T17:53:00,M01,12.697,1.996,26.647,20.786,44.985
2026-09-03T17:54:00,M01,12.513,1.927,26.879,20.584,45.236
2026-09-03T17:55:00,M01,12.581,1.994,26.763,20.535,45.345
2026-09-03T17:56:00,M01,12.662,2.105,26.798,20.401,44.954
2026-09-03T17:57:00,M01,12.511,1.911,27.132,20.444,45.574
2026-09-03T17:58:00,M01,12.709,1.994,27.075,20.741,45.830
2026-09-03T17:59:00,M01,12.586,1.918,27.005,20.245,46.559
2026-09-03T18:00:00,M01,12.539,2.042,27.071,20.876,44.362
2026-09-03T18:01:00,M01,12.558,1.960,27.015,20.649,46.447
2026-09-03T18:02:00,M01,12.499,2.005,26.710,21.127,43.460
2026-09-03T18:03:00,M01,12.553,2.005,27.146,20.709,44.439
2026-09-03T18:04:00,M01,12.589,2.033,26.960,20.693,44.322
2026-09-03T18:05:00,M01,12.519,2.005,26.947,20.932,45.123
2026-09-03T18:06:00,M01,12.513,1.923,27.098,21.116,44.681
2026-09-03T18:07:00,M01,12.512,1.956,27.011,20.946,45.639
2026-09-03T18:08:00,M01,12.600,1.991,26.971,20.627,44.604
2026-09-03T18:09:00,M01,12.486,2.033,26.883,20.372,43.741
2026-09-03T18:10:00,M01,12.586,1.993,27.043,21.001,44.663
2026-09-03T18:11:00,M01,12.648,1.973,26.843,20.707,46.295
2026-09-03T18:12:00,M01,12.651,1.978,27.054,20.825,43.233
2026-09-03T18:13:00,M01,12.411,1.991,26.855,20.955,42.953
2026-09-03T18:14:00,M01,12.504,1.975,26.724,21.123,44.741
2026-09-03T18:15:00,M01,12.803,1.920,26.953,20.623,44.691
2026-09-03T18:16:00,M01,12.640,2.031,26.977,21.004,44.634
2026-09-03T18:17:00,M01,12.438,2.036,26.918,20.878,45.802
2026-09-03T18:18:00,M01,12.713,2.031,27.204,20.920,43.715
2026-09-03T18:19:00,M01,12.606,1.933,27.096,20.746,45.459
2026-09-03T18:20:00,M01,12.714,1.979,27.076,20.978,45.178
2026-09-03T18:21:00,M01,12.555,2.063,26.939,20.706,44.583
2026-09-03T18:22:00,M01,12.691,1.943,26.717,20.854,42.584
2026-09-03T18:23:00,M01,12.662,2.014,27.027,20.740,43.950
2026-09-03T18:24:00,M01,12.666,1.996,27.112,20.351,43.987
2026-09-03T18:25:00,M01,12.556,2.006,26.798,20.693,44.903
2026-09-03T18:26:00,M01,12.575,2.043,26.978,20.986,45.490
2026-09-03T18:27:00,M01,12.603,2.041,26.899,20.674,46.359
2026-09-03T18:28:00,M01,12.654,1.974,26.953,20.866,45.457
2026-09-03T18:29:00,M01,12.497,2.040,26.838,20.619,44.465
2026-09-03T18:30:00,M01,12.691,2.054,27.277,20.669,45.172
2026-09-03T18:31:00,M01,12.670,2.084,27.121,20.662,44.905
2026-09-03T18:32:00,M01,12.534,1.952,27.146,20.638,46.195
2026-09-03T18:33:00,M01,12.524,1.895,26.625,21.133,44.281
2026-09-03T18:34:00,M01,12.675,1.934,26.983,21.000,45.908
2026-09-03T18:35:00,M01,12.585,1.930,26.986,20.891,43.846
2026-09-03T18:36:00,M01,12.594,2.098,26.890,20.653,44.788
2026-09-03T18:37:00,M01,12.601,1.975,26.808,20.669,42.852
2026-09-03T18:38:00,M01,12.724,1.994,27.015,20.921,45.367
2026-09-03T18:39:00,M01,12.517,2.036,26.948,20.873,44.556
2026-09-03T18:40:00,M01,12.584,2.010,27.068,20.431,46.027
2026-09-03T18:41:00,M01,12.450,2.017,26.862,20.615,46.731
2026-09-03T18:42:00,M01,12.500,1.940,27.041,20.859,45.444
2026-09-03T18:43:00,M01,12.535,1.998,26.931,20.810,44.627
2026-09-03T18:44:00,M01,12.614,2.029,27.169,20.790,42.742
2026-09-03T18:45:00,M01,12.460,2.011,27.157,20.912,46.469
2026-09-03T18:46:00,M01,12.798,2.024,26.756,20.931,44.644
2026-09-03T18:47:00,M01,12.534,2.038,26.807,20.747,44.883
2026-09-03T18:48:00,M01,12.524,2.014,27.147,20.468,46.724
2026-09-03T18:49:00,M01,12.617,2.089,26.982,20.931,46.398
2026-09-03T18:50:00,M01,12.710,1.972,27.044,20.536,43.637
2026-09-03T18:51:00,M01,12.547,1.965,27.232,20.559,45.598
2026-09-03T18:52:00,M01,12.628,1.961,26.750,20.430,46.313
2026-09-03T18:53:00,M01,12.573,1.991,27.040,20.515,45.716
2026-09-03T18:54:00,M01,12.558,1.924,26.910,20.798,44.653
2026-09-03T18:55:00,M01,12.656,1.973,27.025,20.715,44.130
2026-09-03T18:56:00,M01,12.583,1.973,27.194,20.746,46.127
2026-09-03T18:57:00,M01,12.662,1.948,26.937,20.962,46.964
2026-09-03T18:58:00,M01,12.721,1.985,26.925,20.988,44.860
2026-09-03T18:59:00,M01,12.578,1.989,26.920,20.996,46.852
2026-09-03T19:00:00,M01,12.539,1.993,26.884,20.815,45.170
2026-09-03T19:01:00,M01,12.626,1.942,26.937,20.771,45.047
2026-09-03T19:02:00,M01,12.581,1.954,27.051,20.773,45.867
2026-09-03T19:03:00,M01,12.737,1.999,26.853,20.840,44.780
2026-09-03T19:04:00,M01,12.459,2.052,26.853,20.986,46.183
2026-09-03T19:05:00,M01,12.635,1.996,26.786,20.684,45.144
2026-09-03T19:06:00,M01,12.532,1.990,27.141,20.724,44.230
2026-09-03T19:07:00,M01,12.637,1.967,26.855,20.714,44.153
2026-09-03T19:08:00,M01,12.547,2.034,26.811,20.954,45.388
2026-09-03T19:09:00,M01,12.803,1.956,26.838,20.275,42.388
2026-09-03T19:10:00,M01,12.592,2.035,26.981,20.657,43.902
2026-09-03T19:11:00,M01,12.757,1.995,26.942,20.728,45.547
2026-09-03T19:12:00,M01,12.565,2.022,26.812,20.497,43.222
2026-09-03T19:13:00,M01,12.538,2.031,26.944,20.718,44.653
2026-09-03T19:14:00,M01,12.485,2.087,27.076,20.532,43.632
2026-09-03T19:15:00,M01,12.399,1.894,26.927,20.690,45.851
2026-09-03T19:16:00,M01,12.482,2.019,26.857,20.823,42.886
2026-09-03T19:17:00,M01,12.763,1.934,26.985,20.774,45.134
2026-09-03T19:18:00,M01,12.665,1.968,26.862,20.832,45.240
2026-09-03T19:19:00,M01,12.666,1.982,27.132,20.797,43.605
2026-09-03T19:20:00,M01,12.661,2.047,26.970,20.914,46.453
2026-09-03T19:21:00,M01,12.658,1.956,26.818,20.648,46.901
2026-09-03T19:22:00,M01,12.515,1.998,27.290,20.649,45.003
2026-09-03T19:23:00,M01,12.677,1.914,27.043,20.832,46.272
2026-09-03T19:24:00,M01,12.634,1.957,27.036,20.706,47.017
2026-09-03T19:25:00,M01,12.602,2.007,27.007,20.727,45.725
2026-09-03T19:26:00,M01,12.517,2.040,27.104,21.004,44.543
2026-09-03T19:27:00,M01,12.738,2.029,27.055,20.791,43.251
2026-09-03T19:28:00,M01,12.594,2.047,27.073,20.703,45.247
2026-09-03T19:29:00,M01,12.533,1.998,27.119,20.594,44.545
2026-09-03T19:30:00,M01,12.507,1.958,27.062,21.188,45.098
2026-09-03T19:31:00,M01,12.613,1.914,26.921,20.447,44.651
2026-09-03T19:32:00,M01,12.783,2.150,27.137,20.741,44.295
2026-09-03T19:33:00,M01,12.503,1.958,27.047,20.826,45.217
2026-09-03T19:34:00,M01,12.466,2.026,27.001,20.950,45.180
2026-09-03T19:35:00,M01,12.685,2.036,26.962,20.933,45.502
2026-09-03T19:36:00,M01,12.621,1.966,27.187,20.721,46.065
2026-09-03T19:37:00,M01,12.606,2.031,27.205,20.461,47.363
2026-09-03T19:38:00,M01,12.491,2.008,27.301,20.822,46.529
2026-09-03T19:39:00,M01,12.543,2.018,27.243,20.661,45.127
2026-09-03T19:40:00,M01,12.553,1.992,26.702,20.688,43.129
2026-09-03T19:41:00,M01,12.696,1.951,27.126,20.728,44.168
2026-09-03T19:42:00,M01,12.616,1.997,27.114,20.690,42.721
2026-09-03T19:43:00,M01,12.724,2.002,27.020,20.891,45.324
2026-09-03T19:44:00,M01,12.593,2.024,27.130,20.898,43.133
2026-09-03T19:45:00,M01,12.572,1.956,27.135,20.683,45.489
2026-09-03T19:46:00,M01,12.657,2.060,26.883,20.660,46.078
2026-09-03T19:47:00,M01,12.699,2.018,26.875,20.701,46.513
2026-09-03T19:48:00,M01,12.617,2.010,27.159,20.692,45.428
2026-09-03T19:49:00,M01,12.725,1.984,26.978,20.850,44.803
2026-09-03T19:50:00,M01,12.654,1.979,26.966,20.849,45.181
2026-09-03T19:51:00,M01,12.493,1.968,26.901,20.608,46.673
2026-09-03T19:52:00,M01,12.579,1.998,26.981,20.742,44.397
2026-09-03T19:53:00,M01,12.648,1.943,27.030,20.656,45.704
2026-09-03T19:54:00,M01,12.628,1.968,26.974,20.874,45.767
2026-09-03T19:55:00,M01,12.552,1.965,26.764,20.851,44.770
2026-09-03T19:56:00,M01,12.528,2.083,26.877,20.332,44.619
2026-09-03T19:57:00,M01,12.504,1.996,26.679,20.760,45.074
2026-09-03T19:58:00,M01,12.502,1.953,26.926,20.997,45.117
2026-09-03T19:59:00,M01,12.556,2.037,26.906,20.644,45.849
2026-09-03T20:00:00,M01,12.718,1.990,26.957,20.883,45.218
2026-09-03T20:01:00,M01,12.542,1.966,26.933,21.030,44.032
2026-09-03T20:02:00,M01,12.642,1.931,27.147,20.841,45.445
2026-09-03T20:03:00,M01,12.693,2.017,26.911,20.688,44.082
2026-09-03T20:04:00,M01,12.525,2.010,27.140,20.764,46.169
2026-09-03T20:05:00,M01,12.664,1.927,26.640,20.993,45.575
2026-09-03T20:06:00,M01,12.535,2.010,27.000,20.569,44.970
2026-09-03T20:07:00,M01,12.579,2.028,27.041,20.696,45.722
2026-09-03T20:08:00,M01,12.576,2.006,26.801,20.941,43.242
2026-09-03T20:09:00,M01,12.684,2.026,26.543,20.655,42.346
2026-09-03T20:10:00,M01,12.469,2.100,27.170,20.622,44.681
2026-09-03T20:11:00,M01,12.725,2.031,26.822,20.231,43.311
2026-09-03T20:12:00,M01,12.669,1.940,27.179,20.946,45.085
2026-09-03T20:13:00,M01,12.536,2.048,27.013,20.696,44.134
2026-09-03T20:14:00,M01,12.570,2.025,26.943,20.720,46.886
2026-09-03T20:15:00,M01,12.478,2.057,26.996,20.799,44.095
2026-09-03T20:16:00,M01,12.627,2.020,26.919,20.705,45.712
2026-09-03T20:17:00,M01,12.561,2.024,27.103,20.868,43.989
2026-09-03T20:18:00,M01,12.608,1.950,27.007,20.800,44.229
2026-09-03T20:19:00,M01,12.628,1.962,27.167,20.749,43.898
2026-09-03T20:20:00,M01,12.697,1.947,27.046,20.887,44.376
2026-09-03T20:21:00,M01,12.595,2.000,27.096,20.814,46.480
2026-09-03T20:22:00,M01,12.609,2.010,26.946,20.920,44.204
2026-09-03T20:23:00,M01,12.487,2.108,27.044,20.811,45.534
2026-09-03T20:24:00,M01,12.733,1.926,27.090,20.731,45.850
2026-09-03T20:25:00,M01,12.625,2.046,26.957,20.845,44.668
2026-09-03T20:26:00,M01,12.502,2.017,27.245,20.649,44.466
2026-09-03T20:27:00,M01,12.637,1.910,27.025,20.668,43.893
2026-09-03T20:28:00,M01,12.619,2.013,27.174,20.548,46.253
2026-09-03T20:29:00,M01,12.823,2.063,27.074,20.451,45.300
2026-09-03T20:30:00,M01,12.677,1.997,26.826,20.811,43.375
2026-09-03T20:31:00,M01,12.638,1.971,26.992,20.797,45.304
2026-09-03T20:32:00,M01,12.644,1.987,27.024,20.687,43.670
2026-09-03T20:33:00,M01,12.599,1.908,27.110,20.868,43.274
2026-09-03T20:34:00,M01,12.520,1.896,26.756,20.879,42.798
2026-09-03T20:35:00,M01,12.727,2.072,27.071,21.016,46.471
2026-09-03T20:36:00,M01,12.743,1.964,26.951,20.318,44.642
2026-09-03T20:37:00,M01,12.806,2.017,27.126,20.712,46.046
2026-09-03T20:38:00,M01,12.566,2.025,26.941,20.563,42.758
2026-09-03T20:39:00,M01,12.654,2.091,26.934,20.689,46.462
2026-09-03T20:40:00,M01,12.631,2.001,26.655,20.550,45.354
2026-09-03T20:41:00,M01,12.477,2.006,26.959,20.618,44.739
2026-09-03T20:42:00,M01,12.799,2.050,26.869,20.945,43.231
2026-09-03T20:43:00,M01,12.527,2.088,27.107,20.672,45.464
2026-09-03T20:44:00,M01,12.582,1.955,26.819,20.728,44.091
2026-09-03T20:45:00,M01,12.483,2.018,27.065,20.950,45.735
2026-09-03T20:46:00,M01,12.698,2.058,27.154,21.017,43.503
2026-09-03T20:47:00,M01,12.736,1.973,27.108,20.996,46.535
2026-09-03T20:48:00,M01,12.623,1.994,27.094,20.449,44.919
2026-09-03T20:49:00,M01,12.599,2.047,27.207,20.829,44.529
2026-09-03T20:50:00,M01,12.488,1.980,26.973,20.978,44.224
2026-09-03T20:51:00,M01,12.580,2.059,27.004,21.066,45.106
2026-09-03T20:52:00,M01,12.584,1.948,27.003,20.628,46.032
2026-09-03T20:53:00,M01,12.568,2.098,26.955,20.713,44.624
2026-09-03T20:54:00,M01,12.624,2.002,27.168,20.688,45.838
2026-09-03T20:55:00,M01,12.629,1.977,26.981,21.009,41.964
2026-09-03T20:56:00,M01,12.515,2.044,27.077,20.881,45.602
2026-09-03T20:57:00,M01,12.750,2.003,27.120,20.763,44.647
2026-09-03T20:58:00,M01,12.512,1.999,26.883,20.502,46.123
2026-09-03T20:59:00,M01,12.432,1.997,27.336,20.999,44.766
2026-09-03T21:00:00,M01,12.576,2.011,26.983,20.837,44.495
2026-09-03T21:01:00,M01,12.440,1.923,26.902,20.823,45.655
2026-09-03T21:02:00,M01,12.457,1.929,27.091,21.129,45.723
2026-09-03T21:03:00,M01,12.697,2.076,27.146,20.841,44.661
2026-09-03T21:04:00,M01,12.560,1.945,27.052,20.992,44.677
2026-09-03T21:05:00,M01,12.664,1.995,26.993,21.077,44.148
2026-09-03T21:06:00,M01,12.562,1.966,27.083,20.913,44.691
2026-09-03T21:07:00,M01,12.433,2.006,27.347,20.981,43.840
2026-09-03T21:08:00,M01,12.540,2.029,27.102,20.542,47.120
2026-09-03T21:09:00,M01,12.559,2.032,27.091,20.844,44.647
2026-09-03T21:10:00,M01,12.636,1.986,27.165,21.091,44.342
2026-09-03T21:11:00,M01,12.492,2.009,27.141,20.534,44.761
2026-09-03T21:12:00,M01,12.548,2.042,27.089,20.793,46.345
2026-09-03T21:13:00,M01,12.704,2.030,26.967,21.087,44.267
2026-09-03T21:14:00,M01,12.572,1.962,26.819,21.023,46.546
2026-09-03T21:15:00,M01,12.422,2.032,27.020,20.918,45.333
2026-09-03T21:16:00,M01,12.645,2.052,27.026,20.705,42.568
2026-09-03T21:17:00,M01,12.409,1.974,27.001,20.781,44.190
2026-09-03T21:18:00,M01,12.472,2.058,26.962,20.781,45.108
2026-09-03T21:19:00,M01,12.443,2.025,26.981,20.799,45.054
2026-09-03T21:20:00,M01,12.702,1.960,26.895,20.899,44.808
2026-09-03T21:21:00,M01,12.579,2.005,27.262,20.991,43.965
2026-09-03T21:22:00,M01,12.524,2.015,26.950,20.550,45.955
2026-09-03T21:23:00,M01,12.572,1.962,26.891,20.778,46.290
2026-09-03T21:24:00,M01,12.596,1.983,26.824,20.734,44.303
2026-09-03T21:25:00,M01,12.618,2.060,26.992,20.834,46.618
2026-09-03T21:26:00,M01,12.609,2.023,27.052,21.012,44.331
2026-09-03T21:27:00,M01,12.519,2.056,27.096,20.748,45.669
2026-09-03T21:28:00,M01,12.676,1.997,26.866,20.909,47.988
2026-09-03T21:29:00,M01,12.574,1.930,27.144,20.650,44.568
2026-09-03T21:30:00,M01,12.564,1.990,27.385,21.116,42.349
2026-09-03T21:31:00,M01,12.618,1.972,27.046,20.924,44.689
2026-09-03T21:32:00,M01,12.671,1.947,27.259,20.833,45.994
2026-09-03T21:33:00,M01,12.600,2.113,26.877,20.608,44.635
2026-09-03T21:34:00,M01,12.749,2.039,26.867,20.732,44.801
2026-09-03T21:35:00,M01,12.498,2.003,26.935,20.887,43.951
2026-09-03T21:36:00,M01,12.614,2.032,27.014,20.835,44.853
2026-09-03T21:37:00,M01,12.563,1.960,27.078,20.876,44.836
2026-09-03T21:38:00,M01,12.565,1.993,27.147,20.739,45.252
2026-09-03T21:39:00,M01,12.661,1.988,26.882,20.447,44.643
2026-09-03T21:40:00,M01,12.707,1.942,26.917,20.573,45.877
2026-09-03T21:41:00,M01,12.657,2.008,26.931,20.792,45.680
2026-09-03T21:42:00,M01,12.762,2.013,27.010,20.819,44.079
2026-09-03T21:43:00,M01,12.652,1.983,26.958,20.569,45.682
2026-09-03T21:44:00,M01,12.601,2.008,27.029,20.811,44.764
2026-09-03T21:45:00,M01,12.806,2.046,27.044,20.736,43.630
2026-09-03T21:46:00,M01,12.582,2.026,26.927,20.355,47.338
2026-09-03T21:47:00,M01,12.655,2.053,26.766,20.834,44.882
2026-09-03T21:48:00,M01,12.760,1.978,27.075,20.806,47.115
2026-09-03T21:49:00,M01,12.565,2.013,27.103,20.801,46.280
2026-09-03T21:50:00,M01,12.638,1.939,26.866,20.508,44.469
2026-09-03T21:51:00,M01,12.619,2.040,26.947,20.749,45.818
2026-09-03T21:52:00,M01,12.583,1.961,27.037,20.907,45.234
2026-09-03T21:53:00,M01,12.610,2.058,27.035,20.429,44.981
2026-09-03T21:54:00,M01,12.568,1.891,26.967,20.738,43.780
2026-09-03T21:55:00,M01,12.674,2.004,27.096,20.639,46.901
2026-09-03T21:56:00,M01,12.490,2.009,27.084,21.039,45.830
2026-09-03T21:57:00,M01,12.462,2.009,26.917,20.407,46.648
2026-09-03T21:58:00,M01,12.659,2.039,26.958,20.620,46.466
2026-09-03T21:59:00,M01,12.615,2.006,27.049,20.914,45.200
2026-09-03T22:00:00,M01,12.597,1.939,26.890,20.903,44.021
2026-09-03T22:01:00,M01,12.541,1.999,26.822,20.577,45.551
2026-09-03T22:02:00,M01,12.500,1.981,26.902,20.741,44.291
2026-09-03T22:03:00,M01,12.805,1.978,26.812,20.728,46.366
2026-09-03T22:04:00,M01,12.660,1.985,26.941,21.061,45.301
2026-09-03T22:05:00,M01,12.664,1.938,26.788,20.748,44.530
2026-09-03T22:06:00,M01,12.487,2.019,26.972,20.755,45.363
2026-09-03T22:07:00,M01,12.695,1.961,27.042,20.772,42.457
2026-09-03T22:08:00,M01,12.554,2.020,26.817,20.696,44.450
2026-09-03T22:09:00,M01,12.551,2.042,27.132,20.613,44.139
2026-09-03T22:10:00,M01,12.404,2.100,26.893,20.852,44.434
2026-09-03T22:11:00,M01,12.503,1.992,26.901,20.921,44.390
2026-09-03T22:12:00,M01,12.644,1.945,27.165,20.761,47.665
2026-09-03T22:13:00,M01,12.690,2.032,26.786,20.512,43.371
2026-09-03T22:14:00,M01,12.599,2.042,26.844,20.937,44.942
2026-09-03T22:15:00,M01,12.654,2.005,27.187,20.543,44.568
2026-09-03T22:16:00,M01,12.505,2.033,27.003,20.852,42.352
2026-09-03T22:17:00,M01,12.659,1.945,27.106,20.928,41.756
2026-09-03T22:18:00,M01,12.496,1.951,26.772,20.852,46.349
2026-09-03T22:19:00,M01,12.727,1.978,26.769,20.992,45.818
2026-09-03T22:20:00,M01,12.474,1.945,26.962,21.073,46.644
2026-09-03T22:21:00,M01,12.589,2.035,26.890,20.815,45.999
2026-09-03T22:22:00,M01,12.766,2.063,27.009,20.847,45.613
2026-09-03T22:23:00,M01,12.668,2.003,26.891,20.778,44.677
2026-09-03T22:24:00,M01,12.664,2.034,27.134,20.714,45.738
2026-09-03T22:25:00,M01,12.753,1.950,27.146,20.698,43.070
2026-09-03T22:26:00,M01,12.479,1.959,26.990,20.871,44.862
2026-09-03T22:27:00,M01,12.625,1.925,27.175,21.051,44.346
2026-09-03T22:28:00,M01,12.573,1.961,26.960,20.445,44.282
2026-09-03T22:29:00,M01,12.692,2.020,27.034,20.679,46.071
2026-09-03T22:30:00,M01,12.632,2.077,27.017,20.752,45.998
2026-09-03T22:31:00,M01,12.549,2.006,26.992,20.508,45.504
2026-09-03T22:32:00,M01,12.630,2.021,27.071,20.963,45.814
2026-09-03T22:33:00,M01,12.497,2.021,27.057,20.702,44.687
2026-09-03T22:34:00,M01,12.739,1.973,26.869,20.799,44.111
2026-09-03T22:35:00,M01,12.514,2.054,27.059,20.833,46.713
2026-09-03T22:36:00,M01,12.652,2.040,26.866,20.906,44.319
2026-09-03T22:37:00,M01,12.634,1.974,27.199,20.754,44.691
2026-09-03T22:38:00,M01,12.584,1.997,27.086,20.664,44.204
2026-09-03T22:39:00,M01,12.538,1.982,26.977,20.681,45.964
2026-09-03T22:40:00,M01,12.620,1.994,27.049,20.817,44.524
2026-09-03T22:41:00,M01,12.588,2.050,27.119,21.037,44.093
2026-09-03T22:42:00,M01,12.640,2.028,26.963,21.107,44.038
2026-09-03T22:43:00,M01,12.480,1.987,27.055,20.841,45.316
2026-09-03T22:44:00,M01,12.508,1.923,27.144,20.532,44.669
2026-09-03T22:45:00,M01,12.666,1.994,27.132,20.650,45.824
2026-09-03T22:46:00,M01,12.539,1.956,26.919,20.843,46.997
2026-09-03T22:47:00,M01,12.685,1.994,27.240,20.781,46.596
2026-09-03T22:48:00,M01,12.656,1.953,26.957,20.765,43.024
2026-09-03T22:49:00,M01,12.608,1.924,26.986,20.778,43.283
2026-09-03T22:50:00,M01,12.693,1.981,26.975,20.778,44.778
2026-09-03T22:51:00,M01,12.426,2.007,26.956,20.563,43.361
2026-09-03T22:52:00,M01,12.559,1.972,26.922,20.841,46.091
2026-09-03T22:53:00,M01,12.430,1.961,26.869,20.878,46.177
2026-09-03T22:54:00,M01,12.524,2.043,26.937,20.591,44.777
2026-09-03T22:55:00,M01,12.596,1.970,27.100,20.661,46.213
2026-09-03T22:56:00,M01,12.484,1.982,26.948,20.658,45.371
2026-09-03T22:57:00,M01,12.748,2.012,27.127,20.974,45.460
2026-09-03T22:58:00,M01,12.538,2.045,27.132,20.993,44.393
2026-09-03T22:59:00,M01,12.700,1.997,27.346,20.893,43.757
2026-09-03T23:00:00,M01,12.621,1.916,26.918,20.411,47.808
2026-09-03T23:01:00,M01,12.571,1.964,27.170,20.753,43.472
2026-09-03T23:02:00,M01,12.631,1.937,27.130,20.564,44.030
2026-09-03T23:03:00,M01,12.556,2.002,26.886,20.745,42.801
2026-09-03T23:04:00,M01,12.531,2.040,26.940,20.650,44.479
2026-09-03T23:05:00,M01,12.636,1.922,26.830,20.843,44.657
2026-09-03T23:06:00,M01,12.477,2.014,27.247,20.686,43.586
2026-09-03T23:07:00,M01,12.766,1.966,27.116,20.916,45.131
2026-09-03T23:08:00,M01,12.576,2.028,26.965,20.769,43.826
2026-09-03T23:09:00,M01,12.591,1.960,26.900,20.731,46.526
2026-09-03T23:10:00,M01,12.660,2.057,27.097,21.091,46.536
2026-09-03T23:11:00,M01,12.611,1.996,26.898,20.527,45.440
2026-09-03T23:12:00,M01,12.661,2.078,27.013,20.635,44.309
2026-09-03T23:13:00,M01,12.592,1.981,27.035,20.595,43.898
2026-09-03T23:14:00,M01,12.536,2.028,26.933,20.814,44.828
2026-09-03T23:15:00,M01,12.576,2.004,26.846,20.826,44.823
2026-09-03T23:16:00,M01,12.422,2.028,27.010,20.855,45.416
2026-09-03T23:17:00,M01,12.515,1.977,27.033,20.537,47.361
2026-09-03T23:18:00,M01,12.647,1.979,27.086,21.066,47.006
2026-09-03T23:19:00,M01,12.605,1.966,26.813,20.823,44.333
2026-09-03T23:20:00,M01,12.571,1.973,26.845,20.835,45.567
2026-09-03T23:21:00,M01,12.521,1.900,27.096,20.970,44.064
2026-09-03T23:22:00,M01,12.495,2.061,26.973,20.723,45.078
2026-09-03T23:23:00,M01,12.572,1.992,27.089,20.964,43.819
2026-09-03T23:24:00,M01,12.594,2.008,27.326,20.918,45.801
2026-09-03T23:25:00,M01,12.649,2.053,27.167,20.656,45.192
2026-09-03T23:26:00,M01,12.506,1.985,26.937,20.955,45.052
2026-09-03T23:27:00,M01,12.648,1.981,27.037,20.816,44.152
2026-09-03T23:28:00,M01,12.479,2.008,26.937,20.817,44.262
2026-09-03T23:29:00,M01,12.543,2.034,27.010,21.003,44.278
2026-09-03T23:30:00,M01,12.661,2.045,27.090,20.131,46.826
2026-09-03T23:31:00,M01,12.522,2.023,26.767,20.746,45.651
2026-09-03T23:32:00,M01,12.565,1.991,26.815,20.778,44.257
2026-09-03T23:33:00,M01,12.534,2.020,26.986,20.682,45.615
2026-09-03T23:34:00,M01,12.577,1.992,27.110,20.889,44.826
2026-09-03T23:35:00,M01,12.558,1.944,26.912,20.838,43.134
2026-09-03T23:36:00,M01,12.680,1.959,27.051,20.581,44.963
2026-09-03T23:37:00,M01,12.735,1.920,26.931,20.474,44.479
2026-09-03T23:38:00,M01,12.600,2.045,26.876,20.706,46.554
2026-09-03T23:39:00,M01,12.515,2.001,26.850,20.649,44.426
2026-09-03T23:40:00,M01,12.756,1.983,27.030,20.757,44.880
2026-09-03T23:41:00,M01,12.562,1.963,27.124,21.063,45.473
2026-09-03T23:42:00,M01,12.572,2.005,27.097,20.805,46.408
2026-09-03T23:43:00,M01,12.621,2.010,26.888,20.723,44.313
2026-09-03T23:44:00,M01,12.523,2.016,27.044,20.772,46.722
2026-09-03T23:45:00,M01,12.595,2.008,26.920,20.931,44.047
2026-09-03T23:46:00,M01,12.772,2.012,26.859,20.604,46.211
2026-09-03T23:47:00,M01,12.743,2.057,26.939,20.844,44.505
2026-09-03T23:48:00,M01,12.638,1.970,27.081,20.856,44.352
2026-09-03T23:49:00,M01,12.604,1.993,26.970,21.012,44.236
2026-09-03T23:50:00,M01,12.689,2.017,26.946,20.600,44.720
2026-09-03T23:51:00,M01,12.598,2.057,27.085,20.979,45.483
2026-09-03T23:52:00,M01,12.461,1.976,26.968,20.786,43.674
2026-09-03T23:53:00,M01,12.615,1.988,27.000,20.762,44.740
2026-09-03T23:54:00,M01,12.675,2.017,26.995,21.095,44.231
2026-09-03T23:55:00,M01,12.594,2.001,27.116,20.800,44.970
2026-09-03T23:56:00,M01,12.624,2.017,26.941,20.600,46.021
2026-09-03T23:57:00,M01,12.700,1.997,27.346,20.594,45.759
2026-09-03T23:58:00,M01,12.621,1.991,27.075,20.946,45.094
2026-09-03T23:59:00,M01,12.684,2.042,26.842,20.842,46.607
2026-09-04T00:00:00,M01,11.956,1.812,24.046,19.816,44.703
2026-09-04T00:01:00,M01,12.133,1.729,23.965,19.902,46.309
2026-09-04T00:02:00,M01,12.017,1.803,24.401,20.387,45.252
2026-09-04T00:03:00,M01,12.034,1.743,24.409,20.040,46.155
2026-09-04T00:04:00,M01,12.012,1.732,24.409,20.282,42.779
2026-09-04T00:05:00,M01,12.085,1.876,24.709,20.407,45.293
2026-09-04T00:06:00,M01,12.039,1.858,24.546,20.005,44.918
2026-09-04T00:07:00,M01,12.316,1.828,24.701,20.217,45.790
2026-09-04T00:08:00,M01,12.267,1.905,24.770,19.999,43.895
2026-09-04T00:09:00,M01,12.146,1.813,24.762,19.936,44.816
2026-09-04T00:10:00,M01,12.194,1.749,24.753,20.151,43.504
2026-09-04T00:11:00,M01,12.296,1.890,24.864,20.383,44.922
2026-09-04T00:12:00,M01,12.159,1.878,24.943,20.425,46.839
2026-09-04T00:13:00,M01,12.332,1.864,25.268,20.233,44.965
2026-09-04T00:14:00,M01,12.304,1.806,25.106,20.416,43.795
2026-09-04T00:15:00,M01,12.141,1.865,25.225,20.552,47.193
2026-09-04T00:16:00,M01,12.102,1.852,25.268,20.312,43.606
2026-09-04T00:17:00,M01,12.277,1.888,25.569,20.149,44.382
2026-09-04T00:18:00,M01,12.163,1.936,25.282,20.381,46.282
2026-09-04T00:19:00,M01,12.258,1.895,25.410,20.663,46.505
2026-09-04T00:20:00,M01,12.401,1.834,25.366,20.268,44.320
2026-09-04T00:21:00,M01,12.226,1.917,25.424,20.491,45.291
2026-09-04T00:22:00,M01,12.234,1.945,25.548,20.463,44.645
2026-09-04T00:23:00,M01,12.359,1.876,25.633,20.236,44.570
2026-09-04T00:24:00,M01,12.243,1.872,25.790,20.283,44.757
2026-09-04T00:25:00,M01,12.443,1.871,25.792,20.559,45.542
2026-09-04T00:26:00,M01,12.162,1.876,25.707,20.209,43.795
2026-09-04T00:27:00,M01,12.355,1.963,25.838,20.694,45.274
2026-09-04T00:28:00,M01,12.379,1.958,25.944,20.595,44.502
2026-09-04T00:29:00,M01,12.455,1.969,25.726,20.499,43.984
2026-09-04T00:30:00,M01,12.557,1.911,25.840,20.493,44.524
2026-09-04T00:31:00,M01,12.450,1.896,25.935,20.932,46.287
2026-09-04T00:32:00,M01,12.380,1.951,26.091,21.088,47.081
2026-09-04T00:33:00,M01,12.329,1.995,25.978,20.562,44.612
2026-09-04T00:34:00,M01,12.455,1.944,26.133,20.455,44.065
2026-09-04T00:35:00,M01,12.389,1.953,26.313,20.573,44.723
2026-09-04T00:36:00,M01,12.577,1.978,26.229,20.260,44.614
2026-09-04T00:37:00,M01,12.426,1.860,26.164,20.873,46.467
2026-09-04T00:38:00,M01,12.477,1.944,25.865,20.666,46.004
2026-09-04T00:39:00,M01,12.639,1.978,26.252,20.826,43.976
2026-09-04T00:40:00,M01,12.313,1.988,26.274,20.976,45.803
2026-09-04T00:41:00,M01,12.419,1.934,26.228,20.506,44.659
2026-09-04T00:42:00,M01,12.401,1.915,26.230,20.339,42.636
2026-09-04T00:43:00,M01,12.373,1.887,26.265,20.611,46.302
2026-09-04T00:44:00,M01,12.459,1.945,26.225,20.381,42.981
2026-09-04T00:45:00,M01,12.373,1.915,26.260,20.294,45.262
2026-09-04T00:46:00,M01,12.364,1.925,26.292,20.731,46.209
2026-09-04T00:47:00,M01,12.533,2.012,26.462,20.667,45.549
2026-09-04T00:48:00,M01,12.492,2.003,26.321,20.443,44.951
2026-09-04T00:49:00,M01,12.655,1.952,26.277,20.330,44.046
2026-09-04T00:50:00,M01,12.450,1.976,26.436,20.541,47.574
2026-09-04T00:51:00,M01,12.379,1.936,26.486,20.359,44.635
2026-09-04T00:52:00,M01,12.498,1.989,26.453,20.816,44.408
2026-09-04T00:53:00,M01,12.414,1.896,26.344,20.611,45.510
2026-09-04T00:54:00,M01,12.535,1.993,26.385,20.952,44.289
2026-09-04T00:55:00,M01,12.670,2.007,26.814,20.569,45.408
2026-09-04T00:56:00,M01,12.538,1.941,26.713,20.764,43.159
2026-09-04T00:57:00,M01,12.440,1.973,26.688,20.474,44.731
2026-09-04T00:58:00,M01,12.432,1.952,26.472,20.859,45.786
2026-09-04T00:59:00,M01,12.608,2.040,26.534,20.742,45.611
2026-09-04T01:00:00,M01,12.709,1.977,26.551,20.727,44.889
2026-09-04T01:01:00,M01,12.546,1.937,26.491,20.418,45.159
2026-09-04T01:02:00,M01,12.536,2.016,26.585,20.495,45.054
2026-09-04T01:03:00,M01,12.642,1.975,26.881,20.537,44.401
2026-09-04T01:04:00,M01,12.702,1.848,26.682,20.714,44.048
2026-09-04T01:05:00,M01,12.362,1.987,26.525,20.579,45.272
2026-09-04T01:06:00,M01,12.488,1.978,26.569,20.936,45.343
2026-09-04T01:07:00,M01,12.654,2.059,26.478,20.737,43.722
2026-09-04T01:08:00,M01,12.487,1.949,26.652,20.916,43.979
2026-09-04T01:09:00,M01,12.515,1.965,26.714,21.027,44.539
2026-09-04T01:10:00,M01,12.574,1.913,26.671,20.816,45.366
2026-09-04T01:11:00,M01,12.511,2.005,26.619,20.882,45.421
2026-09-04T01:12:00,M01,12.406,1.980,26.513,20.534,47.085
2026-09-04T01:13:00,M01,12.578,1.937,26.739,20.809,46.405
2026-09-04T01:14:00,M01,12.541,1.933,27.040,21.001,45.035
2026-09-04T01:15:00,M01,12.677,2.053,26.696,20.893,45.323
2026-09-04T01:16:00,M01,12.425,2.072,26.748,20.553,43.554
2026-09-04T01:17:00,M01,12.578,2.025,26.785,20.500,44.779
2026-09-04T01:18:00,M01,12.460,1.991,26.678,20.794,45.144
2026-09-04T01:19:00,M01,12.479,1.974,26.925,20.923,46.276
2026-09-04T01:20:00,M01,12.480,1.995,26.786,20.854,45.444
2026-09-04T01:21:00,M01,12.687,1.982,26.789,20.755,43.347
2026-09-04T01:22:00,M01,12.596,2.024,26.731,20.622,43.881
2026-09-04T01:23:00,M01,12.558,2.012,26.682,20.618,43.772
2026-09-04T01:24:00,M01,12.635,2.026,26.819,20.945,45.440
2026-09-04T01:25:00,M01,12.620,1.933,26.726,20.788,45.001
2026-09-04T01:26:00,M01,12.537,1.941,26.723,21.227,45.612
2026-09-04T01:27:00,M01,12.669,1.921,26.932,20.626,43.500
2026-09-04T01:28:00,M01,12.576,2.036,26.984,20.782,46.279
2026-09-04T01:29:00,M01,12.558,2.016,27.171,20.479,42.363
2026-09-04T01:30:00,M01,12.546,2.012,26.819,20.595,44.510
2026-09-04T01:31:00,M01,12.319,1.938,26.826,20.677,43.368
2026-09-04T01:32:00,M01,12.520,1.995,26.934,20.689,45.627
2026-09-04T01:33:00,M01,12.522,2.004,26.808,20.881,45.862
2026-09-04T01:34:00,M01,12.758,2.020,26.785,20.558,44.818
2026-09-04T01:35:00,M01,12.630,2.005,26.958,20.507,44.363
2026-09-04T01:36:00,M01,12.642,1.985,26.909,20.591,46.217
2026-09-04T01:37:00,M01,12.460,1.979,26.846,20.790,47.065
2026-09-04T01:38:00,M01,12.692,1.938,26.870,20.571,44.918
2026-09-04T01:39:00,M01,12.727,2.030,26.869,20.908,43.378
2026-09-04T01:40:00,M01,12.515,1.901,26.850,20.545,46.249
2026-09-04T01:41:00,M01,12.556,2.039,26.977,21.009,44.019
2026-09-04T01:42:00,M01,12.593,2.096,27.060,20.784,46.108
2026-09-04T01:43:00,M01,12.596,2.047,26.943,20.752,45.089
2026-09-04T01:44:00,M01,12.690,2.060,26.967,20.602,45.890
2026-09-04T01:45:00,M01,12.511,1.989,26.810,20.553,45.063
2026-09-04T01:46:00,M01,12.656,2.008,26.742,20.853,45.396
2026-09-04T01:47:00,M01,12.650,1.977,26.873,20.902,42.700
2026-09-04T01:48:00,M01,12.642,2.011,27.107,20.878,45.050
2026-09-04T01:49:00,M01,12.569,2.029,26.572,20.524,46.105
2026-09-04T01:50:00,M01,12.628,2.040,26.688,20.858,43.570
2026-09-04T01:51:00,M01,12.679,1.959,27.057,20.906,45.375
2026-09-04T01:52:00,M01,12.692,2.004,27.027,20.865,43.228
2026-09-04T01:53:00,M01,12.633,1.991,27.017,20.617,44.829
2026-09-04T01:54:00,M01,12.576,2.041,26.756,20.602,45.573
2026-09-04T01:55:00,M01,12.816,1.957,27.092,20.785,45.503
2026-09-04T01:56:00,M01,12.760,2.054,27.032,20.761,45.869
2026-09-04T01:57:00,M01,12.584,1.958,26.816,20.534,45.400
2026-09-04T01:58:00,M01,12.638,1.986,26.793,20.860,48.021
2026-09-04T01:59:00,M01,12.584,2.057,26.947,20.782,45.135
2026-09-04T02:00:00,M01,12.731,1.976,26.965,20.826,45.660
2026-09-04T02:01:00,M01,12.564,1.956,26.831,20.920,44.672
2026-09-04T02:02:00,M01,12.564,2.013,26.859,21.058,44.355
2026-09-04T02:03:00,M01,12.745,2.065,26.857,20.672,45.261
2026-09-04T02:04:00,M01,12.699,1.979,27.029,20.761,44.367
2026-09-04T02:05:00,M01,12.718,2.025,26.996,20.728,46.906
2026-09-04T02:06:00,M01,12.691,1.971,27.040,20.820,44.616
2026-09-04T02:07:00,M01,12.611,1.979,26.861,21.036,44.177
2026-09-04T02:08:00,M01,12.493,1.944,26.889,21.176,45.187
2026-09-04T02:09:00,M01,12.665,1.954,26.832,20.779,46.065
2026-09-04T02:10:00,M01,12.488,1.995,26.743,20.845,43.566
2026-09-04T02:11:00,M01,12.524,1.971,27.080,20.713,44.756
2026-09-04T02:12:00,M01,12.601,1.980,26.802,20.743,45.653
2026-09-04T02:13:00,M01,12.424,2.031,26.946,20.640,43.373
2026-09-04T02:14:00,M01,12.688,1.970,26.991,21.182,45.758
2026-09-04T02:15:00,M01,12.493,2.050,27.105,20.731,45.875
2026-09-04T02:16:00,M01,12.739,2.037,26.986,20.923,44.800
2026-09-04T02:17:00,M01,12.567,1.978,27.136,20.805,45.604
2026-09-04T02:18:00,M01,12.662,1.973,26.766,20.899,45.273
2026-09-04T02:19:00,M01,12.745,1.997,26.791,20.412,45.061
2026-09-04T02:20:00,M01,12.714,2.020,26.813,20.453,46.637
2026-09-04T02:21:00,M01,12.726,2.022,26.873,20.834,45.025
2026-09-04T02:22:00,M01,12.583,1.875,26.815,20.754,42.557
2026-09-04T02:23:00,M01,12.536,2.108,27.166,20.959,44.767
2026-09-04T02:24:00,M01,12.494,1.983,27.105,20.425,44.775
2026-09-04T02:25:00,M01,12.644,1.954,26.952,20.865,46.115
2026-09-04T02:26:00,M01,12.571,1.991,26.818,20.688,45.741
2026-09-04T02:27:00,M01,12.546,1.966,26.862,20.924,45.293
2026-09-04T02:28:00,M01,12.610,2.002,27.064,20.668,44.602
2026-09-04T02:29:00,M01,12.703,2.032,26.987,20.872,45.721
2026-09-04T02:30:00,M01,12.648,1.999,26.963,20.974,45.748
2026-09-04T02:31:00,M01,12.529,1.999,26.830,20.987,45.754
2026-09-04T02:32:00,M01,12.559,1.992,26.626,20.936,45.708
2026-09-04T02:33:00,M01,12.527,1.981,26.916,20.779,44.288
2026-09-04T02:34:00,M01,12.761,1.969,27.015,20.864,46.404
2026-09-04T02:35:00,M01,12.568,2.026,27.107,20.856,42.815
2026-09-04T02:36:00,M01,12.532,2.074,27.123,20.767,45.126
2026-09-04T02:37:00,M01,12.598,2.030,26.878,20.711,44.767
2026-09-04T02:38:00,M01,12.487,1.962,26.813,20.939,46.113
2026-09-04T02:39:00,M01,12.502,2.012,27.000,20.548,46.224
2026-09-04T02:40:00,M01,12.658,1.905,26.855,21.160,44.009
2026-09-04T02:41:00,M01,12.544,1.964,26.861,20.713,42.444
2026-09-04T02:42:00,M01,12.818,2.008,26.991,20.687,44.802
2026-09-04T02:43:00,M01,12.693,1.964,26.963,21.058,46.512
2026-09-04T02:44:00,M01,12.438,2.081,26.868,20.735,45.004
2026-09-04T02:45:00,M01,12.552,1.983,26.925,20.589,46.047
2026-09-04T02:46:00,M01,12.610,1.967,27.101,21.140,44.251
2026-09-04T02:47:00,M01,12.592,2.065,26.912,20.999,45.287
2026-09-04T02:48:00,M01,12.551,1.965,26.944,20.956,44.841
2026-09-04T02:49:00,M01,12.734,1.929,26.839,20.688,44.245
2026-09-04T02:50:00,M01,12.497,1.960,26.968,20.787,45.075
2026-09-04T02:51:00,M01,12.549,2.019,27.030,20.864,43.768
2026-09-04T02:52:00,M01,12.439,1.986,26.853,20.906,44.635
2026-09-04T02:53:00,M01,12.787,2.010,27.047,20.576,44.408
2026-09-04T02:54:00,M01,12.536,2.101,27.076,21.021,44.731
2026-09-04T02:55:00,M01,12.610,1.978,27.057,20.906,43.506
2026-09-04T02:56:00,M01,12.575,1.989,26.786,20.915,46.448
2026-09-04T02:57:00,M01,12.470,2.006,26.855,20.967,45.330
2026-09-04T02:58:00,M01,12.673,2.025,27.347,20.547,45.123
2026-09-04T02:59:00,M01,12.665,1.881,27.138,20.708,43.854
2026-09-04T03:00:00,M01,12.582,2.032,27.070,20.899,46.138
2026-09-04T03:01:00,M01,12.597,1.958,27.187,20.805,45.798
2026-09-04T03:02:00,M01,12.371,2.004,27.026,21.066,43.600
2026-09-04T03:03:00,M01,12.619,2.052,27.028,20.888,45.873
2026-09-04T03:04:00,M01,12.726,1.986,26.770,20.485,44.640
2026-09-04T03:05:00,M01,12.606,1.991,26.672,20.968,45.649
2026-09-04T03:06:00,M01,12.480,2.063,27.025,20.750,43.908
2026-09-04T03:07:00,M01,12.735,1.966,26.988,20.722,44.787
2026-09-04T03:08:00,M01,12.707,2.002,27.100,20.617,44.768
2026-09-04T03:09:00,M01,12.592,1.979,26.797,20.676,45.564
2026-09-04T03:10:00,M01,12.539,2.048,27.215,20.775,47.914
2026-09-04T03:11:00,M01,12.454,1.955,26.887,21.225,43.730
2026-09-04T03:12:00,M01,12.610,2.020,26.677,20.758,43.657
2026-09-04T03:13:00,M01,12.421,1.979,26.951,20.586,45.120
2026-09-04T03:14:00,M01,12.668,1.946,26.806,20.794,45.020
2026-09-04T03:15:00,M01,12.447,1.997,27.142,20.626,45.551
2026-09-04T03:16:00,M01,12.656,1.937,27.135,20.779,46.173
2026-09-04T03:17:00,M01,12.472,1.955,26.850,20.838,44.247
2026-09-04T03:18:00,M01,12.584,1.976,26.916,20.743,45.485
2026-09-04T03:19:00,M01,12.552,2.000,27.134,21.040,43.991
2026-09-04T03:20:00,M01,12.544,2.053,26.928,20.963,44.779
2026-09-04T03:21:00,M01,12.586,1.969,27.002,21.218,43.878
2026-09-04T03:22:00,M01,12.575,1.938,26.977,20.950,43.615
2026-09-04T03:23:00,M01,12.663,1.936,27.156,20.994,44.229
2026-09-04T03:24:00,M01,12.701,2.039,26.714,20.528,45.072
2026-09-04T03:25:00,M01,12.737,2.016,26.978,20.638,45.753
2026-09-04T03:26:00,M01,12.773,2.085,27.105,20.650,44.897
2026-09-04T03:27:00,M01,12.623,2.023,26.913,20.381,45.777
2026-09-04T03:28:00,M01,12.562,2.009,26.741,21.056,47.611
2026-09-04T03:29:00,M01,12.507,2.005,27.018,20.861,44.355
2026-09-04T03:30:00,M01,12.614,1.947,26.858,21.097,45.271
2026-09-04T03:31:00,M01,12.540,2.055,27.156,20.671,44.806
2026-09-04T03:32:00,M01,12.459,1.924,26.910,21.033,44.719
2026-09-04T03:33:00,M01,12.445,1.986,27.045,21.000,45.840
2026-09-04T03:34:00,M01,12.662,2.007,27.215,20.946,44.287
2026-09-04T03:35:00,M01,12.655,2.009,27.081,20.753,44.566
2026-09-04T03:36:00,M01,12.562,2.062,26.637,20.731,45.670
2026-09-04T03:37:00,M01,12.458,1.998,27.031,20.992,45.097
2026-09-04T03:38:00,M01,12.650,2.005,26.841,20.805,45.301
2026-09-04T03:39:00,M01,12.559,1.999,27.009,20.927,43.776
2026-09-04T03:40:00,M01,12.655,1.981,26.868,20.575,43.424
2026-09-04T03:41:00,M01,12.656,2.006,27.020,20.907,44.922
2026-09-04T03:42:00,M01,12.608,2.006,27.287,20.800,47.296
2026-09-04T03:43:00,M01,12.480,1.987,26.963,20.779,44.645
2026-09-04T03:44:00,M01,12.628,1.992,26.995,20.791,46.172
2026-09-04T03:45:00,M01,12.683,1.956,27.032,20.780,45.211
2026-09-04T03:46:00,M01,12.544,1.930,27.058,21.023,44.974
2026-09-04T03:47:00,M01,12.569,2.048,26.776,20.737,45.124
2026-09-04T03:48:00,M01,12.623,2.019,27.049,20.956,46.131
2026-09-04T03:49:00,M01,12.506,1.989,27.012,20.831,43.775
2026-09-04T03:50:00,M01,12.755,2.006,27.048,21.107,42.975
2026-09-04T03:51:00,M01,12.588,2.061,26.982,20.548,43.707
2026-09-04T03:52:00,M01,12.700,1.973,26.836,20.766,43.474
2026-09-04T03:53:00,M01,12.608,2.010,27.154,20.732,45.972
2026-09-04T03:54:00,M01,12.682,2.080,26.880,20.940,43.874
2026-09-04T03:55:00,M01,12.644,1.977,26.844,20.783,44.901
2026-09-04T03:56:00,M01,12.604,1.924,27.148,20.885,43.344
2026-09-04T03:57:00,M01,12.692,2.093,26.976,20.706,46.344
2026-09-04T03:58:00,M01,12.596,1.931,26.851,20.873,47.017
2026-09-04T03:59:00,M01,12.583,1.984,26.835,20.593,45.808
2026-09-04T04:00:00,M01,12.569,1.963,26.776,20.723,46.118
2026-09-04T04:01:00,M01,12.708,2.070,26.905,20.843,45.535
2026-09-04T04:02:00,M01,12.594,2.008,27.026,20.764,44.804
2026-09-04T04:03:00,M01,12.803,1.999,27.151,20.635,46.598
2026-09-04T04:04:00,M01,12.614,2.110,27.113,21.132,44.073
2026-09-04T04:05:00,M01,12.667,2.002,26.914,20.611,45.603
2026-09-04T04:06:00,M01,12.699,1.998,26.943,20.549,43.971
2026-09-04T04:07:00,M01,12.485,1.994,26.935,20.672,43.634
2026-09-04T04:08:00,M01,12.643,1.987,27.045,20.674,43.902
2026-09-04T04:09:00,M01,12.590,1.988,27.073,20.972,44.410
2026-09-04T04:10:00,M01,12.581,2.060,26.818,20.665,44.935
2026-09-04T04:11:00,M01,12.641,2.049,27.227,20.749,45.569
2026-09-04T04:12:00,M01,12.529,2.011,26.989,21.028,44.698
2026-09-04T04:13:00,M01,12.621,1.974,27.014,20.871,43.025
2026-09-04T04:14:00,M01,12.629,2.037,26.913,20.792,45.505
2026-09-04T04:15:00,M01,12.590,1.978,27.139,20.797,43.906
2026-09-04T04:16:00,M01,12.532,1.986,26.821,20.761,45.842
2026-09-04T04:17:00,M01,12.651,1.962,26.993,20.793,44.703
2026-09-04T04:18:00,M01,12.463,2.083,26.891,20.825,45.177
2026-09-04T04:19:00,M01,12.542,2.016,26.991,20.893,43.858
2026-09-04T04:20:00,M01,12.512,2.001,26.904,20.710,45.616
2026-09-04T04:21:00,M01,12.622,1.956,26.933,20.718,45.435
2026-09-04T04:22:00,M01,12.437,2.051,27.190,20.901,44.648
2026-09-04T04:23:00,M01,12.473,1.938,27.022,20.688,45.790
2026-09-04T04:24:00,M01,12.439,1.992,27.079,20.529,45.089
2026-09-04T04:25:00,M01,12.637,2.035,27.038,20.672,43.595
2026-09-04T04:26:00,M01,12.577,2.040,27.166,20.685,44.412
2026-09-04T04:27:00,M01,12.619,1.949,26.976,20.724,46.330
2026-09-04T04:28:00,M01,12.543,2.036,27.116,20.836,44.459
2026-09-04T04:29:00,M01,12.374,2.030,27.039,20.808,43.627
2026-09-04T04:30:00,M01,12.564,1.979,27.165,21.216,43.543
2026-09-04T04:31:00,M01,12.686,2.035,26.977,20.712,44.490
2026-09-04T04:32:00,M01,12.536,1.966,27.156,21.049,45.286
2026-09-04T04:33:00,M01,12.582,1.977,27.166,20.627,45.423
2026-09-04T04:34:00,M01,12.674,1.975,27.226,20.860,44.791
2026-09-04T04:35:00,M01,12.556,2.048,27.110,20.757,48.064
2026-09-04T04:36:00,M01,12.683,2.070,27.153,20.882,43.912
2026-09-04T04:37:00,M01,12.670,1.996,26.958,21.022,45.774
2026-09-04T04:38:00,M01,12.572,1.957,26.982,20.957,43.805
2026-09-04T04:39:00,M01,12.654,2.010,27.063,20.366,45.559
2026-09-04T04:40:00,M01,12.517,2.015,26.995,20.797,48.622
2026-09-04T04:41:00,M01,12.532,1.969,27.009,20.870,44.483
2026-09-04T04:42:00,M01,12.642,2.001,26.951,20.838,44.075
2026-09-04T04:43:00,M01,12.553,2.035,26.893,20.591,44.550
2026-09-04T04:44:00,M01,12.635,1.980,26.987,20.653,44.123
2026-09-04T04:45:00,M01,12.541,1.960,26.953,20.806,45.593
2026-09-04T04:46:00,M01,12.619,2.018,27.239,20.821,42.624
2026-09-04T04:47:00,M01,12.508,2.016,27.020,20.607,42.478
2026-09-04T04:48:00,M01,12.528,2.046,26.805,20.563,43.399
2026-09-04T04:49:00,M01,12.729,2.008,26.833,20.900,43.434
2026-09-04T04:50:00,M01,12.732,1.996,26.800,20.795,45.379
2026-09-04T04:51:00,M01,12.604,1.899,27.068,20.611,44.455
2026-09-04T04:52:00,M01,12.656,1.975,27.099,21.156,46.671
2026-09-04T04:53:00,M01,12.762,1.988,26.840,20.627,42.855
2026-09-04T04:54:00,M01,12.586,2.078,26.954,20.625,45.430
2026-09-04T04:55:00,M01,12.702,1.952,27.101,20.615,44.461
2026-09-04T04:56:00,M01,12.548,2.021,26.934,20.966,45.337
2026-09-04T04:57:00,M01,12.748,1.948,27.104,20.835,43.835
2026-09-04T04:58:00,M01,12.629,1.949,26.929,21.024,44.611
2026-09-04T04:59:00,M01,12.814,2.075,26.930,20.872,44.646
2026-09-04T05:00:00,M01,12.663,2.098,27.129,21.158,45.233
2026-09-04T05:01:00,M01,12.581,1.883,27.191,20.671,46.991
2026-09-04T05:02:00,M01,12.561,2.076,26.899,20.816,46.650
2026-09-04T05:03:00,M01,12.686,2.010,26.894,20.805,45.621
2026-09-04T05:04:00,M01,12.812,2.014,26.932,20.863,45.305
2026-09-04T05:05:00,M01,12.481,1.965,26.988,20.784,45.803
2026-09-04T05:06:00,M01,12.593,2.053,26.827,20.477,46.525
2026-09-04T05:07:00,M01,12.527,2.056,27.044,20.676,46.804
2026-09-04T05:08:00,M01,12.531,2.005,27.106,20.817,46.032
2026-09-04T05:09:00,M01,12.578,2.063,26.957,20.697,44.355
2026-09-04T05:10:00,M01,12.578,1.895,26.753,21.075,46.427
2026-09-04T05:11:00,M01,12.534,2.028,27.140,20.717,44.714
2026-09-04T05:12:00,M01,12.698,1.979,27.100,20.794,44.331
2026-09-04T05:13:00,M01,12.732,1.945,27.025,20.741,43.692
2026-09-04T05:14:00,M01,12.594,1.973,26.812,20.936,46.203
2026-09-04T05:15:00,M01,12.411,2.029,27.232,20.787,43.189
2026-09-04T05:16:00,M01,12.590,1.982,26.955,20.795,45.767
2026-09-04T05:17:00,M01,12.640,1.990,26.924,20.519,46.574
2026-09-04T05:18:00,M01,12.587,1.938,27.056,20.785,44.117
2026-09-04T05:19:00,M01,12.811,1.988,26.971,20.905,44.234
2026-09-04T05:20:00,M01,12.737,1.989,27.024,20.638,43.592
2026-09-04T05:21:00,M01,12.493,1.976,27.048,20.835,46.834
2026-09-04T05:22:00,M01,12.495,2.019,26.947,20.908,44.186
2026-09-04T05:23:00,M01,12.763,1.979,27.084,21.081,44.496
2026-09-04T05:24:00,M01,12.622,2.030,27.071,20.492,44.667
2026-09-04T05:25:00,M01,12.489,2.058,26.793,20.685,43.637
2026-09-04T05:26:00,M01,12.687,2.025,26.883,20.888,45.507
2026-09-04T05:27:00,M01,12.488,1.994,27.084,20.770,43.894
2026-09-04T05:28:00,M01,12.790,2.038,27.157,20.881,44.878
2026-09-04T05:29:00,M01,12.579,1.987,26.963,20.575,44.517
2026-09-04T05:30:00,M01,12.511,2.065,27.220,20.636,43.716
2026-09-04T05:31:00,M01,12.536,1.992,26.780,20.846,43.846
2026-09-04T05:32:00,M01,12.571,2.033,26.915,20.925,44.493
2026-09-04T05:33:00,M01,12.685,2.002,27.222,20.800,44.816
2026-09-04T05:34:00,M01,12.523,1.946,27.046,20.567,44.847
2026-09-04T05:35:00,M01,12.723,2.029,27.060,20.684,43.403
2026-09-04T05:36:00,M01,12.660,1.986,26.838,20.803,44.349
2026-09-04T05:37:00,M01,12.469,2.059,27.020,21.155,45.435
2026-09-04T05:38:00,M01,12.660,1.981,27.114,20.942,46.478
2026-09-04T05:39:00,M01,12.583,2.059,26.978,20.694,46.144
2026-09-04T05:40:00,M01,12.680,2.052,26.885,20.795,45.146
2026-09-04T05:41:00,M01,12.720,2.006,27.025,20.807,44.384
2026-09-04T05:42:00,M01,12.683,1.954,27.069,21.071,45.890
2026-09-04T05:43:00,M01,12.610,1.976,26.931,20.778,47.493
2026-09-04T05:44:00,M01,12.528,2.060,27.150,20.880,45.490
2026-09-04T05:45:00,M01,12.490,1.994,26.940,20.532,47.722
2026-09-04T05:46:00,M01,12.519,1.991,27.056,20.816,46.520
2026-09-04T05:47:00,M01,12.740,1.998,27.012,20.842,45.070
2026-09-04T05:48:00,M01,12.450,1.927,26.920,20.701,44.787
2026-09-04T05:49:00,M01,12.686,1.923,26.897,20.892,44.052
2026-09-04T05:50:00,M01,12.531,1.941,26.893,20.714,43.311
2026-09-04T05:51:00,M01,12.690,1.941,27.058,20.676,44.214
2026-09-04T05:52:00,M01,12.659,1.954,26.815,20.528,44.092
2026-09-04T05:53:00,M01,12.522,2.003,26.814,20.785,46.251
2026-09-04T05:54:00,M01,12.564,2.024,26.871,20.495,44.186
2026-09-04T05:55:00,M01,12.641,2.041,27.007,20.868,44.692
2026-09-04T05:56:00,M01,12.654,1.954,26.742,20.927,44.085
2026-09-04T05:57:00,M01,12.568,1.936,27.065,20.603,43.832
2026-09-04T05:58:00,M01,12.668,2.064,27.246,21.055,45.855
2026-09-04T05:59:00,M01,12.529,2.059,27.154,20.739,43.753
2026-09-04T06:00:00,M01,12.737,2.056,26.865,20.568,45.278
2026-09-04T06:01:00,M01,12.733,2.025,27.159,20.648,44.926
2026-09-04T06:02:00,M01,12.656,2.058,27.148,20.865,44.551
2026-09-04T06:03:00,M01,12.501,1.969,26.931,20.807,47.628
2026-09-04T06:04:00,M01,12.558,2.011,27.131,20.715,45.223
2026-09-04T06:05:00,M01,12.514,1.983,27.129,20.865,45.714
2026-09-04T06:06:00,M01,12.787,1.983,26.986,20.925,44.417
2026-09-04T06:07:00,M01,12.634,1.999,26.750,21.088,46.564
2026-09-04T06:08:00,M01,12.710,2.070,26.984,20.601,46.023
2026-09-04T06:09:00,M01,12.583,1.910,26.856,20.805,43.909
2026-09-04T06:10:00,M01,12.464,1.998,27.214,20.700,44.710
2026-09-04T06:11:00,M01,12.435,1.990,26.907,20.435,46.099
2026-09-04T06:12:00,M01,12.607,1.996,26.743,20.962,44.508
2026-09-04T06:13:00,M01,12.754,2.031,27.191,20.774,43.633
2026-09-04T06:14:00,M01,12.540,2.025,26.982,20.619,44.713
2026-09-04T06:15:00,M01,12.841,1.994,26.963,21.095,43.193
2026-09-04T06:16:00,M01,12.655,2.080,26.810,20.844,44.812
2026-09-04T06:17:00,M01,12.456,1.994,27.085,20.958,44.282
2026-09-04T06:18:00,M01,12.613,1.966,26.824,20.842,46.020
2026-09-04T06:19:00,M01,12.653,2.000,27.032,20.541,44.492
2026-09-04T06:20:00,M01,12.550,1.924,27.093,21.214,44.728
2026-09-04T06:21:00,M01,12.535,2.028,26.803,21.033,46.742
2026-09-04T06:22:00,M01,12.502,2.015,26.848,20.841,44.813
2026-09-04T06:23:00,M01,12.665,1.946,27.002,20.690,46.499
2026-09-04T06:24:00,M01,12.593,2.008,26.860,20.588,45.271
2026-09-04T06:25:00,M01,12.529,2.075,27.067,21.107,43.224
2026-09-04T06:26:00,M01,12.644,2.030,27.048,20.652,44.675
2026-09-04T06:27:00,M01,12.659,1.958,27.026,20.977,46.804
2026-09-04T06:28:00,M01,12.617,1.900,26.981,20.609,46.109
2026-09-04T06:29:00,M01,12.587,1.891,26.951,20.713,44.816
2026-09-04T06:30:00,M01,12.585,2.041,27.040,20.659,43.732
2026-09-04T06:31:00,M01,12.558,1.934,26.893,20.712,45.498
2026-09-04T06:32:00,M01,12.669,2.038,26.893,20.623,44.529
2026-09-04T06:33:00,M01,12.647,2.055,27.063,20.646,46.345
2026-09-04T06:34:00,M01,12.702,2.042,26.882,20.918,45.597
2026-09-04T06:35:00,M01,12.680,1.908,27.213,20.344,45.100
2026-09-04T06:36:00,M01,12.583,2.018,26.964,20.996,43.013
2026-09-04T06:37:00,M01,12.735,1.979,26.720,20.752,45.288
2026-09-04T06:38:00,M01,12.684,1.964,27.133,20.590,43.967
2026-09-04T06:39:00,M01,12.593,1.892,26.899,20.776,44.240
2026-09-04T06:40:00,M01,12.641,1.965,26.865,20.745,47.186
2026-09-04T06:41:00,M01,12.475,1.952,27.312,20.622,45.213
2026-09-04T06:42:00,M01,12.642,1.962,26.837,20.936,45.867
2026-09-04T06:43:00,M01,12.606,2.054,27.031,21.011,46.050
2026-09-04T06:44:00,M01,12.759,1.981,27.120,20.621,46.401
2026-09-04T06:45:00,M01,12.494,1.961,27.279,20.863,47.086
2026-09-04T06:46:00,M01,12.475,2.002,27.059,20.706,46.062
2026-09-04T06:47:00,M01,12.588,1.980,26.865,21.250,46.681
2026-09-04T06:48:00,M01,12.644,2.009,27.032,20.778,44.889
2026-09-04T06:49:00,M01,12.538,1.974,27.257,20.999,46.495
2026-09-04T06:50:00,M01,12.578,1.993,27.083,20.838,44.630
2026-09-04T06:51:00,M01,12.652,1.946,26.878,20.806,44.484
2026-09-04T06:52:00,M01,12.638,1.955,27.013,20.621,45.841
2026-09-04T06:53:00,M01,12.648,2.008,27.130,20.796,47.662
2026-09-04T06:54:00,M01,12.507,2.081,27.228,20.654,44.677
2026-09-04T06:55:00,M01,12.539,1.936,27.132,20.699,44.936
2026-09-04T06:56:00,M01,12.647,1.970,26.995,20.769,43.962
2026-09-04T06:57:00,M01,12.491,2.005,27.270,20.775,44.726
2026-09-04T06:58:00,M01,12.646,2.079,26.961,20.585,44.950
2026-09-04T06:59:00,M01,12.500,2.007,26.921,20.977,46.021
2026-09-04T07:00:00,M01,12.532,1.955,27.061,20.459,44.239
2026-09-04T07:01:00,M01,12.661,2.015,26.977,20.911,45.840
2026-09-04T07:02:00,M01,12.720,2.066,26.953,20.593,44.609
2026-09-04T07:03:00,M01,12.671,1.990,26.878,20.830,45.698
2026-09-04T07:04:00,M01,12.620,1.988,26.919,20.620,44.431
2026-09-04T07:05:00,M01,12.637,2.012,26.688,20.735,46.416
2026-09-04T07:06:00,M01,12.645,1.976,27.153,20.878,45.698
2026-09-04T07:07:00,M01,12.694,1.956,26.878,20.703,46.453
2026-09-04T07:08:00,M01,12.687,1.985,27.060,20.659,45.385
2026-09-04T07:09:00,M01,12.469,2.049,26.953,20.824,43.413
2026-09-04T07:10:00,M01,12.620,2.085,26.797,20.753,45.271
2026-09-04T07:11:00,M01,12.502,2.054,26.966,20.658,45.605
2026-09-04T07:12:00,M01,12.595,2.033,26.786,20.812,44.141
2026-09-04T07:13:00,M01,12.616,1.995,27.048,20.621,45.004
2026-09-04T07:14:00,M01,12.820,2.021,26.838,20.831,47.155
2026-09-04T07:15:00,M01,12.474,2.084,27.105,20.906,46.491
2026-09-04T07:16:00,M01,12.623,1.989,27.044,20.459,46.229
2026-09-04T07:17:00,M01,12.645,2.048,27.019,20.832,43.622
2026-09-04T07:18:00,M01,12.625,1.988,27.090,20.623,44.956
2026-09-04T07:19:00,M01,12.456,2.007,26.980,20.843,44.452
2026-09-04T07:20:00,M01,12.855,2.064,26.826,20.777,46.581
2026-09-04T07:21:00,M01,12.563,2.003,26.925,20.837,47.250
2026-09-04T07:22:00,M01,12.797,2.058,26.616,20.894,43.597
2026-09-04T07:23:00,M01,12.757,2.020,26.667,20.797,44.609
2026-09-04T07:24:00,M01,12.480,1.987,26.983,20.813,45.397
2026-09-04T07:25:00,M01,12.616,2.069,27.038,21.211,45.967
2026-09-04T07:26:00,M01,12.507,1.984,26.935,21.034,44.688
2026-09-04T07:27:00,M01,12.640,1.997,27.106,20.694,44.196
2026-09-04T07:28:00,M01,12.689,1.955,26.711,20.813,44.406
2026-09-04T07:29:00,M01,12.580,2.069,27.047,20.712,44.722
2026-09-04T07:30:00,M01,12.544,2.014,27.234,20.931,46.065
2026-09-04T07:31:00,M01,12.728,2.033,26.748,21.017,45.915
2026-09-04T07:32:00,M01,12.665,1.957,27.211,21.048,45.871
2026-09-04T07:33:00,M01,12.491,1.993,26.999,20.932,43.601
2026-09-04T07:34:00,M01,12.709,1.960,27.229,20.899,44.430
2026-09-04T07:35:00,M01,12.743,1.978,26.895,20.782,46.197
2026-09-04T07:36:00,M01,12.569,1.911,27.203,20.817,44.654
2026-09-04T07:37:00,M01,12.452,2.071,27.064,21.174,43.473
2026-09-04T07:38:00,M01,12.462,2.059,26.910,20.836,44.123
2026-09-04T07:39:00,M01,12.538,2.013,26.932,20.720,45.085
2026-09-04T07:40:00,M01,12.594,1.949,26.785,20.563,43.791
2026-09-04T07:41:00,M01,12.484,2.114,26.939,20.999,43.977
2026-09-04T07:42:00,M01,12.577,1.979,27.068,20.817,46.219
2026-09-04T07:43:00,M01,12.626,1.960,27.161,20.567,43.459
2026-09-04T07:44:00,M01,12.541,1.925,26.753,20.616,45.138
2026-09-04T07:45:00,M01,12.535,1.957,27.012,20.945,46.462
2026-09-04T07:46:00,M01,12.538,2.035,26.684,20.848,46.803
2026-09-04T07:47:00,M01,12.807,1.978,27.018,20.772,45.907
2026-09-04T07:48:00,M01,12.596,2.028,27.055,20.830,43.509
2026-09-04T07:49:00,M01,12.678,1.974,26.776,20.976,46.788
2026-09-04T07:50:00,M01,12.693,1.938,27.179,20.746,46.298
2026-09-04T07:51:00,M01,12.539,1.915,26.773,20.898,44.359
2026-09-04T07:52:00,M01,12.635,2.035,26.949,20.685,44.720
2026-09-04T07:53:00,M01,12.526,2.024,27.000,20.804,46.474
2026-09-04T07:54:00,M01,12.436,1.949,27.299,21.079,45.233
2026-09-04T07:55:00,M01,12.522,2.014,27.172,20.709,45.713
2026-09-04T07:56:00,M01,12.536,2.042,26.732,20.766,44.393
2026-09-04T07:57:00,M01,12.557,1.942,26.904,20.463,45.468
2026-09-04T07:58:00,M01,12.638,2.008,27.032,20.821,45.470
2026-09-04T07:59:00,M01,12.499,2.023,26.793,20.744,43.695
2026-09-04T08:00:00,M01,12.034,1.780,23.958,19.814,45.711
2026-09-04T08:01:00,M01,12.134,1.716,24.348,20.182,46.461
2026-09-04T08:02:00,M01,11.890,1.797,24.147,20.070,43.674
2026-09-04T08:03:00,M01,12.115,1.837,24.318,19.726,45.820
2026-09-04T08:04:00,M01,11.925,1.779,24.333,20.348,46.724
2026-09-04T08:05:00,M01,12.172,1.831,24.567,20.121,44.367
2026-09-04T08:06:00,M01,12.154,1.797,24.433,20.270,47.391
2026-09-04T08:07:00,M01,12.074,1.923,24.377,20.289,45.266
2026-09-04T08:08:00,M01,12.169,1.792,24.577,19.892,43.735
2026-09-04T08:09:00,M01,12.097,1.854,24.537,20.256,44.910
2026-09-04T08:10:00,M01,12.137,1.890,24.615,20.232,44.675
2026-09-04T08:11:00,M01,12.361,1.853,25.036,20.001,43.449
2026-09-04T08:12:00,M01,12.006,1.896,24.941,20.095,45.049
2026-09-04T08:13:00,M01,12.139,1.874,25.242,20.578,45.916
2026-09-04T08:14:00,M01,12.261,1.875,25.002,20.099,45.198
2026-09-04T08:15:00,M01,12.137,1.833,25.298,20.148,44.430
2026-09-04T08:16:00,M01,12.254,1.919,25.565,20.539,45.239
2026-09-04T08:17:00,M01,12.369,1.776,25.521,20.347,44.002
2026-09-04T08:18:00,M01,12.319,1.913,25.303,20.047,46.142
2026-09-04T08:19:00,M01,12.218,1.900,25.623,20.392,42.897
2026-09-04T08:20:00,M01,12.385,1.943,25.373,20.429,44.275
2026-09-04T08:21:00,M01,12.368,1.904,25.491,20.406,45.515
2026-09-04T08:22:00,M01,12.128,1.886,25.690,20.267,45.491
2026-09-04T08:23:00,M01,12.374,1.929,25.545,20.655,43.648
2026-09-04T08:24:00,M01,12.259,1.900,25.783,20.375,45.026
2026-09-04T08:25:00,M01,12.257,1.915,25.394,20.327,44.664
2026-09-04T08:26:00,M01,12.321,1.855,25.705,20.757,45.067
2026-09-04T08:27:00,M01,12.354,1.913,25.660,20.469,45.102
2026-09-04T08:28:00,M01,12.445,1.928,26.025,20.495,45.931
2026-09-04T08:29:00,M01,12.416,1.916,25.814,20.291,46.163
2026-09-04T08:30:00,M01,12.468,1.975,25.769,20.172,45.021
2026-09-04T08:31:00,M01,12.365,1.908,25.813,20.513,44.348
2026-09-04T08:32:00,M01,12.501,1.964,26.019,20.759,45.083
2026-09-04T08:33:00,M01,12.401,1.859,26.004,20.305,46.707
2026-09-04T08:34:00,M01,12.337,1.977,26.041,20.383,46.177
2026-09-04T08:35:00,M01,12.470,1.995,25.866,20.365,44.644
2026-09-04T08:36:00,M01,12.332,1.915,26.171,20.980,45.718
2026-09-04T08:37:00,M01,12.519,1.960,26.171,20.460,43.894
2026-09-04T08:38:00,M01,12.600,1.986,26.008,20.566,43.649
2026-09-04T08:39:00,M01,12.455,2.028,25.966,20.861,45.994
2026-09-04T08:40:00,M01,12.360,2.004,26.493,20.737,45.283
2026-09-04T08:41:00,M01,12.392,1.906,26.203,20.513,45.143
2026-09-04T08:42:00,M01,12.556,1.896,26.384,20.640,46.296
2026-09-04T08:43:00,M01,12.614,1.934,26.530,20.436,45.694
2026-09-04T08:44:00,M01,12.442,1.966,26.294,20.679,45.378
2026-09-04T08:45:00,M01,12.466,1.986,26.192,20.706,45.601
2026-09-04T08:46:00,M01,12.474,1.916,26.272,20.526,46.125
2026-09-04T08:47:00,M01,12.516,1.934,26.527,20.413,46.354
2026-09-04T08:48:00,M01,12.492,1.913,26.527,20.739,46.438
2026-09-04T08:49:00,M01,12.680,1.850,26.433,20.718,45.822
2026-09-04T08:50:00,M01,12.507,1.937,26.520,20.679,44.104
2026-09-04T08:51:00,M01,12.457,1.990,26.167,20.447,46.885
2026-09-04T08:52:00,M01,12.395,1.964,26.508,21.174,45.127
2026-09-04T08:53:00,M01,12.521,1.943,26.477,20.641,44.697
2026-09-04T08:54:00,M01,12.436,1.926,26.528,20.787,46.776
2026-09-04T08:55:00,M01,12.478,1.968,26.567,20.775,44.467
2026-09-04T08:56:00,M01,12.766,1.969,26.306,20.569,45.544
2026-09-04T08:57:00,M01,12.420,1.939,26.874,20.452,46.233
2026-09-04T08:58:00,M01,12.632,1.982,26.694,20.647,44.632
2026-09-04T08:59:00,M01,12.423,1.898,26.661,20.733,44.423
2026-09-04T09:00:00,M01,12.518,1.930,26.554,20.841,43.906
2026-09-04T09:01:00,M01,12.422,2.031,26.629,20.758,46.942
2026-09-04T09:02:00,M01,12.519,2.062,26.638,20.588,44.850
2026-09-04T09:03:00,M01,12.645,1.948,26.542,20.760,45.612
2026-09-04T09:04:00,M01,12.491,1.910,26.756,20.677,43.309
2026-09-04T09:05:00,M01,12.537,1.925,26.769,20.916,45.742
2026-09-04T09:06:00,M01,12.498,1.934,26.723,20.771,46.187
2026-09-04T09:07:00,M01,12.447,1.939,26.857,20.715,44.949
2026-09-04T09:08:00,M01,12.467,2.009,26.477,20.725,44.453
2026-09-04T09:09:00,M01,12.617,1.981,26.712,20.417,44.429
2026-09-04T09:10:00,M01,12.759,2.058,26.951,20.708,44.063
2026-09-04T09:11:00,M01,12.435,2.036,26.661,20.427,43.821
2026-09-04T09:12:00,M01,12.618,2.000,26.608,20.590,46.565
2026-09-04T09:13:00,M01,12.593,1.925,26.829,21.037,44.315
2026-09-04T09:14:00,M01,12.444,1.976,26.542,20.790,44.690
2026-09-04T09:15:00,M01,12.508,1.988,26.841,21.038,47.044
2026-09-04T09:16:00,M01,12.475,1.897,26.691,20.520,45.254
2026-09-04T09:17:00,M01,12.658,1.919,26.865,21.184,43.995
2026-09-04T09:18:00,M01,12.563,1.945,26.688,20.824,45.768
2026-09-04T09:19:00,M01,12.441,2.046,26.759,20.821,46.238
2026-09-04T09:20:00,M01,12.743,1.974,26.659,20.489,46.877
2026-09-04T09:21:00,M01,12.524,2.053,26.842,20.940,45.545
2026-09-04T09:22:00,M01,12.584,2.096,26.885,20.754,44.640
2026-09-04T09:23:00,M01,12.576,2.024,26.595,20.425,45.271
2026-09-04T09:24:00,M01,12.396,1.984,26.875,20.514,45.258
2026-09-04T09:25:00,M01,12.504,1.990,26.856,20.958,47.352
2026-09-04T09:26:00,M01,12.569,2.036,26.765,20.922,43.865
2026-09-04T09:27:00,M01,12.616,2.018,26.869,21.008,45.672
2026-09-04T09:28:00,M01,12.566,1.978,26.858,20.632,44.414
2026-09-04T09:29:00,M01,12.539,2.047,26.742,20.750,42.910
2026-09-04T09:30:00,M01,12.582,1.936,26.765,20.764,43.590
2026-09-04T09:31:00,M01,12.588,2.009,26.728,21.003,46.099
2026-09-04T09:32:00,M01,12.540,1.979,27.176,21.087,45.075
2026-09-04T09:33:00,M01,12.670,1.986,26.953,21.113,44.374
2026-09-04T09:34:00,M01,12.336,1.975,26.872,21.008,44.763
2026-09-04T09:35:00,M01,12.636,2.015,26.883,20.487,46.261
2026-09-04T09:36:00,M01,12.594,1.966,26.696,20.755,44.370
2026-09-04T09:37:00,M01,12.534,1.938,26.977,20.743,45.129
2026-09-04T09:38:00,M01,12.530,1.952,26.681,20.698,45.839
2026-09-04T09:39:00,M01,12.684,2.037,26.943,20.686,44.488
2026-09-04T09:40:00,M01,12.564,1.947,26.942,20.923,44.448
2026-09-04T09:41:00,M01,12.711,1.945,27.031,20.650,44.936
2026-09-04T09:42:00,M01,12.591,2.025,26.858,20.603,43.031
2026-09-04T09:43:00,M01,12.680,2.001,27.109,20.596,44.195
2026-09-04T09:44:00,M01,12.544,1.938,27.047,20.740,44.514
2026-09-04T09:45:00,M01,12.598,1.982,26.911,20.993,44.201
2026-09-04T09:46:00,M01,12.551,1.972,26.954,20.588,45.884
2026-09-04T09:47:00,M01,12.370,1.949,27.123,20.974,42.873
2026-09-04T09:48:00,M01,12.739,2.050,26.990,20.896,44.560
2026-09-04T09:49:00,M01,12.682,1.957,27.090,20.839,45.306
2026-09-04T09:50:00,M01,12.607,1.963,26.897,20.555,46.872
2026-09-04T09:51:00,M01,12.652,1.976,27.014,20.986,45.204
2026-09-04T09:52:00,M01,12.560,2.008,26.982,20.645,43.368
2026-09-04T09:53:00,M01,12.677,2.010,26.783,21.104,46.470
2026-09-04T09:54:00,M01,12.523,1.985,27.115,20.430,43.366
2026-09-04T09:55:00,M01,12.461,1.966,26.852,20.850,46.568
2026-09-04T09:56:00,M01,12.492,2.010,26.675,20.864,45.836
2026-09-04T09:57:00,M01,12.502,1.996,26.748,20.982,43.926
2026-09-04T09:58:00,M01,12.592,2.046,26.822,20.691,43.935
2026-09-04T09:59:00,M01,12.448,2.003,26.914,20.951,44.979
2026-09-04T10:00:00,M01,12.607,1.954,27.181,21.023,44.998
2026-09-04T10:01:00,M01,12.441,1.975,26.964,20.774,43.983
2026-09-04T10:02:00,M01,12.428,2.039,26.950,20.908,43.151
2026-09-04T10:03:00,M01,12.767,1.970,27.108,20.653,44.959
2026-09-04T10:04:00,M01,12.585,1.954,27.402,20.566,46.148
2026-09-04T10:05:00,M01,12.688,1.980,26.931,20.676,43.931
2026-09-04T10:06:00,M01,12.553,1.996,27.040,20.661,47.102
2026-09-04T10:07:00,M01,12.527,1.984,27.056,20.819,44.816
2026-09-04T10:08:00,M01,12.391,1.960,27.176,20.701,45.825
2026-09-04T10:09:00,M01,12.642,1.991,26.968,20.989,43.444
2026-09-04T10:10:00,M01,12.545,1.984,26.952,21.174,47.909
2026-09-04T10:11:00,M01,12.635,1.968,27.059,20.533,45.443
2026-09-04T10:12:00,M01,12.375,1.968,27.062,20.703,45.239
2026-09-04T10:13:00,M01,12.603,2.043,26.926,20.402,44.547
2026-09-04T10:14:00,M01,12.404,2.017,26.978,21.044,43.807
2026-09-04T10:15:00,M01,12.624,1.919,27.095,20.949,45.161
2026-09-04T10:16:00,M01,12.735,2.045,26.907,21.023,44.343
2026-09-04T10:17:00,M01,12.552,1.988,26.890,21.154,42.920
2026-09-04T10:18:00,M01,12.480,2.025,27.201,20.942,46.474
2026-09-04T10:19:00,M01,12.644,2.009,26.586,20.701,45.312
2026-09-04T10:20:00,M01,12.610,1.945,27.084,20.772,44.397
2026-09-04T10:21:00,M01,12.659,1.995,27.040,20.509,45.560
2026-09-04T10:22:00,M01,12.417,2.032,26.747,20.953,44.345
2026-09-04T10:23:00,M01,12.453,2.031,27.064,20.989,46.695
2026-09-04T10:24:00,M01,12.587,1.993,26.963,20.632,44.956
2026-09-04T10:25:00,M01,12.522,2.017,27.075,20.900,44.309
2026-09-04T10:26:00,M01,12.555,2.013,26.955,20.495,46.669
2026-09-04T10:27:00,M01,12.765,2.060,26.987,20.780,44.654
2026-09-04T10:28:00,M01,12.459,1.972,26.843,20.741,43.889
2026-09-04T10:29:00,M01,12.611,1.951,27.106,20.742,44.850
2026-09-04T10:30:00,M01,12.687,2.075,26.972,20.826,43.086
2026-09-04T10:31:00,M01,12.643,1.996,26.696,20.620,44.058
2026-09-04T10:32:00,M01,12.794,2.029,26.964,20.610,45.842
2026-09-04T10:33:00,M01,12.459,2.008,27.041,20.798,44.007
2026-09-04T10:34:00,M01,12.627,1.904,27.189,20.854,45.617
2026-09-04T10:35:00,M01,12.475,2.009,27.178,20.762,43.357
2026-09-04T10:36:00,M01,12.651,2.006,26.970,20.959,44.859
2026-09-04T10:37:00,M01,12.556,1.909,27.007,20.889,47.242
2026-09-04T10:38:00,M01,12.579,2.020,26.812,20.730,43.651
2026-09-04T10:39:00,M01,12.495,1.951,26.962,20.612,45.307
2026-09-04T10:40:00,M01,12.688,2.019,26.999,20.790,43.650
2026-09-04T10:41:00,M01,12.600,2.040,27.093,21.071,45.056
2026-09-04T10:42:00,M01,12.704,1.934,27.075,20.692,44.648
2026-09-04T10:43:00,M01,12.699,1.942,26.910,20.900,43.008
2026-09-04T10:44:00,M01,12.608,1.961,27.296,21.139,45.911
2026-09-04T10:45:00,M01,12.597,1.953,26.978,20.666,44.325
2026-09-04T10:46:00,M01,12.656,1.961,27.201,20.715,45.082
2026-09-04T10:47:00,M01,12.450,2.034,27.108,20.784,44.828
2026-09-04T10:48:00,M01,12.537,1.931,27.224,20.904,45.745
2026-09-04T10:49:00,M01,12.581,1.929,26.956,20.849,44.219
2026-09-04T10:50:00,M01,12.656,2.027,27.059,20.694,44.906
2026-09-04T10:51:00,M01,12.661,2.068,27.033,20.648,44.875
2026-09-04T10:52:00,M01,12.658,2.003,27.288,20.982,44.547
2026-09-04T10:53:00,M01,12.572,2.020,26.875,20.647,46.028
2026-09-04T10:54:00,M01,12.606,1.949,26.922,20.741,45.704
2026-09-04T10:55:00,M01,12.567,2.037,27.047,20.686,45.597
2026-09-04T10:56:00,M01,12.572,2.061,26.768,20.642,46.273
2026-09-04T10:57:00,M01,12.639,1.969,27.023,20.902,45.700
2026-09-04T10:58:00,M01,12.448,2.002,27.177,20.814,46.086
2026-09-04T10:59:00,M01,12.743,2.042,27.147,20.534,43.486
2026-09-04T11:00:00,M01,12.557,2.033,27.008,20.663,45.173
2026-09-04T11:01:00,M01,12.628,2.021,27.163,20.877,45.278
2026-09-04T11:02:00,M01,12.564,2.024,26.701,20.931,47.376
2026-09-04T11:03:00,M01,12.505,2.036,27.040,21.090,44.870
2026-09-04T11:04:00,M01,12.475,2.039,27.223,20.616,45.070
2026-09-04T11:05:00,M01,12.575,2.010,27.154,20.571,45.007
2026-09-04T11:06:00,M01,12.571,2.021,26.811,20.858,46.265
2026-09-04T11:07:00,M01,12.598,1.960,26.967,21.003,45.516
2026-09-04T11:08:00,M01,12.501,1.970,27.022,20.876,44.306
2026-09-04T11:09:00,M01,12.548,2.026,26.917,20.659,46.368
2026-09-04T11:10:00,M01,12.532,1.893,26.947,20.649,44.011
2026-09-04T11:11:00,M01,12.643,1.962,27.092,20.687,47.041
2026-09-04T11:12:00,M01,12.584,2.027,27.015,20.713,44.371
2026-09-04T11:13:00,M01,12.461,1.990,27.121,20.843,44.923
2026-09-04T11:14:00,M01,12.582,1.965,26.961,20.745,46.571
2026-09-04T11:15:00,M01,12.515,2.002,26.997,21.036,45.748
2026-09-04T11:16:00,M01,12.698,2.039,27.083,20.858,45.414
2026-09-04T11:17:00,M01,12.598,1.970,27.099,20.726,44.001
2026-09-04T11:18:00,M01,12.596,1.976,26.918,20.794,45.045
2026-09-04T11:19:00,M01,12.734,1.975,26.882,21.091,45.934
2026-09-04T11:20:00,M01,12.625,1.998,26.966,20.649,43.364
2026-09-04T11:21:00,M01,12.460,1.995,26.633,20.670,45.992
2026-09-04T11:22:00,M01,12.546,2.094,27.098,20.941,44.887
2026-09-04T11:23:00,M01,12.762,2.021,27.044,20.826,46.001
2026-09-04T11:24:00,M01,12.609,1.972,26.922,20.897,45.350
2026-09-04T11:25:00,M01,12.518,1.890,26.806,20.711,44.591
2026-09-04T11:26:00,M01,12.648,1.997,26.871,20.969,45.071
2026-09-04T11:27:00,M01,12.580,1.989,27.089,20.422,45.827
2026-09-04T11:28:00,M01,12.625,2.115,27.026,20.894,45.686
2026-09-04T11:29:00,M01,12.472,1.934,26.855,21.044,45.481
2026-09-04T11:30:00,M01,12.693,2.064,27.116,20.542,45.201
2026-09-04T11:31:00,M01,12.532,2.071,27.139,20.763,44.366
2026-09-04T11:32:00,M01,12.612,1.941,27.076,20.948,45.805
2026-09-04T11:33:00,M01,12.866,2.015,26.966,20.996,45.185
2026-09-04T11:34:00,M01,12.783,2.096,26.877,21.044,44.530
2026-09-04T11:35:00,M01,12.545,2.116,26.906,20.713,44.945
2026-09-04T11:36:00,M01,12.602,2.068,27.163,20.679,45.727
2026-09-04T11:37:00,M01,12.509,1.959,26.982,20.933,44.942
2026-09-04T11:38:00,M01,12.531,1.903,27.128,21.177,43.801
2026-09-04T11:39:00,M01,12.685,2.031,27.144,20.997,43.676
2026-09-04T11:40:00,M01,12.586,2.053,26.925,20.444,46.524
2026-09-04T11:41:00,M01,12.542,1.957,27.109,20.835,45.129
2026-09-04T11:42:00,M01,12.528,1.954,27.196,20.762,44.238
2026-09-04T11:43:00,M01,12.550,1.901,27.115,20.736,46.516
2026-09-04T11:44:00,M01,12.583,1.955,26.974,20.285,46.065
2026-09-04T11:45:00,M01,12.548,2.087,26.907,21.084,45.978
2026-09-04T11:46:00,M01,12.602,2.078,26.641,20.972,44.202
2026-09-04T11:47:00,M01,12.625,1.940,26.964,20.558,42.312
2026-09-04T11:48:00,M01,12.556,1.909,26.857,20.934,46.927
2026-09-04T11:49:00,M01,12.774,1.984,27.116,20.544,44.844
2026-09-04T11:50:00,M01,12.514,1.998,27.121,20.574,46.581
2026-09-04T11:51:00,M01,12.564,2.009,27.023,21.061,43.988
2026-09-04T11:52:00,M01,12.479,2.024,27.031,20.658,46.632
2026-09-04T11:53:00,M01,12.672,2.032,27.215,21.111,45.577
2026-09-04T11:54:00,M01,12.540,1.964,27.062,20.859,44.831
2026-09-04T11:55:00,M01,12.579,2.049,26.846,20.798,45.569
2026-09-04T11:56:00,M01,12.566,2.019,27.076,21.031,44.627
2026-09-04T11:57:00,M01,12.656,2.011,26.729,20.504,44.250
2026-09-04T11:58:00,M01,12.663,1.975,27.030,20.762,42.350
2026-09-04T11:59:00,M01,12.524,2.037,26.950,20.855,43.876
2026-09-04T12:00:00,M01,12.616,1.972,27.291,20.929,46.673
2026-09-04T12:01:00,M01,12.557,2.024,27.135,20.779,44.887
2026-09-04T12:02:00,M01,12.477,2.026,26.865,21.052,43.870
2026-09-04T12:03:00,M01,12.752,1.985,27.135,20.837,46.179
2026-09-04T12:04:00,M01,12.616,2.007,27.049,20.724,43.660
2026-09-04T12:05:00,M01,12.590,2.006,26.978,20.949,45.636
2026-09-04T12:06:00,M01,12.691,2.094,26.832,20.823,45.744
2026-09-04T12:07:00,M01,12.664,2.056,27.122,20.950,45.660
2026-09-04T12:08:00,M01,12.708,1.988,27.060,20.776,44.243
2026-09-04T12:09:00,M01,12.686,1.991,27.157,20.887,45.709
2026-09-04T12:10:00,M01,12.547,2.049,27.116,20.667,43.679
2026-09-04T12:11:00,M01,12.511,2.085,26.785,20.874,44.560
2026-09-04T12:12:00,M01,12.649,2.037,26.973,20.631,45.724
2026-09-04T12:13:00,M01,12.558,1.892,27.009,20.688,45.069
2026-09-04T12:14:00,M01,12.585,2.040,27.244,20.411,46.179
2026-09-04T12:15:00,M01,12.538,1.992,26.924,20.908,44.327
2026-09-04T12:16:00,M01,12.668,1.972,26.658,20.805,44.276
2026-09-04T12:17:00,M01,12.797,2.026,26.968,20.810,41.997
2026-09-04T12:18:00,M01,12.509,2.037,26.663,21.015,45.166
2026-09-04T12:19:00,M01,12.608,2.029,26.945,21.189,44.220
2026-09-04T12:20:00,M01,12.699,1.956,26.746,20.826,46.469
2026-09-04T12:21:00,M01,12.438,2.041,27.031,20.818,43.769
2026-09-04T12:22:00,M01,12.598,2.028,26.779,20.935,45.351
2026-09-04T12:23:00,M01,12.649,2.016,26.757,20.838,44.429
2026-09-04T12:24:00,M01,12.675,2.004,26.939,20.870,44.757
2026-09-04T12:25:00,M01,12.678,2.036,26.972,20.825,45.644
2026-09-04T12:26:00,M01,12.583,2.070,27.249,20.683,44.087
2026-09-04T12:27:00,M01,12.411,2.078,27.101,21.163,45.962
2026-09-04T12:28:00,M01,12.504,2.044,26.993,20.901,45.471
2026-09-04T12:29:00,M01,12.462,2.026,26.998,20.990,45.473
2026-09-04T12:30:00,M01,12.544,1.979,27.034,20.541,42.435
2026-09-04T12:31:00,M01,12.637,2.049,27.129,20.955,46.210
2026-09-04T12:32:00,M01,12.545,2.025,27.210,20.722,43.406
2026-09-04T12:33:00,M01,12.744,2.021,26.777,20.683,45.626
2026-09-04T12:34:00,M01,12.662,2.073,27.028,20.898,45.355
2026-09-04T12:35:00,M01,12.600,2.043,27.104,20.708,45.585
2026-09-04T12:36:00,M01,12.612,1.997,27.033,20.850,43.541
2026-09-04T12:37:00,M01,12.604,1.964,26.772,21.183,44.800
2026-09-04T12:38:00,M01,12.679,2.011,27.063,20.812,44.647
2026-09-04T12:39:00,M01,12.469,2.017,27.134,20.955,45.773
2026-09-04T12:40:00,M01,12.708,2.038,26.716,20.696,43.446
2026-09-04T12:41:00,M01,12.538,2.040,26.849,20.506,43.829
2026-09-04T12:42:00,M01,12.541,1.894,26.894,20.801,44.530
2026-09-04T12:43:00,M01,12.454,1.966,27.109,20.997,47.534
2026-09-04T12:44:00,M01,12.541,1.950,27.107,20.697,44.547
2026-09-04T12:45:00,M01,12.593,2.027,26.873,20.873,44.622
2026-09-04T12:46:00,M01,12.512,1.968,26.874,20.792,44.373
2026-09-04T12:47:00,M01,12.584,2.040,27.106,20.802,44.707
2026-09-04T12:48:00,M01,12.508,2.109,27.130,20.867,45.428
2026-09-04T12:49:00,M01,12.468,1.961,27.014,20.752,45.824
2026-09-04T12:50:00,M01,12.520,1.945,27.229,20.644,43.650
2026-09-04T12:51:00,M01,12.651,1.993,26.781,21.093,46.705
2026-09-04T12:52:00,M01,12.446,2.020,27.058,20.771,46.097
2026-09-04T12:53:00,M01,12.582,1.993,27.031,20.839,44.809
2026-09-04T12:54:00,M01,12.696,2.057,26.814,20.905,44.604
2026-09-04T12:55:00,M01,12.734,1.932,26.830,20.392,43.694
2026-09-04T12:56:00,M01,12.734,2.045,27.044,20.969,44.591
2026-09-04T12:57:00,M01,12.587,1.960,27.189,20.525,45.217
2026-09-04T12:58:00,M01,12.455,1.941,27.057,20.648,45.164
2026-09-04T12:59:00,M01,12.600,1.977,26.969,20.958,43.239
2026-09-04T13:00:00,M01,12.638,2.019,27.102,20.844,42.386
2026-09-04T13:01:00,M01,12.590,1.940,27.103,20.827,43.708
2026-09-04T13:02:00,M01,12.695,2.030,26.722,20.933,45.670
2026-09-04T13:03:00,M01,12.667,2.083,27.034,20.472,42.876
2026-09-04T13:04:00,M01,12.654,2.009,27.198,20.786,45.174
2026-09-04T13:05:00,M01,12.606,1.978,26.997,20.886,46.446
2026-09-04T13:06:00,M01,12.637,2.026,26.873,20.622,45.124
2026-09-04T13:07:00,M01,12.510,1.975,26.760,21.004,45.555
2026-09-04T13:08:00,M01,12.390,1.998,27.037,20.667,45.977
2026-09-04T13:09:00,M01,12.639,1.998,26.960,20.716,45.048
2026-09-04T13:10:00,M01,12.589,1.966,26.908,20.957,46.604
2026-09-04T13:11:00,M01,12.668,1.952,26.939,20.892,45.412
2026-09-04T13:12:00,M01,12.556,2.040,27.228,20.633,44.859
2026-09-04T13:13:00,M01,12.638,2.016,27.217,21.028,43.941
2026-09-04T13:14:00,M01,12.520,1.990,27.107,20.837,46.057
2026-09-04T13:15:00,M01,12.547,1.910,26.928,20.579,43.538
2026-09-04T13:16:00,M01,12.776,1.977,27.110,20.920,45.060
2026-09-04T13:17:00,M01,12.772,2.000,27.285,20.854,44.903
2026-09-04T13:18:00,M01,12.558,1.969,27.087,20.656,45.793
2026-09-04T13:19:00,M01,12.439,1.987,27.158,20.665,47.180
2026-09-04T13:20:00,M01,12.590,2.056,26.963,20.792,45.499
2026-09-04T13:21:00,M01,12.497,1.953,26.774,20.745,44.741
2026-09-04T13:22:00,M01,12.656,1.936,26.860,21.080,44.310
2026-09-04T13:23:00,M01,12.343,2.002,27.008,20.773,45.733
2026-09-04T13:24:00,M01,12.603,1.967,26.975,20.796,46.064
2026-09-04T13:25:00,M01,12.503,1.983,26.915,20.751,46.410
2026-09-04T13:26:00,M01,12.766,2.055,27.003,20.783,45.129
2026-09-04T13:27:00,M01,12.651,2.023,26.957,20.715,45.576
2026-09-04T13:28:00,M01,12.548,1.956,26.757,20.620,45.636
2026-09-04T13:29:00,M01,12.516,1.975,27.081,20.830,44.237
2026-09-04T13:30:00,M01,12.697,1.919,26.801,20.801,45.357
2026-09-04T13:31:00,M01,12.703,2.007,26.830,20.864,44.716
2026-09-04T13:32:00,M01,12.683,1.958,26.898,20.795,44.477
2026-09-04T13:33:00,M01,12.576,2.080,26.855,20.538,44.404
2026-09-04T13:34:00,M01,12.552,1.971,26.874,20.878,44.928
2026-09-04T13:35:00,M01,12.469,2.024,27.194,20.768,45.007
2026-09-04T13:36:00,M01,12.594,2.038,26.941,20.657,46.579
2026-09-04T13:37:00,M01,12.666,2.057,27.024,20.808,46.119
2026-09-04T13:38:00,M01,12.591,2.015,27.022,20.503,45.270
2026-09-04T13:39:00,M01,12.723,2.092,26.796,20.852,44.601
2026-09-04T13:40:00,M01,12.656,2.108,26.938,21.110,46.658
2026-09-04T13:41:00,M01,12.760,1.920,26.971,20.627,45.538
2026-09-04T13:42:00,M01,12.631,2.023,27.302,21.070,45.129
2026-09-04T13:43:00,M01,12.721,2.018,27.147,20.324,46.306
2026-09-04T13:44:00,M01,12.368,2.004,27.055,20.489,46.310
2026-09-04T13:45:00,M01,12.511,1.961,26.992,20.814,44.462
2026-09-04T13:46:00,M01,12.718,2.007,26.992,21.150,46.245
2026-09-04T13:47:00,M01,12.601,1.974,26.981,20.733,44.061
2026-09-04T13:48:00,M01,12.566,1.962,26.925,20.616,44.869
2026-09-04T13:49:00,M01,12.521,2.043,27.033,20.953,45.138
2026-09-04T13:50:00,M01,12.464,1.986,27.138,20.705,45.400
2026-09-04T13:51:00,M01,12.468,2.089,27.084,20.649,45.440
2026-09-04T13:52:00,M01,12.634,1.981,26.993,20.991,45.882
2026-09-04T13:53:00,M01,12.657,2.006,27.046,20.626,44.794
2026-09-04T13:54:00,M01,12.612,2.021,27.224,21.009,47.038
2026-09-04T13:55:00,M01,12.755,1.953,27.075,20.817,43.239
2026-09-04T13:56:00,M01,12.625,2.008,27.068,20.811,46.911
2026-09-04T13:57:00,M01,12.610,1.926,26.978,20.904,45.542
2026-09-04T13:58:00,M01,12.616,2.012,26.934,21.096,43.919
2026-09-04T13:59:00,M01,12.482,2.045,26.960,20.794,43.542
2026-09-04T14:00:00,M01,12.547,2.051,27.009,20.803,44.858
2026-09-04T14:01:00,M01,12.665,2.110,26.783,20.766,44.043
2026-09-04T14:02:00,M01,12.484,1.957,27.112,20.705,44.706
2026-09-04T14:03:00,M01,12.625,2.016,26.987,20.826,44.522
2026-09-04T14:04:00,M01,12.590,1.974,26.954,20.853,44.360
2026-09-04T14:05:00,M01,12.640,2.030,27.025,20.618,44.521
2026-09-04T14:06:00,M01,12.617,1.978,26.813,20.655,45.616
2026-09-04T14:07:00,M01,12.763,1.887,26.890,21.063,44.748
2026-09-04T14:08:00,M01,12.436,1.982,27.054,20.665,45.193
2026-09-04T14:09:00,M01,12.554,1.980,27.199,21.033,46.465
2026-09-04T14:10:00,M01,12.499,1.956,26.967,20.955,46.665
2026-09-04T14:11:00,M01,12.559,1.981,27.129,20.505,46.048
2026-09-04T14:12:00,M01,12.710,1.963,27.049,20.899,43.924
2026-09-04T14:13:00,M01,12.595,2.050,26.984,20.714,44.552
2026-09-04T14:14:00,M01,12.649,2.058,26.778,20.496,45.898
2026-09-04T14:15:00,M01,12.717,2.028,26.975,20.848,44.618
2026-09-04T14:16:00,M01,12.623,1.980,26.990,20.767,43.564
2026-09-04T14:17:00,M01,12.631,1.958,27.101,20.699,47.436
2026-09-04T14:18:00,M01,12.709,2.075,27.040,20.634,44.925
2026-09-04T14:19:00,M01,12.583,2.021,27.011,20.737,45.408
2026-09-04T14:20:00,M01,12.761,1.942,26.959,20.750,46.234
2026-09-04T14:21:00,M01,12.555,2.004,27.085,20.887,43.836
2026-09-04T14:22:00,M01,12.858,2.001,26.872,21.036,43.907
2026-09-04T14:23:00,M01,12.704,2.027,27.242,20.833,45.832
2026-09-04T14:24:00,M01,12.591,2.071,27.065,20.801,43.936
2026-09-04T14:25:00,M01,12.781,2.019,27.223,20.897,44.151
2026-09-04T14:26:00,M01,12.552,2.014,27.186,20.835,45.186
2026-09-04T14:27:00,M01,12.550,2.002,26.796,20.953,45.883
2026-09-04T14:28:00,M01,12.538,1.952,26.878,20.833,44.607
2026-09-04T14:29:00,M01,12.601,1.960,26.822,20.753,44.925
2026-09-04T14:30:00,M01,12.459,2.001,27.086,20.904,44.158
2026-09-04T14:31:00,M01,12.594,2.023,26.759,20.705,44.974
2026-09-04T14:32:00,M01,12.672,1.915,26.964,20.694,44.559
2026-09-04T14:33:00,M01,12.583,2.029,27.028,20.831,44.426
2026-09-04T14:34:00,M01,12.468,2.022,27.045,20.941,44.447
2026-09-04T14:35:00,M01,12.515,1.991,27.168,20.799,46.697
2026-09-04T14:36:00,M01,12.527,2.009,26.877,20.829,46.336
2026-09-04T14:37:00,M01,12.679,1.909,26.871,20.908,44.576
2026-09-04T14:38:00,M01,12.522,1.940,27.037,20.507,44.289
2026-09-04T14:39:00,M01,12.486,1.989,26.977,20.732,45.453
2026-09-04T14:40:00,M01,12.589,1.918,26.817,20.869,43.884
2026-09-04T14:41:00,M01,12.635,1.982,26.938,21.040,43.547
2026-09-04T14:42:00,M01,12.728,2.034,27.073,20.750,44.285
2026-09-04T14:43:00,M01,12.539,1.972,27.023,20.523,47.195
2026-09-04T14:44:00,M01,12.535,2.002,26.988,20.760,44.495
2026-09-04T14:45:00,M01,12.528,2.024,26.930,21.006,46.125
2026-09-04T14:46:00,M01,12.799,1.997,26.938,20.815,43.578
2026-09-04T14:47:00,M01,12.566,2.068,26.673,20.880,44.394
2026-09-04T14:48:00,M01,12.804,1.933,27.003,20.605,45.228
2026-09-04T14:49:00,M01,12.616,2.027,26.898,20.969,45.938
2026-09-04T14:50:00,M01,12.737,2.001,27.028,20.861,44.839
2026-09-04T14:51:00,M01,12.607,1.946,27.390,20.697,45.290
2026-09-04T14:52:00,M01,12.788,1.999,27.076,20.846,44.140
2026-09-04T14:53:00,M01,12.514,2.045,27.246,20.647,45.279
2026-09-04T14:54:00,M01,12.748,1.979,26.973,20.882,46.427
2026-09-04T14:55:00,M01,12.591,1.944,26.962,21.138,46.164
2026-09-04T14:56:00,M01,12.661,1.940,27.264,20.799,44.734
2026-09-04T14:57:00,M01,12.568,1.991,27.075,20.983,45.816
2026-09-04T14:58:00,M01,12.425,1.940,26.806,20.715,45.159
2026-09-04T14:59:00,M01,12.663,1.913,26.969,20.668,44.461
2026-09-04T15:00:00,M01,12.629,2.103,27.088,20.690,45.017
2026-09-04T15:01:00,M01,12.503,1.966,27.198,20.570,43.958
2026-09-04T15:02:00,M01,12.570,1.947,27.092,21.006,43.763
2026-09-04T15:03:00,M01,12.516,2.065,26.756,20.567,45.163
2026-09-04T15:04:00,M01,12.625,2.021,26.845,21.014,44.372
2026-09-04T15:05:00,M01,12.671,2.087,26.923,21.028,45.078
2026-09-04T15:06:00,M01,12.459,2.080,27.131,20.587,45.440
2026-09-04T15:07:00,M01,12.503,2.057,26.790,20.666,44.764
2026-09-04T15:08:00,M01,12.412,2.003,27.076,20.820,45.283
2026-09-04T15:09:00,M01,12.559,2.004,27.143,21.035,45.616
2026-09-04T15:10:00,M01,12.778,1.973,26.925,20.944,44.804
2026-09-04T15:11:00,M01,12.683,2.042,27.109,20.687,46.079
2026-09-04T15:12:00,M01,12.655,1.978,27.195,20.661,45.817
2026-09-04T15:13:00,M01,12.654,2.055,27.169,20.848,47.683
2026-09-04T15:14:00,M01,12.681,1.950,26.990,20.917,44.415
2026-09-04T15:15:00,M01,12.655,1.978,26.906,20.921,44.976
2026-09-04T15:16:00,M01,12.728,2.021,26.919,20.869,46.178
2026-09-04T15:17:00,M01,12.499,1.880,27.035,20.782,45.188
2026-09-04T15:18:00,M01,12.547,1.981,27.182,20.570,44.317
2026-09-04T15:19:00,M01,12.672,2.079,26.926,20.899,43.800
2026-09-04T15:20:00,M01,12.747,1.962,27.242,20.588,44.884
2026-09-04T15:21:00,M01,12.518,1.957,26.868,21.122,42.894
2026-09-04T15:22:00,M01,12.571,1.950,26.971,20.842,45.077
2026-09-04T15:23:00,M01,12.486,2.028,26.983,20.816,43.986
2026-09-04T15:24:00,M01,12.541,2.086,27.108,20.717,43.518
2026-09-04T15:25:00,M01,12.632,2.022,27.212,20.813,46.481
2026-09-04T15:26:00,M01,12.594,2.058,26.891,21.267,44.564
2026-09-04T15:27:00,M01,12.531,1.996,26.913,20.852,45.885
2026-09-04T15:28:00,M01,12.669,2.014,26.857,20.655,47.933
2026-09-04T15:29:00,M01,12.682,1.974,26.958,20.983,43.891
2026-09-04T15:30:00,M01,12.559,1.936,26.967,20.938,45.354
2026-09-04T15:31:00,M01,12.565,1.989,26.927,20.664,44.544
2026-09-04T15:32:00,M01,12.647,2.005,26.738,20.808,44.098
2026-09-04T15:33:00,M01,12.474,2.113,26.967,20.751,43.517
2026-09-04T15:34:00,M01,12.659,2.030,27.040,20.820,43.227
2026-09-04T15:35:00,M01,12.489,2.023,27.007,20.686,45.646
2026-09-04T15:36:00,M01,12.588,2.074,26.908,20.821,45.309
2026-09-04T15:37:00,M01,12.671,2.055,27.028,20.606,44.191
2026-09-04T15:38:00,M01,12.739,2.038,27.101,21.015,45.986
2026-09-04T15:39:00,M01,12.636,2.034,27.128,20.856,43.075
2026-09-04T15:40:00,M01,12.782,2.027,26.886,21.081,43.333
2026-09-04T15:41:00,M01,12.729,2.045,27.086,20.987,44.222
2026-09-04T15:42:00,M01,12.744,1.985,27.099,20.667,47.156
2026-09-04T15:43:00,M01,12.770,2.047,26.885,20.680,44.520
2026-09-04T15:44:00,M01,12.522,1.975,27.108,20.863,45.064
2026-09-04T15:45:00,M01,12.588,2.006,27.003,20.559,45.924
2026-09-04T15:46:00,M01,12.737,1.983,27.302,20.843,46.134
2026-09-04T15:47:00,M01,12.621,2.020,27.143,20.746,45.542
2026-09-04T15:48:00,M01,12.697,2.032,26.801,21.125,44.135
2026-09-04T15:49:00,M01,12.533,1.989,26.934,20.467,44.416
2026-09-04T15:50:00,M01,12.761,1.995,26.934,20.918,45.807
2026-09-04T15:51:00,M01,12.466,1.967,27.292,20.603,43.405
2026-09-04T15:52:00,M01,12.539,2.083,27.270,21.090,48.124
2026-09-04T15:53:00,M01,12.688,1.915,27.201,20.724,45.323
2026-09-04T15:54:00,M01,12.613,1.926,27.258,21.080,45.061
2026-09-04T15:55:00,M01,12.620,1.979,26.959,20.950,45.928
2026-09-04T15:56:00,M01,12.721,2.037,27.077,20.859,45.184
2026-09-04T15:57:00,M01,12.475,2.025,27.073,20.929,44.916
2026-09-04T15:58:00,M01,12.711,1.979,27.005,20.659,45.018
2026-09-04T15:59:00,M01,12.527,2.014,26.952,20.829,45.191
2026-09-04T16:00:00,M01,11.977,1.763,24.067,20.174,44.754
2026-09-04T16:01:00,M01,12.126,1.751,24.106,19.967,43.226
2026-09-04T16:02:00,M01,12.103,1.907,23.817,20.009,46.629
2026-09-04T16:03:00,M01,12.008,1.712,24.298,20.358,46.535
2026-09-04T16:04:00,M01,12.107,1.847,24.207,19.845,44.149
2026-09-04T16:05:00,M01,11.993,1.825,24.433,20.291,47.304
2026-09-04T16:06:00,M01,12.201,1.950,24.210,20.463,45.332
2026-09-04T16:07:00,M01,12.236,1.881,24.586,20.114,44.931
2026-09-04T16:08:00,M01,12.210,1.873,24.874,20.248,45.008
2026-09-04T16:09:00,M01,12.213,1.791,24.954,20.179,43.993
2026-09-04T16:10:00,M01,12.092,1.853,24.719,20.038,44.449
2026-09-04T16:11:00,M01,12.197,1.882,24.979,20.184,45.826
2026-09-04T16:12:00,M01,12.007,1.838,24.994,20.528,45.487
2026-09-04T16:13:00,M01,12.239,1.884,25.074,20.300,46.027
2026-09-04T16:14:00,M01,12.081,1.824,25.161,20.006,47.179
2026-09-04T16:15:00,M01,12.251,1.927,25.093,20.145,45.592
2026-09-04T16:16:00,M01,12.320,1.902,25.342,20.329,44.357
2026-09-04T16:17:00,M01,12.105,1.809,25.234,20.494,46.096
2026-09-04T16:18:00,M01,12.297,1.874,25.395,20.250,44.777
2026-09-04T16:19:00,M01,12.232,1.852,25.577,20.483,45.261
2026-09-04T16:20:00,M01,12.363,1.881,25.586,20.333,44.642
2026-09-04T16:21:00,M01,12.347,1.883,25.421,20.425,43.811
2026-09-04T16:22:00,M01,12.228,1.895,25.528,20.436,46.934
2026-09-04T16:23:00,M01,12.305,1.942,26.003,20.447,46.152
2026-09-04T16:24:00,M01,12.262,1.930,25.821,20.550,44.773
2026-09-04T16:25:00,M01,12.232,1.866,25.572,20.752,44.262
2026-09-04T16:26:00,M01,12.289,1.977,25.614,20.236,45.319
2026-09-04T16:27:00,M01,12.298,1.918,25.679,20.314,46.044
2026-09-04T16:28:00,M01,12.407,1.959,25.818,20.488,44.073
2026-09-04T16:29:00,M01,12.398,1.966,25.924,20.324,43.367
2026-09-04T16:30:00,M01,12.389,1.861,25.896,20.247,45.240
2026-09-04T16:31:00,M01,12.401,1.911,25.961,20.475,43.255
2026-09-04T16:32:00,M01,12.382,1.926,25.783,20.699,45.876
2026-09-04T16:33:00,M01,12.417,1.895,25.885,20.345,46.776
2026-09-04T16:34:00,M01,12.506,1.913,25.922,20.626,46.441
2026-09-04T16:35:00,M01,12.372,1.943,25.887,20.455,46.343
2026-09-04T16:36:00,M01,12.374,1.876,26.081,20.963,43.543
2026-09-04T16:37:00,M01,12.328,1.916,26.172,20.397,44.895
2026-09-04T16:38:00,M01,12.400,1.946,25.898,20.624,46.981
2026-09-04T16:39:00,M01,12.296,1.975,26.102,20.509,44.731
2026-09-04T16:40:00,M01,12.396,1.919,26.275,20.474,44.898
2026-09-04T16:41:00,M01,12.498,1.957,26.452,20.628,45.297
2026-09-04T16:42:00,M01,12.522,1.869,26.091,20.883,44.694
2026-09-04T16:43:00,M01,12.596,1.918,26.406,20.421,44.527
2026-09-04T16:44:00,M01,12.451,1.911,26.237,20.748,46.022
2026-09-04T16:45:00,M01,12.246,1.886,26.243,20.800,43.859
2026-09-04T16:46:00,M01,12.136,1.881,26.489,20.896,44.881
2026-09-04T16:47:00,M01,12.452,1.994,26.460,20.766,44.136
2026-09-04T16:48:00,M01,12.657,1.995,26.518,20.604,44.644
2026-09-04T16:49:00,M01,12.482,1.954,26.325,20.788,46.667
2026-09-04T16:50:00,M01,12.302,1.939,26.480,20.523,44.715
2026-09-04T16:51:00,M01,12.389,1.978,26.428,20.722,45.131
2026-09-04T16:52:00,M01,12.408,1.984,26.238,20.561,43.866
2026-09-04T16:53:00,M01,12.532,2.020,26.413,20.903,44.574
2026-09-04T16:54:00,M01,12.386,1.948,26.835,20.735,45.780
2026-09-04T16:55:00,M01,12.357,1.941,26.568,20.438,46.145
2026-09-04T16:56:00,M01,12.435,1.939,26.706,20.746,46.225
2026-09-04T16:57:00,M01,12.626,1.968,26.614,20.931,43.720
2026-09-04T16:58:00,M01,12.582,1.995,26.666,20.423,45.434
2026-09-04T16:59:00,M01,12.585,1.910,26.532,20.677,46.900
2026-09-04T17:00:00,M01,12.396,1.923,26.569,20.197,44.671
2026-09-04T17:01:00,M01,12.348,1.947,26.769,20.458,44.443
2026-09-04T17:02:00,M01,12.441,1.932,26.192,20.876,45.426
2026-09-04T17:03:00,M01,12.557,1.966,26.589,20.745,45.774
2026-09-04T17:04:00,M01,12.524,2.050,26.641,20.460,46.600
2026-09-04T17:05:00,M01,12.439,1.983,26.672,20.691,43.498
2026-09-04T17:06:00,M01,12.578,2.053,26.734,20.937,46.635
2026-09-04T17:07:00,M01,12.612,2.018,26.765,20.525,43.280
2026-09-04T17:08:00,M01,12.588,2.039,26.653,20.644,46.578
2026-09-04T17:09:00,M01,12.561,1.975,26.435,20.946,45.423
2026-09-04T17:10:00,M01,12.546,1.968,26.779,20.719,44.756
2026-09-04T17:11:00,M01,12.549,1.954,26.364,20.160,46.226
2026-09-04T17:12:00,M01,12.591,2.036,26.887,20.732,45.014
2026-09-04T17:13:00,M01,12.582,2.015,26.478,20.748,46.316
2026-09-04T17:14:00,M01,12.509,1.998,26.829,20.537,45.118
2026-09-04T17:15:00,M01,12.429,2.020,26.496,20.909,45.762
2026-09-04T17:16:00,M01,12.353,1.986,26.720,20.759,44.011
2026-09-04T17:17:00,M01,12.539,1.980,26.609,20.651,42.875
2026-09-04T17:18:00,M01,12.486,1.987,26.522,20.689,45.643
2026-09-04T17:19:00,M01,12.545,1.942,26.715,20.767,44.438
2026-09-04T17:20:00,M01,12.444,1.968,26.867,20.939,43.013
2026-09-04T17:21:00,M01,12.555,1.989,26.774,20.831,44.737
2026-09-04T17:22:00,M01,12.611,1.904,26.877,20.737,42.816
2026-09-04T17:23:00,M01,12.478,2.022,26.863,20.742,43.423
2026-09-04T17:24:00,M01,12.565,2.003,26.898,20.792,44.495
2026-09-04T17:25:00,M01,12.308,2.023,26.906,20.791,44.005
2026-09-04T17:26:00,M01,12.523,1.991,26.967,20.852,44.952
2026-09-04T17:27:00,M01,12.573,1.983,26.777,20.859,44.439
2026-09-04T17:28:00,M01,12.602,1.982,26.860,21.008,45.473
2026-09-04T17:29:00,M01,12.527,1.953,26.858,20.792,46.332
2026-09-04T17:30:00,M01,12.678,1.982,26.871,20.925,45.864
2026-09-04T17:31:00,M01,12.569,1.981,27.016,20.605,46.384
2026-09-04T17:32:00,M01,12.517,1.996,26.922,20.564,46.339
2026-09-04T17:33:00,M01,12.666,1.971,26.784,20.893,45.721
2026-09-04T17:34:00,M01,12.439,2.037,26.984,20.491,43.345
2026-09-04T17:35:00,M01,12.620,1.998,26.678,20.811,45.483
2026-09-04T17:36:00,M01,12.559,1.961,26.767,20.924,45.254
2026-09-04T17:37:00,M01,12.611,2.024,26.940,20.945,43.526
2026-09-04T17:38:00,M01,12.652,1.967,26.976,20.641,45.392
2026-09-04T17:39:00,M01,12.329,2.027,26.713,20.915,44.797
2026-09-04T17:40:00,M01,12.300,1.952,26.679,20.851,44.112
2026-09-04T17:41:00,M01,12.517,2.013,26.986,21.084,42.464
2026-09-04T17:42:00,M01,12.450,2.004,26.843,20.949,45.477
2026-09-04T17:43:00,M01,12.526,2.075,26.772,20.580,43.963
2026-09-04T17:44:00,M01,12.608,2.027,26.703,20.817,43.964
2026-09-04T17:45:00,M01,12.442,1.954,26.860,20.779,42.524
2026-09-04T17:46:00,M01,12.518,1.998,27.003,21.044,46.250
2026-09-04T17:47:00,M01,12.675,1.931,26.833,20.764,44.976
2026-09-04T17:48:00,M01,12.636,2.029,26.972,20.497,46.419
2026-09-04T17:49:00,M01,12.578,1.934,26.688,20.898,45.934
2026-09-04T17:50:00,M01,12.432,2.007,26.822,21.009,45.561
2026-09-04T17:51:00,M01,12.736,1.983,26.767,20.844,44.550
2026-09-04T17:52:00,M01,12.746,1.944,27.080,20.617,45.389
2026-09-04T17:53:00,M01,12.755,2.001,26.996,20.725,44.512
2026-09-04T17:54:00,M01,12.436,1.915,26.854,20.895,45.149
2026-09-04T17:55:00,M01,12.460,1.973,26.910,21.004,44.014
2026-09-04T17:56:00,M01,12.693,2.047,26.888,20.760,46.131
2026-09-04T17:57:00,M01,12.651,2.000,27.090,20.867,45.570
2026-09-04T17:58:00,M01,12.644,1.991,27.384,20.860,45.202
2026-09-04T17:59:00,M01,12.412,1.996,27.011,20.866,44.848
2026-09-04T18:00:00,M01,12.633,1.968,26.800,21.002,44.573
2026-09-04T18:01:00,M01,12.531,2.029,27.027,20.778,45.904
2026-09-04T18:02:00,M01,12.665,1.914,26.946,20.712,46.983
2026-09-04T18:03:00,M01,12.628,1.957,27.101,20.767,44.401
2026-09-04T18:04:00,M01,12.613,2.001,26.852,20.659,47.004
2026-09-04T18:05:00,M01,12.457,2.063,26.901,20.769,45.087
2026-09-04T18:06:00,M01,12.475,2.013,26.997,20.864,45.445
2026-09-04T18:07:00,M01,12.818,2.015,27.143,20.798,44.215
2026-09-04T18:08:00,M01,12.444,2.101,26.761,21.052,44.500
2026-09-04T18:09:00,M01,12.537,1.972,26.830,20.776,45.233
2026-09-04T18:10:00,M01,12.442,2.007,27.142,20.851,43.663
2026-09-04T18:11:00,M01,12.573,1.994,26.847,21.141,44.547
2026-09-04T18:12:00,M01,12.525,1.969,26.945,20.780,45.453
2026-09-04T18:13:00,M01,12.691,2.037,27.028,20.715,46.412
2026-09-04T18:14:00,M01,12.658,2.021,26.806,20.840,45.867
2026-09-04T18:15:00,M01,12.719,1.951,26.719,20.933,45.956
2026-09-04T18:16:00,M01,12.569,2.059,27.140,20.983,45.392
2026-09-04T18:17:00,M01,12.579,1.972,26.946,21.109,44.370
2026-09-04T18:18:00,M01,12.590,2.050,27.244,20.495,44.337
2026-09-04T18:19:00,M01,12.570,1.978,27.010,20.743,45.171
2026-09-04T18:20:00,M01,12.629,1.886,27.224,20.775,45.993
2026-09-04T18:21:00,M01,12.622,2.006,27.048,20.519,44.404
2026-09-04T18:22:00,M01,12.547,1.988,26.811,20.816,45.393
2026-09-04T18:23:00,M01,12.785,1.991,27.089,20.557,44.900
2026-09-04T18:24:00,M01,12.618,2.058,26.973,20.911,45.823
2026-09-04T18:25:00,M01,12.642,1.970,27.121,20.812,44.240
2026-09-04T18:26:00,M01,12.793,2.007,27.082,20.976,44.900
2026-09-04T18:27:00,M01,12.662,2.013,27.231,20.765,44.762
2026-09-04T18:28:00,M01,12.555,1.922,26.657,20.783,45.156
2026-09-04T18:29:00,M01,12.550,2.020,26.971,20.628,44.704
2026-09-04T18:30:00,M01,12.572,2.006,27.044,20.591,44.606
2026-09-04T18:31:00,M01,12.703,1.963,27.017,20.794,44.854
2026-09-04T18:32:00,M01,12.603,1.998,27.083,20.387,45.302
2026-09-04T18:33:00,M01,12.526,2.029,26.924,20.828,46.555
2026-09-04T18:34:00,M01,12.529,2.040,27.011,21.292,46.117
2026-09-04T18:35:00,M01,12.631,2.016,27.007,20.500,45.189
2026-09-04T18:36:00,M01,12.609,2.040,27.111,20.718,44.727
2026-09-04T18:37:00,M01,12.665,2.024,27.040,20.696,43.167
2026-09-04T18:38:00,M01,12.667,2.057,27.009,20.958,43.366
2026-09-04T18:39:00,M01,12.756,1.968,26.845,20.840,45.995
2026-09-04T18:40:00,M01,12.393,2.043,27.158,20.797,45.974
2026-09-04T18:41:00,M01,12.467,2.032,26.855,20.961,45.129
2026-09-04T18:42:00,M01,12.558,1.981,26.683,20.864,44.685
2026-09-04T18:43:00,M01,12.485,1.978,26.851,20.693,45.017
2026-09-04T18:44:00,M01,12.474,1.983,27.226,21.017,45.517
2026-09-04T18:45:00,M01,12.551,1.987,26.904,20.547,43.550
2026-09-04T18:46:00,M01,12.716,1.963,26.750,20.882,44.867
2026-09-04T18:47:00,M01,12.579,1.952,27.152,21.050,44.401
2026-09-04T18:48:00,M01,12.595,2.006,27.013,20.420,44.124
2026-09-04T18:49:00,M01,12.620,1.908,27.087,20.882,43.754
2026-09-04T18:50:00,M01,12.649,1.940,27.063,21.002,47.176
2026-09-04T18:51:00,M01,12.714,1.937,27.071,20.913,43.865
2026-09-04T18:52:00,M01,12.551,1.974,27.191,20.834,44.990
2026-09-04T18:53:00,M01,12.589,2.051,26.840,20.680,44.270
2026-09-04T18:54:00,M01,12.560,1.992,27.029,20.758,44.445
2026-09-04T18:55:00,M01,12.731,2.010,27.009,20.548,43.599
2026-09-04T18:56:00,M01,12.632,2.025,26.990,20.859,44.750
2026-09-04T18:57:00,M01,12.565,1.984,27.074,21.042,44.849
2026-09-04T18:58:00,M01,12.694,1.916,26.752,21.266,45.119
2026-09-04T18:59:00,M01,12.602,1.976,26.894,20.817,43.898
2026-09-04T19:00:00,M01,12.628,1.977,26.939,20.745,45.838
2026-09-04T19:01:00,M01,12.646,2.054,26.863,21.036,43.857
2026-09-04T19:02:00,M01,12.689,2.018,27.117,20.895,46.313
2026-09-04T19:03:00,M01,12.664,2.051,26.962,20.411,44.561
2026-09-04T19:04:00,M01,12.675,2.065,26.869,20.919,43.870
2026-09-04T19:05:00,M01,12.652,1.988,27.012,20.897,46.304
2026-09-04T19:06:00,M01,12.519,1.939,26.910,20.595,43.526
2026-09-04T19:07:00,M01,12.661,1.949,26.982,20.872,44.196
2026-09-04T19:08:00,M01,12.587,2.018,27.142,20.604,44.099
2026-09-04T19:09:00,M01,12.612,1.939,26.993,20.726,45.722
2026-09-04T19:10:00,M01,12.627,2.002,26.985,20.838,44.826
2026-09-04T19:11:00,M01,12.609,2.027,27.074,21.030,43.895
2026-09-04T19:12:00,M01,12.575,2.026,26.670,20.761,46.375
2026-09-04T19:13:00,M01,12.481,1.919,26.874,21.302,42.924
2026-09-04T19:14:00,M01,12.574,2.007,27.146,21.031,43.871
2026-09-04T19:15:00,M01,12.565,1.957,27.071,20.533,43.836
2026-09-04T19:16:00,M01,12.492,1.983,26.955,20.829,42.852
2026-09-04T19:17:00,M01,12.661,1.964,26.940,21.034,45.137
2026-09-04T19:18:00,M01,12.543,1.958,27.059,20.779,43.798
2026-09-04T19:19:00,M01,12.506,1.983,26.910,20.817,43.126
2026-09-04T19:20:00,M01,12.691,2.035,27.112,20.955,46.324
2026-09-04T19:21:00,M01,12.722,2.065,26.755,20.838,45.718
2026-09-04T19:22:00,M01,12.621,2.043,27.066,21.000,42.523
2026-09-04T19:23:00,M01,12.593,1.984,27.343,20.718,44.605
2026-09-04T19:24:00,M01,12.598,2.034,27.083,20.957,45.421
2026-09-04T19:25:00,M01,12.586,1.912,26.928,20.947,45.860
2026-09-04T19:26:00,M01,12.616,2.041,26.916,20.970,44.761
2026-09-04T19:27:00,M01,12.726,2.032,27.221,20.642,45.313
2026-09-04T19:28:00,M01,12.456,2.051,26.817,20.333,44.020
2026-09-04T19:29:00,M01,12.574,2.027,27.042,20.935,45.891
2026-09-04T19:30:00,M01,12.577,2.038,27.057,20.837,44.246
2026-09-04T19:31:00,M01,12.491,1.993,26.965,20.939,46.617
2026-09-04T19:32:00,M01,12.633,1.998,27.213,21.018,46.626
2026-09-04T19:33:00,M01,12.337,2.051,26.924,21.052,45.886
2026-09-04T19:34:00,M01,12.428,1.971,27.162,20.890,44.312
2026-09-04T19:35:00,M01,12.623,1.947,26.847,21.174,44.235
2026-09-04T19:36:00,M01,12.560,1.971,26.960,20.780,45.861
2026-09-04T19:37:00,M01,12.631,2.000,27.102,20.709,46.356
2026-09-04T19:38:00,M01,12.658,1.976,26.925,20.865,45.642
2026-09-04T19:39:00,M01,12.423,1.995,27.148,20.738,45.149
2026-09-04T19:40:00,M01,12.625,1.900,26.983,20.832,42.681
2026-09-04T19:41:00,M01,12.465,1.935,27.066,20.767,44.107
2026-09-04T19:42:00,M01,12.321,2.088,27.220,20.737,44.835
2026-09-04T19:43:00,M01,12.647,1.995,26.857,20.883,43.745
2026-09-04T19:44:00,M01,12.566,1.977,27.125,20.710,45.732
2026-09-04T19:45:00,M01,12.677,1.937,27.011,20.856,45.061
2026-09-04T19:46:00,M01,12.608,2.015,27.253,20.862,44.014
2026-09-04T19:47:00,M01,12.713,1.912,27.159,20.656,44.953
2026-09-04T19:48:00,M01,12.609,2.022,27.186,20.692,45.156
2026-09-04T19:49:00,M01,12.578,1.929,27.127,20.681,45.985
2026-09-04T19:50:00,M01,12.743,1.956,26.911,20.900,44.885
2026-09-04T19:51:00,M01,12.738,2.079,27.038,20.726,45.282
2026-09-04T19:52:00,M01,12.553,2.061,26.661,20.902,45.130
2026-09-04T19:53:00,M01,12.686,2.055,27.000,21.057,45.829
2026-09-04T19:54:00,M01,12.660,2.017,27.025,20.593,43.973
2026-09-04T19:55:00,M01,12.505,1.997,27.018,20.809,44.837
2026-09-04T19:56:00,M01,12.657,2.066,26.889,20.793,45.329
2026-09-04T19:57:00,M01,12.670,1.952,27.161,20.594,45.912
2026-09-04T19:58:00,M01,12.522,2.020,27.041,20.631,45.711
2026-09-04T19:59:00,M01,12.586,1.982,26.710,20.759,45.171
2026-09-04T20:00:00,M01,12.557,2.058,27.058,20.824,44.169
2026-09-04T20:01:00,M01,12.686,2.032,27.021,20.475,46.989
2026-09-04T20:02:00,M01,12.550,2.005,27.182,20.366,43.942
2026-09-04T20:03:00,M01,12.713,2.041,27.111,20.816,45.004
2026-09-04T20:04:00,M01,12.628,2.055,27.037,20.889,43.665
2026-09-04T20:05:00,M01,12.525,1.932,27.054,20.948,42.775
2026-09-04T20:06:00,M01,12.650,2.047,27.055,20.957,46.652
2026-09-04T20:07:00,M01,12.659,1.973,27.098,20.879,45.263
2026-09-04T20:08:00,M01,12.609,2.005,26.793,20.751,43.979
2026-09-04T20:09:00,M01,12.520,1.944,27.072,21.089,44.500
2026-09-04T20:10:00,M01,12.669,2.021,27.045,20.951,45.087
2026-09-04T20:11:00,M01,12.586,2.018,27.179,21.059,45.067
2026-09-04T20:12:00,M01,12.579,1.932,26.838,20.522,45.338
2026-09-04T20:13:00,M01,12.598,1.959,27.022,20.655,44.761
2026-09-04T20:14:00,M01,12.595,2.029,26.819,20.442,45.694
2026-09-04T20:15:00,M01,12.551,1.911,26.941,20.765,45.563
2026-09-04T20:16:00,M01,12.449,1.988,26.965,20.909,44.925
2026-09-04T20:17:00,M01,12.548,1.936,26.845,21.201,45.031
2026-09-04T20:18:00,M01,12.661,1.995,26.975,20.976,45.064
2026-09-04T20:19:00,M01,12.403,1.962,26.758,20.839,44.926
2026-09-04T20:20:00,M01,12.473,2.011,27.124,20.728,45.502
2026-09-04T20:21:00,M01,12.691,1.980,26.931,21.161,45.472
2026-09-04T20:22:00,M01,12.639,2.016,27.087,20.898,45.839
2026-09-04T20:23:00,M01,12.577,1.951,26.761,20.602,47.013
2026-09-04T20:24:00,M01,12.442,2.012,26.961,21.055,43.900
2026-09-04T20:25:00,M01,12.738,1.983,27.132,20.957,44.400
2026-09-04T20:26:00,M01,12.482,1.915,26.943,21.045,43.715
2026-09-04T20:27:00,M01,12.760,1.965,26.861,20.539,44.778
2026-09-04T20:28:00,M01,12.743,2.078,27.151,20.908,45.056
2026-09-04T20:29:00,M01,12.640,1.882,26.940,20.966,44.136
2026-09-04T20:30:00,M01,12.601,1.965,27.007,20.824,46.931
2026-09-04T20:31:00,M01,12.617,1.932,26.970,20.599,43.539
2026-09-04T20:32:00,M01,12.467,2.021,27.366,20.968,44.528
2026-09-04T20:33:00,M01,12.542,1.990,26.940,20.448,46.984
2026-09-04T20:34:00,M01,12.595,2.043,26.959,20.643,44.801
2026-09-04T20:35:00,M01,12.717,1.946,26.929,20.605,43.244
2026-09-04T20:36:00,M01,12.481,1.864,26.881,20.697,45.410
2026-09-04T20:37:00,M01,12.524,2.007,27.088,20.919,44.699
2026-09-04T20:38:00,M01,12.455,2.045,26.925,20.370,45.085
2026-09-04T20:39:00,M01,12.632,2.030,27.042,20.904,44.583
2026-09-04T20:40:00,M01,12.762,2.057,26.983,20.854,44.197
2026-09-04T20:41:00,M01,12.712,1.987,27.134,20.456,47.506
2026-09-04T20:42:00,M01,12.537,1.944,26.892,20.800,44.840
2026-09-04T20:43:00,M01,12.567,1.991,27.083,20.737,46.061
2026-09-04T20:44:00,M01,12.680,2.058,26.959,21.032,44.790
2026-09-04T20:45:00,M01,12.610,2.094,27.091,21.104,45.046
2026-09-04T20:46:00,M01,12.522,1.997,27.131,20.687,45.347
2026-09-04T20:47:00,M01,12.528,1.992,27.213,20.884,45.717
2026-09-04T20:48:00,M01,12.457,1.971,27.108,21.003,43.845
2026-09-04T20:49:00,M01,12.614,1.999,26.919,20.299,45.716
2026-09-04T20:50:00,M01,12.649,2.022,26.965,20.860,45.809
2026-09-04T20:51:00,M01,12.581,1.970,27.017,20.683,46.157
2026-09-04T20:52:00,M01,12.700,2.000,26.869,20.893,45.743
2026-09-04T20:53:00,M01,12.534,1.979,27.183,20.776,45.964
2026-09-04T20:54:00,M01,12.552,2.022,26.939,20.959,44.898
2026-09-04T20:55:00,M01,12.562,1.971,26.813,20.670,43.948
2026-09-04T20:56:00,M01,12.648,2.016,26.980,20.723,45.805
2026-09-04T20:57:00,M01,12.555,1.935,27.017,21.037,43.527
2026-09-04T20:58:00,M01,12.699,1.974,27.134,20.761,44.816
2026-09-04T20:59:00,M01,12.593,1.964,27.043,20.683,44.841
2026-09-04T21:00:00,M01,12.592,1.937,27.011,20.878,44.585
2026-09-04T21:01:00,M01,12.569,2.004,26.971,20.839,43.601
2026-09-04T21:02:00,M01,12.655,2.044,27.181,20.681,42.433
2026-09-04T21:03:00,M01,12.561,2.044,26.840,20.794,43.690
2026-09-04T21:04:00,M01,12.726,2.047,27.063,20.940,45.325
2026-09-04T21:05:00,M01,12.722,2.045,27.024,20.976,45.371
2026-09-04T21:06:00,M01,12.458,1.959,26.934,20.828,44.500
2026-09-04T21:07:00,M01,12.546,2.022,27.300,20.686,44.597
2026-09-04T21:08:00,M01,12.662,1.940,27.127,20.753,44.183
2026-09-04T21:09:00,M01,12.566,2.035,27.245,20.571,44.479
2026-09-04T21:10:00,M01,12.637,2.018,27.067,20.830,42.857
2026-09-04T21:11:00,M01,12.718,2.029,27.112,20.936,45.059
2026-09-04T21:12:00,M01,12.629,1.991,27.097,20.566,46.270
2026-09-04T21:13:00,M01,12.510,1.922,27.008,20.704,44.752
2026-09-04T21:14:00,M01,12.464,2.025,26.787,20.852,45.047
2026-09-04T21:15:00,M01,12.588,2.009,27.069,20.845,40.864
2026-09-04T21:16:00,M01,12.680,1.920,26.883,20.451,44.115
2026-09-04T21:17:00,M01,12.639,1.982,26.802,20.919,44.852
2026-09-04T21:18:00,M01,12.457,1.900,27.173,20.885,45.227
2026-09-04T21:19:00,M01,12.739,1.985,26.904,21.002,45.587
2026-09-04T21:20:00,M01,12.684,1.968,27.139,20.809,43.853
2026-09-04T21:21:00,M01,12.565,1.990,26.980,20.827,45.415
2026-09-04T21:22:00,M01,12.638,1.977,27.172,20.930,45.370
2026-09-04T21:23:00,M01,12.604,1.876,26.922,20.689,43.681
2026-09-04T21:24:00,M01,12.702,2.019,26.911,20.828,45.284
2026-09-04T21:25:00,M01,12.622,2.079,26.913,20.625,44.593
2026-09-04T21:26:00,M01,12.508,2.001,26.942,20.873,44.491
2026-09-04T21:27:00,M01,12.621,1.938,26.842,20.598,43.653
2026-09-04T21:28:00,M01,12.547,2.056,27.154,20.720,43.850
2026-09-04T21:29:00,M01,12.696,1.907,26.919,21.078,44.382
2026-09-04T21:30:00,M01,12.690,2.012,27.078,20.888,45.456
2026-09-04T21:31:00,M01,12.715,1.979,26.849,20.822,45.006
2026-09-04T21:32:00,M01,12.602,2.003,26.865,20.988,44.783
2026-09-04T21:33:00,M01,12.623,1.940,27.070,20.898,44.797
2026-09-04T21:34:00,M01,12.555,1.998,27.053,20.718,44.510
2026-09-04T21:35:00,M01,12.510,1.985,27.247,20.958,44.483
2026-09-04T21:36:00,M01,12.477,2.034,27.070,21.156,44.983
2026-09-04T21:37:00,M01,12.653,1.970,27.229,20.987,46.309
2026-09-04T21:38:00,M01,12.589,1.983,27.025,20.900,45.034
2026-09-04T21:39:00,M01,12.677,2.017,26.971,20.930,44.228
2026-09-04T21:40:00,M01,12.674,2.045,27.050,20.719,45.459
2026-09-04T21:41:00,M01,12.708,1.934,26.997,21.089,42.321
2026-09-04T21:42:00,M01,12.672,2.003,26.716,20.893,44.643
2026-09-04T21:43:00,M01,12.659,2.000,26.913,21.217,46.805
2026-09-04T21:44:00,M01,12.690,2.057,27.046,20.940,46.057
2026-09-04T21:45:00,M01,12.689,1.983,27.178,20.484,46.295
2026-09-04T21:46:00,M01,12.575,2.048,27.232,20.853,48.551
2026-09-04T21:47:00,M01,12.635,2.030,27.058,20.763,45.214
2026-09-04T21:48:00,M01,12.606,2.044,27.074,20.802,45.270
2026-09-04T21:49:00,M01,12.657,1.994,26.902,20.820,44.474
2026-09-04T21:50:00,M01,12.603,1.983,26.915,20.840,44.149
2026-09-04T21:51:00,M01,12.543,1.954,26.903,21.027,46.456
2026-09-04T21:52:00,M01,12.687,2.056,27.006,20.915,44.826
2026-09-04T21:53:00,M01,12.577,1.985,27.090,21.060,43.817
2026-09-04T21:54:00,M01,12.674,2.075,27.088,20.568,45.460
2026-09-04T21:55:00,M01,12.586,1.986,27.048,20.879,42.458
2026-09-04T21:56:00,M01,12.506,1.980,26.909,21.263,46.202
2026-09-04T21:57:00,M01,12.655,2.000,26.929,20.895,45.389
2026-09-04T21:58:00,M01,12.564,1.997,26.949,20.992,44.947
2026-09-04T21:59:00,M01,12.581,2.072,27.087,20.705,45.220
2026-09-04T22:00:00,M01,12.549,2.004,26.853,20.810,44.953
2026-09-04T22:01:00,M01,12.588,2.006,27.226,20.804,43.390
2026-09-04T22:02:00,M01,12.559,1.980,27.066,20.944,46.275
2026-09-04T22:03:00,M01,12.668,1.963,27.187,21.015,44.872
2026-09-04T22:04:00,M01,12.470,2.036,26.877,20.510,44.601
2026-09-04T22:05:00,M01,12.566,2.041,26.864,20.678,43.614
2026-09-04T22:06:00,M01,12.498,1.992,27.064,20.646,45.985
2026-09-04T22:07:00,M01,12.598,1.957,27.321,20.706,42.771
2026-09-04T22:08:00,M01,12.680,1.907,27.031,20.620,44.185
2026-09-04T22:09:00,M01,12.577,2.046,26.870,20.513,44.804
2026-09-04T22:10:00,M01,12.573,1.960,26.854,20.708,45.616
2026-09-04T22:11:00,M01,12.501,1.983,26.798,20.723,46.922
2026-09-04T22:12:00,M01,12.631,1.968,27.032,20.533,47.511
2026-09-04T22:13:00,M01,12.669,1.980,27.016,20.749,46.151
2026-09-04T22:14:00,M01,12.634,1.978,27.242,20.755,45.150
2026-09-04T22:15:00,M01,12.722,1.974,26.935,20.555,44.862
2026-09-04T22:16:00,M01,12.794,1.947,27.004,20.618,45.035
2026-09-04T22:17:00,M01,12.664,2.000,26.714,20.984,44.759
2026-09-04T22:18:00,M01,12.651,1.978,27.146,20.689,43.954
2026-09-04T22:19:00,M01,12.533,2.026,27.101,20.679,45.448
2026-09-04T22:20:00,M01,12.671,1.989,26.920,20.858,45.943
2026-09-04T22:21:00,M01,12.594,2.060,26.887,20.719,46.189
2026-09-04T22:22:00,M01,12.586,2.042,26.835,20.844,44.955
2026-09-04T22:23:00,M01,12.464,1.994,26.884,20.507,44.625
2026-09-04T22:24:00,M01,12.744,1.994,27.019,20.642,47.424
2026-09-04T22:25:00,M01,12.539,1.950,26.911,20.843,44.561
2026-09-04T22:26:00,M01,12.574,1.979,26.955,21.015,45.419
2026-09-04T22:27:00,M01,12.676,2.084,27.308,20.865,44.400
2026-09-04T22:28:00,M01,12.534,2.063,27.008,20.783,47.470
2026-09-04T22:29:00,M01,12.585,2.041,27.197,20.542,43.994
2026-09-04T22:30:00,M01,12.591,2.057,27.168,20.832,45.499
2026-09-04T22:31:00,M01,12.964,1.988,27.045,20.713,44.805
2026-09-04T22:32:00,M01,12.694,2.097,26.939,20.822,46.607
2026-09-04T22:33:00,M01,12.616,2.008,27.019,21.032,44.706
2026-09-04T22:34:00,M01,12.662,2.044,26.818,20.504,45.606
2026-09-04T22:35:00,M01,12.778,2.031,26.965,20.867,45.316
2026-09-04T22:36:00,M01,12.598,2.003,27.020,20.906,45.514
2026-09-04T22:37:00,M01,12.704,1.902,26.817,21.090,43.804
2026-09-04T22:38:00,M01,12.801,2.020,26.846,20.990,45.409
2026-09-04T22:39:00,M01,12.605,2.132,26.837,20.730,43.983
2026-09-04T22:40:00,M01,12.704,2.014,27.186,20.774,43.920
2026-09-04T22:41:00,M01,12.755,2.093,27.068,20.987,44.463
2026-09-04T22:42:00,M01,12.688,1.981,27.157,20.878,45.326
2026-09-04T22:43:00,M01,12.725,2.046,26.929,20.967,43.698
2026-09-04T22:44:00,M01,12.824,2.103,27.177,20.689,44.981
2026-09-04T22:45:00,M01,12.621,2.103,27.093,20.826,43.229
2026-09-04T22:46:00,M01,12.847,2.162,27.169,20.688,44.817
2026-09-04T22:47:00,M01,12.780,2.076,27.096,20.894,46.495
2026-09-04T22:48:00,M01,12.834,2.030,27.134,20.761,44.019
2026-09-04T22:49:00,M01,12.616,2.076,26.909,20.861,45.216
2026-09-04T22:50:00,M01,12.954,2.037,27.069,20.535,45.543
2026-09-04T22:51:00,M01,12.710,2.136,27.071,21.039,43.794
2026-09-04T22:52:00,M01,12.936,2.082,27.004,20.648,45.630
2026-09-04T22:53:00,M01,12.852,2.029,27.157,20.593,44.900
2026-09-04T22:54:00,M01,12.824,2.068,27.005,20.748,44.980
2026-09-04T22:55:00,M01,12.907,2.115,26.943,20.770,43.935
2026-09-04T22:56:00,M01,12.988,2.104,27.225,20.797,44.122
2026-09-04T22:57:00,M01,12.795,2.177,27.409,20.883,44.682
2026-09-04T22:58:00,M01,12.915,2.077,27.375,21.107,43.630
2026-09-04T22:59:00,M01,12.834,2.167,27.171,20.896,45.334
2026-09-04T23:00:00,M01,12.894,2.040,27.020,20.591,45.389
2026-09-04T23:01:00,M01,12.844,2.097,26.949,20.640,45.144
2026-09-04T23:02:00,M01,12.863,2.179,27.319,20.805,43.132
2026-09-04T23:03:00,M01,13.078,2.131,26.957,21.160,44.509
2026-09-04T23:04:00,M01,12.867,2.135,27.065,20.865,44.756
2026-09-04T23:05:00,M01,13.024,2.202,26.994,20.986,44.484
2026-09-04T23:06:00,M01,12.906,2.270,27.236,20.994,46.122
2026-09-04T23:07:00,M01,12.957,2.118,27.173,21.110,44.325
2026-09-04T23:08:00,M01,12.947,2.109,27.121,20.287,44.148
2026-09-04T23:09:00,M01,13.096,2.211,27.203,20.957,45.466
2026-09-04T23:10:00,M01,12.982,2.070,27.168,21.007,46.315
2026-09-04T23:11:00,M01,13.031,2.205,27.238,20.984,45.507
2026-09-04T23:12:00,M01,12.933,2.141,27.220,20.880,44.592
2026-09-04T23:13:00,M01,13.030,2.098,27.315,21.218,44.107
2026-09-04T23:14:00,M01,13.033,2.161,27.211,21.047,44.807
2026-09-04T23:15:00,M01,13.033,2.203,27.339,20.643,46.394
2026-09-04T23:16:00,M01,13.044,2.221,27.299,20.812,45.404
2026-09-04T23:17:00,M01,13.028,2.113,27.282,20.890,44.637
2026-09-04T23:18:00,M01,13.040,2.160,27.184,20.711,45.331
2026-09-04T23:19:00,M01,12.954,2.166,27.503,20.413,43.838
2026-09-04T23:20:00,M01,12.977,2.202,27.191,20.863,45.147
2026-09-04T23:21:00,M01,13.225,2.186,27.057,20.576,41.018
2026-09-04T23:22:00,M01,13.180,2.208,27.136,20.698,45.346
2026-09-04T23:23:00,M01,13.267,2.180,27.219,20.811,46.074
2026-09-04T23:24:00,M01,13.142,2.149,27.370,21.179,43.444
2026-09-04T23:25:00,M01,12.990,2.147,27.286,20.901,44.259
2026-09-04T23:26:00,M01,13.090,2.166,27.116,20.827,43.526
2026-09-04T23:27:00,M01,12.956,2.188,27.271,20.532,46.648
2026-09-04T23:28:00,M01,12.932,2.177,27.095,20.697,43.676
2026-09-04T23:29:00,M01,13.075,2.126,27.075,20.662,45.746
2026-09-04T23:30:00,M01,12.993,2.242,27.233,20.683,42.773
2026-09-04T23:31:00,M01,12.961,2.207,27.221,20.563,44.131
2026-09-04T23:32:00,M01,13.328,2.172,27.485,21.011,46.772
2026-09-04T23:33:00,M01,13.050,2.201,27.158,20.709,45.955
2026-09-04T23:34:00,M01,13.217,2.235,27.584,20.867,45.314
2026-09-04T23:35:00,M01,13.201,2.223,27.336,20.606,45.059
2026-09-04T23:36:00,M01,13.218,2.209,27.276,20.933,45.261
2026-09-04T23:37:00,M01,13.160,2.250,27.352,20.683,45.310
2026-09-04T23:38:00,M01,13.259,2.188,27.171,20.849,45.100
2026-09-04T23:39:00,M01,13.237,2.241,27.305,20.738,44.365
2026-09-04T23:40:00,M01,13.153,2.272,27.210,20.855,43.671
2026-09-04T23:41:00,M01,13.225,2.254,27.311,20.717,43.320
2026-09-04T23:42:00,M01,13.089,2.157,27.371,20.711,45.452
2026-09-04T23:43:00,M01,13.173,2.216,27.367,20.833,45.421
2026-09-04T23:44:00,M01,13.196,2.260,27.287,20.850,45.116
2026-09-04T23:45:00,M01,13.226,2.296,27.506,20.650,44.536
2026-09-04T23:46:00,M01,13.242,2.205,27.364,20.810,45.822
2026-09-04T23:47:00,M01,13.278,2.199,27.397,20.627,45.402
2026-09-04T23:48:00,M01,13.161,2.286,27.252,20.721,44.961
2026-09-04T23:49:00,M01,13.207,2.276,27.288,21.030,46.777
2026-09-04T23:50:00,M01,13.201,2.209,27.583,21.085,45.763
2026-09-04T23:51:00,M01,13.311,2.359,27.050,20.878,45.418
2026-09-04T23:52:00,M01,13.354,2.266,27.357,20.727,44.677
2026-09-04T23:53:00,M01,13.285,2.322,27.579,20.918,44.156
2026-09-04T23:54:00,M01,13.284,2.261,27.401,20.467,44.670
2026-09-04T23:55:00,M01,13.454,2.324,27.341,20.669,43.596
2026-09-04T23:56:00,M01,13.376,2.343,27.192,20.781,45.513
2026-09-04T23:57:00,M01,13.199,2.312,27.357,20.809,44.679
2026-09-04T23:58:00,M01,13.416,2.329,27.218,20.871,44.599
2026-09-04T23:59:00,M01,13.430,2.283,27.195,20.819,45.335
2026-09-05T00:00:00,M01,12.748,2.080,24.502,19.863,44.362
2026-09-05T00:01:00,M01,12.836,2.114,24.596,19.938,43.852
2026-09-05T00:02:00,M01,12.809,2.205,24.649,20.109,45.263
2026-09-05T00:03:00,M01,12.930,2.159,24.624,20.326,45.211
2026-09-05T00:04:00,M01,12.763,2.129,24.710,20.186,43.272
2026-09-05T00:05:00,M01,12.945,2.189,24.841,20.235,45.841
2026-09-05T00:06:00,M01,12.923,2.113,25.020,20.023,44.416
2026-09-05T00:07:00,M01,13.005,2.125,24.972,20.106,44.320
2026-09-05T00:08:00,M01,12.965,2.200,25.067,20.335,45.952
2026-09-05T00:09:00,M01,12.958,2.147,25.076,19.849,45.580
2026-09-05T00:10:00,M01,13.102,2.206,25.206,20.214,42.547
2026-09-05T00:11:00,M01,13.091,2.185,25.174,20.092,44.467
2026-09-05T00:12:00,M01,12.953,2.166,25.253,20.147,45.459
2026-09-05T00:13:00,M01,13.032,2.225,25.672,20.448,44.465
2026-09-05T00:14:00,M01,13.152,2.238,25.886,20.237,44.612
2026-09-05T00:15:00,M01,13.047,2.193,25.525,20.406,44.856
2026-09-05T00:16:00,M01,13.167,2.185,25.938,20.284,43.681
2026-09-05T00:17:00,M01,13.123,2.244,25.693,19.977,43.003
2026-09-05T00:18:00,M01,13.293,2.335,25.877,20.219,46.501
2026-09-05T00:19:00,M01,13.385,2.207,25.781,20.448,44.568
2026-09-05T00:20:00,M01,13.213,2.245,25.823,19.965,45.315
2026-09-05T00:21:00,M01,13.193,2.329,25.838,20.295,43.357
2026-09-05T00:22:00,M01,13.088,2.241,25.889,20.418,45.863
2026-09-05T00:23:00,M01,13.093,2.319,26.038,20.346,43.982
2026-09-05T00:24:00,M01,13.321,2.218,26.214,20.310,44.898
2026-09-05T00:25:00,M01,13.443,2.261,26.036,19.986,44.948
2026-09-05T00:26:00,M01,13.302,2.245,26.126,20.268,47.569
2026-09-05T00:27:00,M01,13.326,2.255,26.361,20.479,44.975
2026-09-05T00:28:00,M01,13.350,2.295,26.420,20.642,44.412
2026-09-05T00:29:00,M01,13.447,2.239,26.546,20.631,46.203
2026-09-05T00:30:00,M01,13.408,2.318,26.229,20.036,45.707
2026-09-05T00:31:00,M01,13.190,2.349,26.684,20.346,43.997
2026-09-05T00:32:00,M01,13.393,2.266,26.822,20.596,45.300
2026-09-05T00:33:00,M01,13.468,2.375,26.643,20.447,44.006
2026-09-05T00:34:00,M01,13.417,2.198,26.684,20.572,46.189
2026-09-05T00:35:00,M01,13.388,2.395,26.587,20.844,46.137
2026-09-05T00:36:00,M01,13.488,2.367,26.643,20.335,46.443
2026-09-05T00:37:00,M01,13.578,2.358,26.549,20.394,45.411
2026-09-05T00:38:00,M01,13.437,2.359,26.614,20.693,45.922
2026-09-05T00:39:00,M01,13.427,2.372,26.772,20.490,46.224
2026-09-05T00:40:00,M01,13.486,2.339,26.959,20.929,45.473
2026-09-05T00:41:00,M01,13.368,2.340,26.754,20.545,43.748
2026-09-05T00:42:00,M01,13.534,2.419,26.703,20.352,44.828
2026-09-05T00:43:00,M01,13.370,2.374,26.812,20.527,45.399
2026-09-05T00:44:00,M01,13.508,2.356,26.976,20.700,46.425
2026-09-05T00:45:00,M01,13.594,2.403,26.750,20.637,45.218
2026-09-05T00:46:00,M01,13.583,2.423,26.987,20.679,44.837
2026-09-05T00:47:00,M01,13.645,2.455,26.774,20.831,46.236
2026-09-05T00:48:00,M01,13.493,2.473,27.112,20.641,45.851
2026-09-05T00:49:00,M01,13.601,2.398,27.086,20.728,45.193
2026-09-05T00:50:00,M01,13.570,2.401,26.794,20.675,45.548
2026-09-05T00:51:00,M01,13.620,2.444,27.081,20.454,44.446
2026-09-05T00:52:00,M01,13.736,2.391,27.274,20.390,44.801
2026-09-05T00:53:00,M01,13.668,2.426,27.142,20.766,45.187
2026-09-05T00:54:00,M01,13.712,2.437,26.781,20.588,45.227
2026-09-05T00:55:00,M01,13.502,2.455,27.146,20.496,43.598
2026-09-05T00:56:00,M01,13.777,2.528,27.228,20.568,43.341
2026-09-05T00:57:00,M01,13.743,2.415,27.152,20.774,45.892
2026-09-05T00:58:00,M01,13.780,2.474,27.057,20.654,43.813
2026-09-05T00:59:00,M01,13.618,2.428,27.162,20.900,45.483
2026-09-05T01:00:00,M01,13.758,2.472,27.169,20.803,44.342
2026-09-05T01:01:00,M01,13.752,2.434,27.112,20.471,45.371
2026-09-05T01:02:00,M01,13.841,2.450,27.331,20.903,45.481
2026-09-05T01:03:00,M01,13.713,2.472,27.541,20.740,43.249
2026-09-05T01:04:00,M01,13.637,2.556,27.523,21.073,42.923
2026-09-05T01:05:00,M01,13.492,2.563,27.427,20.527,46.521
2026-09-05T01:06:00,M01,13.837,2.525,27.516,20.714,45.235
2026-09-05T01:07:00,M01,13.829,2.477,27.435,20.890,45.831
2026-09-05T01:08:00,M01,13.923,2.451,27.256,20.810,43.581
2026-09-05T01:09:00,M01,13.942,2.504,27.196,20.767,45.001
2026-09-05T01:10:00,M01,13.781,2.535,27.495,20.727,45.342
2026-09-05T01:11:00,M01,13.772,2.562,27.510,20.823,43.882
2026-09-05T01:12:00,M01,13.864,2.416,27.306,20.702,43.641
2026-09-05T01:13:00,M01,13.955,2.577,27.531,20.605,43.924
2026-09-05T01:14:00,M01,13.859,2.456,27.434,20.774,44.698
2026-09-05T01:15:00,M01,13.976,2.502,27.475,20.486,45.560
2026-09-05T01:16:00,M01,13.890,2.436,27.486,20.684,44.951
2026-09-05T01:17:00,M01,13.939,2.479,27.283,20.915,45.500
2026-09-05T01:18:00,M01,13.827,2.482,27.507,21.024,46.318
2026-09-05T01:19:00,M01,13.959,2.502,27.432,20.770,44.536
2026-09-05T01:20:00,M01,13.882,2.506,27.353,20.652,43.540
2026-09-05T01:21:00,M01,13.881,2.508,27.368,20.831,44.536
2026-09-05T01:22:00,M01,13.793,2.596,27.585,20.820,44.634
2026-09-05T01:23:00,M01,13.895,2.539,27.379,20.934,43.822
2026-09-05T01:24:00,M01,13.907,2.553,27.432,20.730,46.710
2026-09-05T01:25:00,M01,13.977,2.502,27.711,20.752,46.189
2026-09-05T01:26:00,M01,13.874,2.597,27.432,20.751,45.897
2026-09-05T01:27:00,M01,13.834,2.564,27.816,20.923,44.017
2026-09-05T01:28:00,M01,14.007,2.500,27.810,20.633,46.050
2026-09-05T01:29:00,M01,14.046,2.559,27.717,20.573,45.061
2026-09-05T01:30:00,M01,14.059,2.511,27.819,20.561,44.049
2026-09-05T01:31:00,M01,14.049,2.583,27.802,20.529,45.940
2026-09-05T01:32:00,M01,13.863,2.529,27.745,20.560,45.218
2026-09-05T01:33:00,M01,13.936,2.530,27.431,20.691,47.900
2026-09-05T01:34:00,M01,13.974,2.571,27.667,20.755,43.577
2026-09-05T01:35:00,M01,13.969,2.545,27.583,20.831,44.977
2026-09-05T01:36:00,M01,13.989,2.634,27.597,20.773,44.969
2026-09-05T01:37:00,M01,13.881,2.551,27.582,20.881,45.452
2026-09-05T01:38:00,M01,14.202,2.609,27.842,20.786,45.718
2026-09-05T01:39:00,M01,14.164,2.550,27.803,20.876,43.868
2026-09-05T01:40:00,M01,14.073,2.577,27.581,20.944,43.934
2026-09-05T01:41:00,M01,13.967,2.618,27.681,20.687,44.568
2026-09-05T01:42:00,M01,14.041,2.540,27.820,20.916,44.546
2026-09-05T01:43:00,M01,13.939,2.546,27.967,20.596,44.395
2026-09-05T01:44:00,M01,13.942,2.579,27.683,20.848,44.921
2026-09-05T01:45:00,M01,14.095,2.560,27.772,20.810,44.994
2026-09-05T01:46:00,M01,14.256,2.632,27.838,20.762,43.306
2026-09-05T01:47:00,M01,14.229,2.721,27.417,21.005,45.508
2026-09-05T01:48:00,M01,14.147,2.656,27.817,20.962,44.576
2026-09-05T01:49:00,M01,14.134,2.577,27.711,20.658,45.603
2026-09-05T01:50:00,M01,14.327,2.635,27.680,21.000,45.037
2026-09-05T01:51:00,M01,14.258,2.602,27.738,20.917,47.053
2026-09-05T01:52:00,M01,14.186,2.683,27.795,20.661,44.624
2026-09-05T01:53:00,M01,14.226,2.623,27.746,20.842,45.237
2026-09-05T01:54:00,M01,14.263,2.658,28.014,20.729,46.780
2026-09-05T01:55:00,M01,14.368,2.693,27.743,21.075,45.611
2026-09-05T01:56:00,M01,14.174,2.661,27.420,20.492,45.869
2026-09-05T01:57:00,M01,14.158,2.676,27.945,20.949,43.995
2026-09-05T01:58:00,M01,14.245,2.666,27.972,20.949,46.109
2026-09-05T01:59:00,M01,14.153,2.643,27.939,20.565,44.509
2026-09-05T02:00:00,M01,14.159,2.652,27.811,20.600,45.367
2026-09-05T02:01:00,M01,14.279,2.617,27.862,20.531,45.155
2026-09-05T02:02:00,M01,14.289,2.714,27.624,20.716,45.712
2026-09-05T02:03:00,M01,14.213,2.709,27.907,20.567,46.447
2026-09-05T02:04:00,M01,14.217,2.670,27.614,20.769,45.415
2026-09-05T02:05:00,M01,14.162,2.682,27.901,20.655,43.305
2026-09-05T02:06:00,M01,14.291,2.661,27.919,20.665,44.513
2026-09-05T02:07:00,M01,14.233,2.594,27.754,20.704,44.364
2026-09-05T02:08:00,M01,14.236,2.686,28.007,20.645,44.596
2026-09-05T02:09:00,M01,14.318,2.656,28.063,20.881,45.863
2026-09-05T02:10:00,M01,14.316,2.759,27.906,21.096,45.553
2026-09-05T02:11:00,M01,14.294,2.545,28.039,20.791,44.300
2026-09-05T02:12:00,M01,14.158,2.679,27.729,20.940,46.447
2026-09-05T02:13:00,M01,14.482,2.712,27.980,20.737,45.143
2026-09-05T02:14:00,M01,14.403,2.648,27.880,20.985,45.352
2026-09-05T02:15:00,M01,14.279,2.707,28.045,20.772,45.916
2026-09-05T02:16:00,M01,14.253,2.697,28.032,20.722,45.619
2026-09-05T02:17:00,M01,14.327,2.721,27.821,21.039,46.583
2026-09-05T02:18:00,M01,14.397,2.630,27.692,20.779,48.409
2026-09-05T02:19:00,M01,14.350,2.738,27.952,20.851,46.302
2026-09-05T02:20:00,M01,14.287,2.700,27.884,20.634,44.423
2026-09-05T02:21:00,M01,14.302,2.743,27.881,20.675,44.327
2026-09-05T02:22:00,M01,14.398,2.698,27.827,20.822,43.968
2026-09-05T02:23:00,M01,14.477,2.775,27.738,20.832,46.425
2026-09-05T02:24:00,M01,14.358,2.737,27.899,20.663,46.120
2026-09-05T02:25:00,M01,14.452,2.773,28.096,20.834,45.234
2026-09-05T02:26:00,M01,14.282,2.725,27.948,20.372,45.870
2026-09-05T02:27:00,M01,14.458,2.730,28.092,20.915,44.599
2026-09-05T02:28:00,M01,14.547,2.804,28.066,20.950,44.842
2026-09-05T02:29:00,M01,14.497,2.738,27.685,20.509,46.257
2026-09-05T02:30:00,M01,14.368,2.782,28.142,20.720,44.734
2026-09-05T02:31:00,M01,14.349,2.728,28.031,20.611,43.288
2026-09-05T02:32:00,M01,14.509,2.750,28.098,20.792,46.135
2026-09-05T02:33:00,M01,14.453,2.722,28.012,20.836,44.351
2026-09-05T02:34:00,M01,14.558,2.767,27.842,20.867,43.636
2026-09-05T02:35:00,M01,14.502,2.782,28.013,20.790,45.559
2026-09-05T02:36:00,M01,14.464,2.786,28.037,20.799,46.658
2026-09-05T02:37:00,M01,14.565,2.827,28.316,20.871,44.972
2026-09-05T02:38:00,M01,14.393,2.782,28.183,20.806,44.449
2026-09-05T02:39:00,M01,14.551,2.784,28.237,20.930,46.595
2026-09-05T02:40:00,M01,14.624,2.722,27.947,20.808,44.213
2026-09-05T02:41:00,M01,14.527,2.818,27.795,21.191,44.041
2026-09-05T02:42:00,M01,14.638,2.802,28.192,20.618,46.678
2026-09-05T02:43:00,M01,14.634,2.798,28.080,21.380,43.271
2026-09-05T02:44:00,M01,14.744,2.788,27.980,20.906,42.913
2026-09-05T02:45:00,M01,14.547,2.794,27.910,20.614,43.089
2026-09-05T02:46:00,M01,14.572,2.759,28.315,20.514,45.254
2026-09-05T02:47:00,M01,14.551,2.813,28.039,21.017,45.892
2026-09-05T02:48:00,M01,14.517,2.767,28.227,20.796,47.626
2026-09-05T02:49:00,M01,14.480,2.804,27.952,20.838,45.792
2026-09-05T02:50:00,M01,14.669,2.765,28.098,20.884,44.374
2026-09-05T02:51:00,M01,14.610,2.763,28.113,20.688,44.810
2026-09-05T02:52:00,M01,14.625,2.771,28.226,20.739,45.638
2026-09-05T02:53:00,M01,14.680,2.766,28.040,20.705,43.983
2026-09-05T02:54:00,M01,14.558,2.814,28.058,21.186,44.751
2026-09-05T02:55:00,M01,14.631,2.730,28.156,20.455,45.358
2026-09-05T02:56:00,M01,14.664,2.788,28.366,20.703,45.032
2026-09-05T02:57:00,M01,14.649,2.805,28.311,20.649,44.474
2026-09-05T02:58:00,M01,14.554,2.813,27.991,20.647,42.088
2026-09-05T02:59:00,M01,14.753,2.833,28.322,20.968,43.636
2026-09-05T03:00:00,M01,14.730,2.946,28.159,20.588,45.588
2026-09-05T03:01:00,M01,14.751,2.836,28.062,20.719,47.870
2026-09-05T03:02:00,M01,14.719,2.840,28.009,20.832,45.046
2026-09-05T03:03:00,M01,14.803,2.850,28.018,20.905,45.653
2026-09-05T03:04:00,M01,14.654,2.872,27.907,20.778,45.672
2026-09-05T03:05:00,M01,14.830,2.890,28.240,20.576,45.838
2026-09-05T03:06:00,M01,14.750,2.821,28.187,20.705,45.694
2026-09-05T03:07:00,M01,14.709,2.819,28.227,21.094,45.661
2026-09-05T03:08:00,M01,14.844,2.857,28.312,20.961,44.065
2026-09-05T03:09:00,M01,14.658,2.899,28.080,20.975,43.726
2026-09-05T03:10:00,M01,14.752,2.911,28.082,20.756,45.376
2026-09-05T03:11:00,M01,14.868,2.886,28.313,20.770,43.489
2026-09-05T03:12:00,M01,14.816,2.921,28.193,20.557,44.475
2026-09-05T03:13:00,M01,14.721,2.841,28.418,20.913,45.989
2026-09-05T03:14:00,M01,14.787,2.863,28.461,20.818,46.041
2026-09-05T03:15:00,M01,14.782,2.809,28.203,20.465,44.430
2026-09-05T03:16:00,M01,14.834,2.844,28.252,20.952,44.643
2026-09-05T03:17:00,M01,14.933,2.914,28.211,21.025,44.206
2026-09-05T03:18:00,M01,14.830,2.908,28.209,20.853,43.002
2026-09-05T03:19:00,M01,14.732,2.887,28.274,20.743,43.553
2026-09-05T03:20:00,M01,14.841,2.952,28.329,20.989,44.851
2026-09-05T03:21:00,M01,14.793,2.850,28.162,20.965,45.522
2026-09-05T03:22:00,M01,14.988,2.842,28.216,20.816,45.298
2026-09-05T03:23:00,M01,14.884,2.915,28.133,20.838,44.866
2026-09-05T03:24:00,M01,14.764,2.961,28.637,20.630,47.098
2026-09-05T03:25:00,M01,14.918,2.884,28.283,20.602,45.849
2026-09-05T03:26:00,M01,14.967,2.875,28.337,20.912,44.790
2026-09-05T03:27:00,M01,14.896,2.948,28.405,20.553,44.910
2026-09-05T03:28:00,M01,14.858,2.846,28.178,20.953,44.583
2026-09-05T03:29:00,M01,14.904,2.933,28.232,20.572,44.600
2026-09-05T03:30:00,M01,14.956,2.932,28.318,21.074,45.405
2026-09-05T03:31:00,M01,14.838,2.845,28.139,20.889,45.345
2026-09-05T03:32:00,M01,14.871,2.973,28.242,20.877,44.806
2026-09-05T03:33:00,M01,14.817,2.899,28.144,20.846,44.961
2026-09-05T03:34:00,M01,14.676,2.953,28.024,20.997,43.669
2026-09-05T03:35:00,M01,14.813,2.924,28.033,20.487,43.430
2026-09-05T03:36:00,M01,14.891,3.004,28.179,21.007,44.117
2026-09-05T03:37:00,M01,15.001,2.927,28.314,20.908,46.296
2026-09-05T03:38:00,M01,15.028,2.972,28.147,20.814,43.349
2026-09-05T03:39:00,M01,15.147,2.968,28.355,20.671,43.569
2026-09-05T03:40:00,M01,15.046,3.008,28.073,20.551,45.967
2026-09-05T03:41:00,M01,14.942,3.000,28.438,20.606,45.270
2026-09-05T03:42:00,M01,15.055,3.026,28.146,20.695,46.397
2026-09-05T03:43:00,M01,14.912,2.956,28.043,20.926,45.388
2026-09-05T03:44:00,M01,15.086,2.961,27.902,20.615,44.450
2026-09-05T03:45:00,M01,15.111,2.953,28.095,20.721,43.737
2026-09-05T03:46:00,M01,15.082,3.079,28.337,20.396,46.955
2026-09-05T03:47:00,M01,15.115,2.949,28.412,20.784,45.229
2026-09-05T03:48:00,M01,14.870,2.954,28.357,20.331,45.031
2026-09-05T03:49:00,M01,14.953,2.955,28.397,20.659,43.786
2026-09-05T03:50:00,M01,14.936,2.946,28.402,20.698,43.877
2026-09-05T03:51:00,M01,14.984,3.006,28.417,20.610,45.285
2026-09-05T03:52:00,M01,15.009,3.090,28.327,21.011,43.806
2026-09-05T03:53:00,M01,15.040,2.944,28.382,20.888,44.220
2026-09-05T03:54:00,M01,15.096,3.049,28.419,20.761,44.144
2026-09-05T03:55:00,M01,15.119,3.069,28.411,20.617,45.950
2026-09-05T03:56:00,M01,15.138,3.004,28.257,21.068,45.529
2026-09-05T03:57:00,M01,15.197,3.044,28.304,20.598,45.936
2026-09-05T03:58:00,M01,15.023,3.114,28.322,21.118,45.286
2026-09-05T03:59:00,M01,15.028,3.073,28.167,20.649,45.781
2026-09-05T04:00:00,M01,15.068,3.090,28.274,20.980,46.151
2026-09-05T04:01:00,M01,15.165,2.903,28.408,20.348,44.788
2026-09-05T04:02:00,M01,15.150,3.014,28.365,20.886,45.034
2026-09-05T04:03:00,M01,15.102,3.013,28.231,20.705,43.522
2026-09-05T04:04:00,M01,15.280,3.080,28.409,20.643,45.085
2026-09-05T04:05:00,M01,15.261,3.095,28.450,20.902,43.906
2026-09-05T04:06:00,M01,15.162,3.042,28.555,20.737,45.233
2026-09-05T04:07:00,M01,15.178,3.067,28.473,20.810,44.503
2026-09-05T04:08:00,M01,15.165,3.031,28.268,20.660,44.472
2026-09-05T04:09:00,M01,15.098,3.026,28.690,21.119,44.115
2026-09-05T04:10:00,M01,15.391,2.957,28.489,20.833,43.959
2026-09-05T04:11:00,M01,15.225,3.099,28.726,20.594,45.603
2026-09-05T04:12:00,M01,15.364,2.971,28.427,20.873,43.319
2026-09-05T04:13:00,M01,15.161,3.008,28.710,20.560,45.025
2026-09-05T04:14:00,M01,15.169,3.039,28.937,20.866,46.232
2026-09-05T04:15:00,M01,15.286,3.054,28.472,20.708,46.846
2026-09-05T04:16:00,M01,15.237,3.090,28.465,20.840,44.251
2026-09-05T04:17:00,M01,15.225,3.121,28.507,20.495,45.204
2026-09-05T04:18:00,M01,15.136,3.140,28.745,20.599,44.036
2026-09-05T04:19:00,M01,15.229,3.061,28.375,20.688,45.518
2026-09-05T04:20:00,M01,15.273,3.070,28.476,20.490,44.210
2026-09-05T04:21:00,M01,15.317,3.120,28.610,20.848,44.018
2026-09-05T04:22:00,M01,15.313,3.052,28.264,20.829,43.846
2026-09-05T04:23:00,M01,15.433,3.052,28.477,20.756,43.438
2026-09-05T04:24:00,M01,15.257,3.044,28.593,20.671,45.645
2026-09-05T04:25:00,M01,15.195,3.076,28.677,20.714,45.074
2026-09-05T04:26:00,M01,15.300,3.101,28.564,20.942,44.123
2026-09-05T04:27:00,M01,15.303,3.024,28.490,20.677,44.893
2026-09-05T04:28:00,M01,15.438,3.096,28.559,20.487,47.441
2026-09-05T04:29:00,M01,15.477,3.167,28.591,20.578,42.936
2026-09-05T04:30:00,M01,15.314,3.108,28.346,20.941,44.881
2026-09-05T04:31:00,M01,15.570,3.077,28.342,20.853,44.196
2026-09-05T04:32:00,M01,15.256,3.168,28.360,20.814,44.674
2026-09-05T04:33:00,M01,15.421,3.124,28.473,20.690,42.673
2026-09-05T04:34:00,M01,15.374,3.090,28.410,20.947,44.567
2026-09-05T04:35:00,M01,15.251,3.147,28.461,20.717,46.149
2026-09-05T04:36:00,M01,15.534,3.113,28.513,20.859,44.028
2026-09-05T04:37:00,M01,15.416,3.131,28.526,20.774,43.704
2026-09-05T04:38:00,M01,15.464,3.112,28.589,20.635,45.073
2026-09-05T04:39:00,M01,15.372,3.094,28.654,20.860,47.332
2026-09-05T04:40:00,M01,15.416,3.119,28.653,20.827,43.846
2026-09-05T04:41:00,M01,15.326,3.125,28.517,20.948,45.075
2026-09-05T04:42:00,M01,15.381,3.093,28.290,21.012,43.681
2026-09-05T04:43:00,M01,15.473,3.135,28.636,20.899,45.176
2026-09-05T04:44:00,M01,15.608,3.081,28.424,20.617,44.979
2026-09-05T04:45:00,M01,15.629,3.064,28.834,20.650,46.691
2026-09-05T04:46:00,M01,15.420,3.098,28.453,20.781,45.228
2026-09-05T04:47:00,M01,15.664,3.183,28.642,20.947,44.497
2026-09-05T04:48:00,M01,15.550,3.086,28.397,20.546,45.495
2026-09-05T04:49:00,M01,15.668,3.211,28.558,20.534,45.741
2026-09-05T04:50:00,M01,15.493,3.137,28.522,20.839,45.197
2026-09-05T04:51:00,M01,15.369,3.259,28.772,21.064,44.445
2026-09-05T04:52:00,M01,15.690,3.133,28.861,20.895,42.723
2026-09-05T04:53:00,M01,15.343,3.135,28.562,20.910,44.467
2026-09-05T04:54:00,M01,15.667,3.152,28.541,21.211,47.631
2026-09-05T04:55:00,M01,15.757,3.180,28.491,20.473,45.683
2026-09-05T04:56:00,M01,15.478,3.169,28.460,21.041,45.738
2026-09-05T04:57:00,M01,15.628,3.192,28.597,21.161,44.124
2026-09-05T04:58:00,M01,15.547,3.209,28.613,20.985,43.402
2026-09-05T04:59:00,M01,15.488,3.217,28.590,20.771,46.308
2026-09-05T05:00:00,M01,15.705,3.178,28.533,20.430,45.146
2026-09-05T05:01:00,M01,15.528,3.261,28.651,21.227,45.187
2026-09-05T05:02:00,M01,15.523,3.248,28.561,20.821,43.952
2026-09-05T05:03:00,M01,15.617,3.182,28.509,20.784,44.857
2026-09-05T05:04:00,M01,15.641,3.271,28.478,20.709,45.628
2026-09-05T05:05:00,M01,15.636,3.257,28.674,20.730,43.282
2026-09-05T05:06:00,M01,15.573,3.170,28.263,21.193,44.145
2026-09-05T05:07:00,M01,15.554,3.211,28.640,20.620,46.009
2026-09-05T05:08:00,M01,15.682,3.161,28.688,20.716,45.629
2026-09-05T05:09:00,M01,15.576,3.289,28.827,20.984,45.578
2026-09-05T05:10:00,M01,15.817,3.228,28.539,20.716,44.402
2026-09-05T05:11:00,M01,15.777,3.236,28.439,20.577,46.457
2026-09-05T05:12:00,M01,15.682,3.213,28.734,20.872,43.674
2026-09-05T05:13:00,M01,15.757,3.278,28.508,20.707,45.051
2026-09-05T05:14:00,M01,15.645,3.225,28.821,20.640,43.725
2026-09-05T05:15:00,M01,15.747,3.211,28.789,21.035,44.770
2026-09-05T05:16:00,M01,15.901,3.238,28.617,20.713,46.866
2026-09-05T05:17:00,M01,15.722,3.212,28.619,21.115,43.199
2026-09-05T05:18:00,M01,15.701,3.241,28.541,20.731,45.288
2026-09-05T05:19:00,M01,15.644,3.305,28.401,20.710,46.677
2026-09-05T05:20:00,M01,15.763,3.244,28.596,21.120,45.579
2026-09-05T05:21:00,M01,15.845,3.310,28.679,20.984,46.160
2026-09-05T05:22:00,M01,15.741,3.263,28.686,21.098,45.039
2026-09-05T05:23:00,M01,15.767,3.257,28.692,21.161,46.084
2026-09-05T05:24:00,M01,15.973,3.288,28.732,20.987,43.513
2026-09-05T05:25:00,M01,15.725,3.241,28.817,20.735,45.689
2026-09-05T05:26:00,M01,15.783,3.286,28.911,20.635,43.894
2026-09-05T05:27:00,M01,15.853,3.369,28.529,20.600,43.531
2026-09-05T05:28:00,M01,15.916,3.232,28.618,20.897,44.945
2026-09-05T05:29:00,M01,15.793,3.278,28.749,20.868,45.737
2026-09-05T05:30:00,M01,15.794,3.325,28.841,20.708,45.427
2026-09-05T05:31:00,M01,15.730,3.222,28.845,20.805,44.069
2026-09-05T05:32:00,M01,15.751,3.314,28.550,20.712,42.114
2026-09-05T05:33:00,M01,15.727,3.309,28.704,20.733,45.273
2026-09-05T05:34:00,M01,15.883,3.319,28.615,20.852,46.085
2026-09-05T05:35:00,M01,15.884,3.358,28.691,20.529,45.737
2026-09-05T05:36:00,M01,15.925,3.260,29.209,20.727,44.536
2026-09-05T05:37:00,M01,15.952,3.367,28.933,20.636,44.691
2026-09-05T05:38:00,M01,15.858,3.369,28.803,21.120,46.034
2026-09-05T05:39:00,M01,15.870,3.350,28.928,20.733,47.118
2026-09-05T05:40:00,M01,15.788,3.237,28.682,20.491,44.157
2026-09-05T05:41:00,M01,15.919,3.332,28.883,20.702,45.367
2026-09-05T05:42:00,M01,15.940,3.348,28.806,20.764,44.298
2026-09-05T05:43:00,M01,15.935,3.330,28.584,20.821,45.430
2026-09-05T05:44:00,M01,15.884,3.381,28.698,21.010,44.859
2026-09-05T05:45:00,M01,16.036,3.304,29.066,21.069,44.313
2026-09-05T05:46:00,M01,15.885,3.323,28.959,21.061,43.990
2026-09-05T05:47:00,M01,15.954,3.326,28.626,20.715,44.049
2026-09-05T05:48:00,M01,16.013,3.339,28.735,20.972,47.050
2026-09-05T05:49:00,M01,15.931,3.378,28.817,20.840,45.192
2026-09-05T05:50:00,M01,16.089,3.340,28.702,20.976,45.837
2026-09-05T05:51:00,M01,15.773,3.345,28.948,21.010,44.294
2026-09-05T05:52:00,M01,15.922,3.351,28.710,20.568,45.215
2026-09-05T05:53:00,M01,15.859,3.379,29.040,20.660,44.638
2026-09-05T05:54:00,M01,16.010,3.331,28.737,20.576,46.085
2026-09-05T05:55:00,M01,15.920,3.333,28.718,20.945,44.489
2026-09-05T05:56:00,M01,16.011,3.343,28.905,21.056,44.637
2026-09-05T05:57:00,M01,16.046,3.412,28.787,20.444,44.476
2026-09-05T05:58:00,M01,16.065,3.436,28.935,21.155,43.285
2026-09-05T05:59:00,M01,16.012,3.382,28.856,20.550,44.284
2026-09-05T06:00:00,M01,16.059,3.456,29.013,20.572,44.216
2026-09-05T06:01:00,M01,16.072,3.372,28.833,20.592,44.455
2026-09-05T06:02:00,M01,16.134,3.348,28.751,20.856,44.444
2026-09-05T06:03:00,M01,15.948,3.400,28.921,20.822,44.500
2026-09-05T06:04:00,M01,16.016,3.412,28.805,21.094,44.746
2026-09-05T06:05:00,M01,16.160,3.370,28.723,20.736,43.772
2026-09-05T06:06:00,M01,16.197,3.429,28.863,20.658,46.209
2026-09-05T06:07:00,M01,15.958,3.472,28.886,20.701,44.812
2026-09-05T06:08:00,M01,16.166,3.377,29.098,20.863,44.167
2026-09-05T06:09:00,M01,16.117,3.404,29.007,20.657,45.151
2026-09-05T06:10:00,M01,16.088,3.511,29.033,20.663,44.346
2026-09-05T06:11:00,M01,16.009,3.525,29.141,20.879,46.375
2026-09-05T06:12:00,M01,16.124,3.388,29.009,20.771,45.740
2026-09-05T06:13:00,M01,16.115,3.432,28.643,21.255,43.383
2026-09-05T06:14:00,M01,16.233,3.550,28.822,20.836,46.475
2026-09-05T06:15:00,M01,16.089,3.502,29.073,20.789,44.146
2026-09-05T06:16:00,M01,16.220,3.436,28.972,20.777,45.954
2026-09-05T06:17:00,M01,16.075,3.412,29.046,20.869,46.009
2026-09-05T06:18:00,M01,16.109,3.421,28.750,20.948,46.184
2026-09-05T06:19:00,M01,16.072,3.437,28.963,20.634,43.665
2026-09-05T06:20:00,M01,16.189,3.412,28.709,20.888,42.397
2026-09-05T06:21:00,M01,16.304,3.437,28.878,20.606,44.270
2026-09-05T06:22:00,M01,16.044,3.411,28.632,20.745,46.320
2026-09-05T06:23:00,M01,16.230,3.540,29.067,20.870,44.391
2026-09-05T06:24:00,M01,16.105,3.466,29.141,20.951,44.342
2026-09-05T06:25:00,M01,16.213,3.456,29.238,20.758,44.167
2026-09-05T06:26:00,M01,16.342,3.478,28.830,20.772,45.184
2026-09-05T06:27:00,M01,16.249,3.497,28.693,20.604,43.891
2026-09-05T06:28:00,M01,16.298,3.433,28.762,20.914,45.762
2026-09-05T06:29:00,M01,16.172,3.426,28.948,20.478,44.700
2026-09-05T06:30:00,M01,16.277,3.362,28.913,20.862,44.316
2026-09-05T06:31:00,M01,16.410,3.469,28.968,20.748,43.953
2026-09-05T06:32:00,M01,16.248,3.494,29.185,20.475,44.855
2026-09-05T06:33:00,M01,16.193,3.479,29.212,20.873,44.510
2026-09-05T06:34:00,M01,16.474,3.522,28.780,20.572,44.808
2026-09-05T06:35:00,M01,16.404,3.520,28.899,20.785,44.686
2026-09-05T06:36:00,M01,16.431,3.431,28.998,20.568,44.441
2026-09-05T06:37:00,M01,16.299,3.404,29.057,20.804,45.880
2026-09-05T06:38:00,M01,16.184,3.537,29.077,20.692,44.580
2026-09-05T06:39:00,M01,16.287,3.525,29.025,20.730,44.344
2026-09-05T06:40:00,M01,16.293,3.495,28.722,20.675,44.226
2026-09-05T06:41:00,M01,16.383,3.468,28.962,20.822,44.997
2026-09-05T06:42:00,M01,16.311,3.520,29.145,20.973,44.678
2026-09-05T06:43:00,M01,16.278,3.397,28.926,21.016,46.171
2026-09-05T06:44:00,M01,16.419,3.580,29.148,20.922,46.118
2026-09-05T06:45:00,M01,16.289,3.527,29.226,20.767,44.826
2026-09-05T06:46:00,M01,16.213,3.569,29.170,20.955,47.417
2026-09-05T06:47:00,M01,16.350,3.476,29.012,20.794,44.772
2026-09-05T06:48:00,M01,16.516,3.519,29.240,20.900,43.335
2026-09-05T06:49:00,M01,16.659,3.492,29.134,20.635,43.684
2026-09-05T06:50:00,M01,16.359,3.589,29.147,20.740,45.315
2026-09-05T06:51:00,M01,16.591,3.552,28.879,20.519,45.524
2026-09-05T06:52:00,M01,16.365,3.503,29.087,20.504,44.837
2026-09-05T06:53:00,M01,16.231,3.547,29.101,20.747,45.630
2026-09-05T06:54:00,M01,16.314,3.601,28.868,20.540,44.527
2026-09-05T06:55:00,M01,16.464,3.513,29.042,20.726,46.112
2026-09-05T06:56:00,M01,16.321,3.593,28.887,20.873,44.072
2026-09-05T06:57:00,M01,16.512,3.583,29.455,20.675,43.743
2026-09-05T06:58:00,M01,16.619,3.644,29.272,20.677,47.033
2026-09-05T06:59:00,M01,16.502,3.631,29.138,21.062,44.916
2026-09-05T07:00:00,M01,16.495,3.637,29.037,21.120,46.957
2026-09-05T07:01:00,M01,16.467,3.566,28.755,20.609,45.952
2026-09-05T07:02:00,M01,16.512,3.553,29.034,20.529,46.502
2026-09-05T07:03:00,M01,16.452,3.615,28.945,21.081,46.304
2026-09-05T07:04:00,M01,16.563,3.638,29.096,20.889,45.467
2026-09-05T07:05:00,M01,16.696,3.563,29.018,20.933,45.819
2026-09-05T07:06:00,M01,16.449,3.465,28.994,21.099,44.386
2026-09-05T07:07:00,M01,16.580,3.510,29.395,20.674,44.602
2026-09-05T07:08:00,M01,16.628,3.614,29.382,20.798,44.550
2026-09-05T07:09:00,M01,16.584,3.593,29.228,20.876,44.820
2026-09-05T07:10:00,M01,16.455,3.580,29.342,20.748,45.971
2026-09-05T07:11:00,M01,16.644,3.552,29.003,21.140,45.064
2026-09-05T07:12:00,M01,16.658,3.596,29.324,20.932,45.474
2026-09-05T07:13:00,M01,16.563,3.520,29.223,20.717,45.841
2026-09-05T07:14:00,M01,16.561,3.640,29.215,20.953,44.142
2026-09-05T07:15:00,M01,16.542,3.575,29.124,20.980,43.993
2026-09-05T07:16:00,M01,16.624,3.626,29.158,20.839,43.587
2026-09-05T07:17:00,M01,16.616,3.570,29.186,20.879,45.647
2026-09-05T07:18:00,M01,16.591,3.570,29.236,20.616,45.229
2026-09-05T07:19:00,M01,16.714,3.599,29.371,20.883,44.530
2026-09-05T07:20:00,M01,16.645,3.613,29.037,20.692,45.147
2026-09-05T07:21:00,M01,16.692,3.653,29.302,20.510,44.914
2026-09-05T07:22:00,M01,16.723,3.693,29.115,21.099,44.775
2026-09-05T07:23:00,M01,16.772,3.627,29.088,20.992,44.741
2026-09-05T07:24:00,M01,16.607,3.577,29.439,20.419,43.077
2026-09-05T07:25:00,M01,16.745,3.605,29.115,20.854,43.801
2026-09-05T07:26:00,M01,16.613,3.706,29.203,21.084,45.845
2026-09-05T07:27:00,M01,16.685,3.727,29.245,20.919,44.078
2026-09-05T07:28:00,M01,16.855,3.558,29.314,20.783,46.463
2026-09-05T07:29:00,M01,16.688,3.663,29.136,20.902,45.650
2026-09-05T07:30:00,M01,16.705,3.583,29.092,20.602,45.427
2026-09-05T07:31:00,M01,16.845,3.630,29.354,20.555,43.307
2026-09-05T07:32:00,M01,16.815,3.705,29.276,20.413,44.860
2026-09-05T07:33:00,M01,16.780,3.566,29.211,20.682,44.346
2026-09-05T07:34:00,M01,16.659,3.621,29.444,20.579,44.304
2026-09-05T07:35:00,M01,16.692,3.600,29.406,20.612,43.233
2026-09-05T07:36:00,M01,16.822,3.703,29.110,20.712,42.825
2026-09-05T07:37:00,M01,16.605,3.664,29.172,20.833,45.857
2026-09-05T07:38:00,M01,16.506,3.720,29.138,21.086,45.418
2026-09-05T07:39:00,M01,16.957,3.652,29.222,20.856,43.888
2026-09-05T07:40:00,M01,16.783,3.597,29.473,20.819,45.617
2026-09-05T07:41:00,M01,16.761,3.786,29.340,20.763,45.483
2026-09-05T07:42:00,M01,17.055,3.677,29.119,20.692,46.809
2026-09-05T07:43:00,M01,16.855,3.682,29.130,21.140,44.994
2026-09-05T07:44:00,M01,16.926,3.716,29.360,21.041,44.267
2026-09-05T07:45:00,M01,16.928,3.715,29.390,20.748,43.052
2026-09-05T07:46:00,M01,16.812,3.739,29.077,20.912,46.523
2026-09-05T07:47:00,M01,16.837,3.759,29.318,20.875,43.173
2026-09-05T07:48:00,M01,16.915,3.722,29.138,20.864,43.528
2026-09-05T07:49:00,M01,16.713,3.740,29.411,21.242,43.384
2026-09-05T07:50:00,M01,16.983,3.724,29.379,20.841,46.493
2026-09-05T07:51:00,M01,16.726,3.678,29.376,20.705,46.421
2026-09-05T07:52:00,M01,16.783,3.698,29.233,20.980,43.843
2026-09-05T07:53:00,M01,16.793,3.754,29.338,21.055,44.810
2026-09-05T07:54:00,M01,17.024,3.718,29.300,21.089,45.046
2026-09-05T07:55:00,M01,16.994,3.726,29.193,20.583,44.729
2026-09-05T07:56:00,M01,17.005,3.728,29.242,20.751,45.609
2026-09-05T07:57:00,M01,16.875,3.724,29.412,20.590,47.684
2026-09-05T07:58:00,M01,16.774,3.790,29.605,21.021,43.725
2026-09-05T07:59:00,M01,16.876,3.799,29.370,20.706,43.931
2026-09-05T08:00:00,M01,16.491,3.514,26.419,19.926,47.057
2026-09-05T08:01:00,M01,16.277,3.541,26.492,19.973,44.441
2026-09-05T08:02:00,M01,16.339,3.633,26.793,20.203,46.334
2026-09-05T08:03:00,M01,16.470,3.476,26.744,20.254,44.314
2026-09-05T08:04:00,M01,16.354,3.525,26.690,20.102,45.360
2026-09-05T08:05:00,M01,16.443,3.658,26.852,20.157,43.922
2026-09-05T08:06:00,M01,16.440,3.624,27.121,20.441,43.740
2026-09-05T08:07:00,M01,16.566,3.613,27.104,19.949,44.915
2026-09-05T08:08:00,M01,16.533,3.581,27.393,20.148,46.146
2026-09-05T08:09:00,M01,16.642,3.619,27.093,20.232,45.190
2026-09-05T08:10:00,M01,16.684,3.590,27.412,20.106,44.902
2026-09-05T08:11:00,M01,16.681,3.706,27.121,20.149,43.037
2026-09-05T08:12:00,M01,16.814,3.581,27.546,20.103,44.402
2026-09-05T08:13:00,M01,16.627,3.664,27.585,20.414,44.855
2026-09-05T08:14:00,M01,16.694,3.645,27.492,19.987,45.181
2026-09-05T08:15:00,M01,16.685,3.677,27.479,20.020,46.708
2026-09-05T08:16:00,M01,16.760,3.642,27.782,20.424,41.783
2026-09-05T08:17:00,M01,16.715,3.669,27.942,20.226,44.980
2026-09-05T08:18:00,M01,16.801,3.677,27.466,20.374,42.017
2026-09-05T08:19:00,M01,16.689,3.661,27.903,20.408,44.924
2026-09-05T08:20:00,M01,16.740,3.727,27.863,20.424,46.411
2026-09-05T08:21:00,M01,16.795,3.674,27.874,20.164,46.140
2026-09-05T08:22:00,M01,16.767,3.656,27.959,20.211,44.681
2026-09-05T08:23:00,M01,16.792,3.637,27.995,20.150,44.925
2026-09-05T08:24:00,M01,16.870,3.755,28.003,20.354,45.411
2026-09-05T08:25:00,M01,16.912,3.710,28.189,20.512,44.467
2026-09-05T08:26:00,M01,16.935,3.677,28.160,20.556,45.033
2026-09-05T08:27:00,M01,16.909,3.737,28.169,20.746,46.953
2026-09-05T08:28:00,M01,17.055,3.729,28.344,20.532,44.927
2026-09-05T08:29:00,M01,16.976,3.732,28.529,20.634,44.105
2026-09-05T08:30:00,M01,16.763,3.710,28.452,20.511,43.363
2026-09-05T08:31:00,M01,16.910,3.729,28.437,20.677,44.812
2026-09-05T08:32:00,M01,17.045,3.792,28.307,20.417,44.827
2026-09-05T08:33:00,M01,17.063,3.789,28.642,20.622,46.042
2026-09-05T08:34:00,M01,16.983,3.776,28.511,20.782,44.128
2026-09-05T08:35:00,M01,17.141,3.798,28.767,20.558,43.910
2026-09-05T08:36:00,M01,16.994,3.806,28.783,20.560,46.385
2026-09-05T08:37:00,M01,17.085,3.826,28.494,20.701,45.105
2026-09-05T08:38:00,M01,17.153,3.807,28.488,20.331,44.028
2026-09-05T08:39:00,M01,17.144,3.794,28.768,20.810,45.023
2026-09-05T08:40:00,M01,16.890,3.795,28.540,20.284,45.515
2026-09-05T08:41:00,M01,17.013,3.807,28.917,20.562,44.917
2026-09-05T08:42:00,M01,17.021,3.874,28.987,20.519,45.290
2026-09-05T08:43:00,M01,17.222,3.868,28.787,20.455,46.065
2026-09-05T08:44:00,M01,17.122,3.770,28.693,20.622,44.227
2026-09-05T08:45:00,M01,17.184,3.845,29.038,20.831,43.958
2026-09-05T08:46:00,M01,17.049,3.868,29.026,20.809,45.056
2026-09-05T08:47:00,M01,17.211,3.868,28.877,20.848,45.313
2026-09-05T08:48:00,M01,17.140,3.781,29.215,20.616,44.600
2026-09-05T08:49:00,M01,17.149,3.829,28.914,20.674,45.326
2026-09-05T08:50:00,M01,17.275,3.832,28.909,20.617,43.746
2026-09-05T08:51:00,M01,17.189,3.871,28.976,20.881,45.622
2026-09-05T08:52:00,M01,17.212,3.848,28.927,20.782,43.782
2026-09-05T08:53:00,M01,17.220,3.879,29.135,20.725,46.155
2026-09-05T08:54:00,M01,17.322,3.844,29.000,20.781,45.012
2026-09-05T08:55:00,M01,17.089,3.861,29.302,20.990,44.460
2026-09-05T08:56:00,M01,17.225,3.845,29.245,20.939,43.657
2026-09-05T08:57:00,M01,17.366,3.935,29.108,20.530,44.868
2026-09-05T08:58:00,M01,17.377,3.894,29.169,20.219,43.847
2026-09-05T08:59:00,M01,17.257,3.856,29.288,20.507,45.932
2026-09-05T09:00:00,M01,17.374,3.811,29.216,20.714,43.652
2026-09-05T09:01:00,M01,17.243,3.910,29.017,20.537,44.581
2026-09-05T09:02:00,M01,17.212,3.963,29.181,20.492,45.518
2026-09-05T09:03:00,M01,17.312,3.888,29.209,20.940,43.414
2026-09-05T09:04:00,M01,17.306,3.854,29.119,21.210,44.884
2026-09-05T09:05:00,M01,17.381,3.845,29.306,20.633,46.033
2026-09-05T09:06:00,M01,17.397,3.847,29.214,20.903,44.879
2026-09-05T09:07:00,M01,17.434,3.881,29.452,20.667,44.706
2026-09-05T09:08:00,M01,17.238,3.897,29.448,20.588,45.157
2026-09-05T09:09:00,M01,17.448,3.926,29.271,20.984,45.865
2026-09-05T09:10:00,M01,17.398,3.911,29.435,21.043,46.296
2026-09-05T09:11:00,M01,17.324,4.000,29.247,20.786,44.079
2026-09-05T09:12:00,M01,17.516,3.862,29.266,20.557,45.174
2026-09-05T09:13:00,M01,17.353,3.912,29.375,20.619,44.385
2026-09-05T09:14:00,M01,17.306,3.886,29.617,20.716,46.848
2026-09-05T09:15:00,M01,17.463,3.885,29.429,20.802,46.299
2026-09-05T09:16:00,M01,17.414,3.974,29.436,20.622,46.633
2026-09-05T09:17:00,M01,17.583,3.930,29.442,20.719,45.231
2026-09-05T09:18:00,M01,17.550,3.922,29.420,20.976,46.850
2026-09-05T09:19:00,M01,17.283,3.984,29.242,20.618,45.606
2026-09-05T09:20:00,M01,17.468,3.942,29.262,21.054,44.547
2026-09-05T09:21:00,M01,17.511,3.982,29.412,20.630,46.608
2026-09-05T09:22:00,M01,17.704,3.975,29.431,20.828,43.799
2026-09-05T09:23:00,M01,17.718,4.030,29.632,21.068,43.649
2026-09-05T09:24:00,M01,17.560,4.003,29.473,20.720,44.874
2026-09-05T09:25:00,M01,17.291,4.046,29.695,20.871,45.329
2026-09-05T09:26:00,M01,17.662,3.979,29.415,20.681,45.220
2026-09-05T09:27:00,M01,17.566,3.997,29.773,20.875,44.920
2026-09-05T09:28:00,M01,17.504,4.047,29.566,20.478,44.553
2026-09-05T09:29:00,M01,17.670,3.964,29.674,20.975,46.450
2026-09-05T09:30:00,M01,17.617,3.991,29.623,20.679,44.583
2026-09-05T09:31:00,M01,17.446,4.084,29.614,20.681,45.204
2026-09-05T09:32:00,M01,17.746,4.022,29.874,20.626,44.526
2026-09-05T09:33:00,M01,17.527,4.035,29.662,20.976,44.245
2026-09-05T09:34:00,M01,17.678,3.999,29.661,20.522,45.459
2026-09-05T09:35:00,M01,17.705,4.094,29.627,20.973,43.449
2026-09-05T09:36:00,M01,17.725,4.062,29.734,20.730,42.769
2026-09-05T09:37:00,M01,17.762,4.023,29.646,20.644,44.816
2026-09-05T09:38:00,M01,17.553,4.035,29.431,20.445,45.611
2026-09-05T09:39:00,M01,17.673,4.010,29.453,20.395,46.019
2026-09-05T09:40:00,M01,17.746,3.989,29.783,20.959,45.809
2026-09-05T09:41:00,M01,17.680,4.101,29.494,20.649,44.960
2026-09-05T09:42:00,M01,17.802,3.949,29.517,20.598,45.281
2026-09-05T09:43:00,M01,17.595,4.001,29.620,20.692,44.981
2026-09-05T09:44:00,M01,17.817,4.063,29.764,20.927,45.939
2026-09-05T09:45:00,M01,17.905,3.988,29.669,21.058,43.599
2026-09-05T09:46:00,M01,17.556,4.079,29.867,20.835,44.920
2026-09-05T09:47:00,M01,17.852,4.032,29.897,20.836,42.695
2026-09-05T09:48:00,M01,17.813,4.118,29.452,20.769,45.127
2026-09-05T09:49:00,M01,17.777,4.109,29.665,20.570,44.369
2026-09-05T09:50:00,M01,17.738,4.187,29.664,20.868,43.150
2026-09-05T09:51:00,M01,17.716,4.094,29.605,20.540,45.870
2026-09-05T09:52:00,M01,17.781,4.103,29.690,20.466,45.594
2026-09-05T09:53:00,M01,17.737,4.024,29.625,20.490,45.135
2026-09-05T09:54:00,M01,17.693,4.140,29.801,20.734,44.983
2026-09-05T09:55:00,M01,17.839,4.117,29.618,20.711,45.592
2026-09-05T09:56:00,M01,17.834,4.069,29.706,20.563,45.845
2026-09-05T09:57:00,M01,17.729,4.091,29.932,20.956,44.243
2026-09-05T09:58:00,M01,17.897,4.060,29.795,20.803,44.057
2026-09-05T09:59:00,M01,18.116,4.122,29.967,20.871,43.082
2026-09-05T10:00:00,M01,17.956,4.163,29.790,20.768,44.571
2026-09-05T10:01:00,M01,17.906,4.184,29.957,20.650,44.443
2026-09-05T10:02:00,M01,17.955,4.078,29.852,21.075,42.950
2026-09-05T10:03:00,M01,17.928,4.021,29.783,20.943,45.426
2026-09-05T10:04:00,M01,17.799,4.184,29.842,20.720,44.655
2026-09-05T10:05:00,M01,17.949,3.975,29.693,20.905,45.407
2026-09-05T10:06:00,M01,17.909,4.171,30.183,21.034,45.732
2026-09-05T10:07:00,M01,17.933,4.024,30.052,20.521,44.272
2026-09-05T10:08:00,M01,17.849,4.137,30.020,20.805,44.669
2026-09-05T10:09:00,M01,18.048,4.138,30.052,21.050,46.101
2026-09-05T10:10:00,M01,17.849,4.057,29.911,20.642,43.638
2026-09-05T10:11:00,M01,17.991,4.035,29.798,20.615,44.718
2026-09-05T10:12:00,M01,17.949,4.096,29.907,20.850,44.108
2026-09-05T10:13:00,M01,17.918,4.188,29.856,20.904,44.268
2026-09-05T10:14:00,M01,17.793,4.193,29.875,20.405,46.465
2026-09-05T10:15:00,M01,17.952,4.185,29.856,20.927,45.927
2026-09-05T10:16:00,M01,18.062,4.106,29.787,20.643,45.864
2026-09-05T10:17:00,M01,17.890,4.090,30.064,20.944,46.381
2026-09-05T10:18:00,M01,18.060,4.147,29.980,20.702,46.423
2026-09-05T10:19:00,M01,17.906,4.162,29.698,20.734,44.554
2026-09-05T10:20:00,M01,17.999,4.210,30.203,20.440,46.721
2026-09-05T10:21:00,M01,18.033,4.167,29.739,21.149,45.652
2026-09-05T10:22:00,M01,18.059,4.086,29.684,20.693,45.610
2026-09-05T10:23:00,M01,17.974,4.215,29.877,21.057,44.992
2026-09-05T10:24:00,M01,17.975,4.265,29.997,21.114,46.149
2026-09-05T10:25:00,M01,18.177,4.159,30.080,20.718,44.586
2026-09-05T10:26:00,M01,18.047,4.183,29.681,20.831,44.264
2026-09-05T10:27:00,M01,18.069,4.224,29.833,21.007,44.013
2026-09-05T10:28:00,M01,18.124,4.203,29.967,20.531,45.647
2026-09-05T10:29:00,M01,18.047,4.168,29.930,20.918,44.106
2026-09-05T10:30:00,M01,18.214,4.139,29.990,20.972,45.657
2026-09-05T10:31:00,M01,17.975,4.143,30.068,20.854,42.351
2026-09-05T10:32:00,M01,18.091,4.129,30.144,20.663,44.323
2026-09-05T10:33:00,M01,18.261,4.169,30.090,20.974,43.122
2026-09-05T10:34:00,M01,18.088,4.143,29.599,20.689,44.833
2026-09-05T10:35:00,M01,18.047,4.169,30.094,20.679,44.675
2026-09-05T10:36:00,M01,18.136,4.181,30.083,21.055,44.136
2026-09-05T10:37:00,M01,18.100,4.169,29.990,20.373,44.467
2026-09-05T10:38:00,M01,18.036,4.285,30.059,20.988,47.150
2026-09-05T10:39:00,M01,18.187,4.233,29.740,20.702,44.575
2026-09-05T10:40:00,M01,18.102,4.257,29.767,21.086,44.314
2026-09-05T10:41:00,M01,18.287,4.134,30.028,20.944,44.489
2026-09-05T10:42:00,M01,18.070,4.269,30.007,20.903,45.538
2026-09-05T10:43:00,M01,18.196,4.216,30.092,20.668,43.582
2026-09-05T10:44:00,M01,18.171,4.177,29.927,20.914,45.518
2026-09-05T10:45:00,M01,18.285,4.263,30.012,20.563,47.286
2026-09-05T10:46:00,M01,18.359,4.216,30.004,20.742,45.281
2026-09-05T10:47:00,M01,18.177,4.233,30.345,20.448,44.644
2026-09-05T10:48:00,M01,18.248,4.249,30.102,20.926,46.351
2026-09-05T10:49:00,M01,18.315,4.291,30.204,20.716,44.773
2026-09-05T10:50:00,M01,18.136,4.241,30.022,20.985,45.389
2026-09-05T10:51:00,M01,18.080,4.277,30.023,20.842,46.094
2026-09-05T10:52:00,M01,18.091,4.256,30.168,20.714,44.207
2026-09-05T10:53:00,M01,18.274,4.317,30.027,21.156,45.771
2026-09-05T10:54:00,M01,18.105,4.251,30.037,20.819,45.239
2026-09-05T10:55:00,M01,18.210,4.255,30.139,20.892,46.556
2026-09-05T10:56:00,M01,18.355,4.306,29.825,20.580,43.132
2026-09-05T10:57:00,M01,18.164,4.225,30.132,20.824,46.252
2026-09-05T10:58:00,M01,18.266,4.281,30.207,20.752,43.919
2026-09-05T10:59:00,M01,18.348,4.213,29.788,20.862,44.962
2026-09-05T11:00:00,M01,18.351,4.269,29.927,21.031,44.332
2026-09-05T11:01:00,M01,18.328,4.264,30.160,20.856,45.217
2026-09-05T11:02:00,M01,18.342,4.383,30.191,20.777,44.655
2026-09-05T11:03:00,M01,18.271,4.235,30.209,20.811,45.283
2026-09-05T11:04:00,M01,18.481,4.327,30.003,20.791,44.499
2026-09-05T11:05:00,M01,18.276,4.210,30.349,20.579,45.346
2026-09-05T11:06:00,M01,18.158,4.304,30.237,21.116,45.480
2026-09-05T11:07:00,M01,18.295,4.279,30.215,20.915,46.084
2026-09-05T11:08:00,M01,18.423,4.235,30.137,20.622,45.042
2026-09-05T11:09:00,M01,18.402,4.268,30.190,20.784,45.082
2026-09-05T11:10:00,M01,18.455,4.305,30.127,21.084,46.650
2026-09-05T11:11:00,M01,18.295,4.328,29.977,20.607,44.009
2026-09-05T11:12:00,M01,18.337,4.335,30.175,21.060,44.895
2026-09-05T11:13:00,M01,18.425,4.343,30.096,20.382,44.240
2026-09-05T11:14:00,M01,18.405,4.312,30.080,20.924,45.794
2026-09-05T11:15:00,M01,18.375,4.334,30.003,20.499,44.449
2026-09-05T11:16:00,M01,18.529,4.314,30.150,20.749,45.405
2026-09-05T11:17:00,M01,18.458,4.407,30.251,20.914,44.882
2026-09-05T11:18:00,M01,18.391,4.321,30.417,20.655,45.708
2026-09-05T11:19:00,M01,18.434,4.344,30.268,20.940,44.319
2026-09-05T11:20:00,M01,18.404,4.404,30.167,21.076,44.583
2026-09-05T11:21:00,M01,18.500,4.273,30.136,20.598,45.453
2026-09-05T11:22:00,M01,18.497,4.205,30.079,20.535,41.865
2026-09-05T11:23:00,M01,18.458,4.374,30.311,20.575,44.155
2026-09-05T11:24:00,M01,18.440,4.316,30.382,20.922,45.582
2026-09-05T11:25:00,M01,18.542,4.378,30.125,20.850,44.021
2026-09-05T11:26:00,M01,18.550,4.485,30.076,20.657,45.374
2026-09-05T11:27:00,M01,18.489,4.425,30.260,20.666,43.720
2026-09-05T11:28:00,M01,18.460,4.332,30.124,20.635,47.846
2026-09-05T11:29:00,M01,18.717,4.402,30.280,20.893,43.327
2026-09-05T11:30:00,M01,18.595,4.328,30.486,20.706,43.272
2026-09-05T11:31:00,M01,18.462,4.453,30.371,20.699,45.632
2026-09-05T11:32:00,M01,18.507,4.369,30.262,20.919,44.300
2026-09-05T11:33:00,M01,18.616,4.334,30.288,20.669,43.483
2026-09-05T11:34:00,M01,18.383,4.425,30.402,20.722,44.574
2026-09-05T11:35:00,M01,18.591,4.374,30.205,20.666,45.265
2026-09-05T11:36:00,M01,18.426,4.386,30.205,20.973,46.622
2026-09-05T11:37:00,M01,18.603,4.370,30.354,20.615,45.197
2026-09-05T11:38:00,M01,18.599,4.439,30.384,21.013,48.493
2026-09-05T11:39:00,M01,18.641,4.385,30.122,20.679,43.378
2026-09-05T11:40:00,M01,18.492,4.452,30.240,21.037,44.550
2026-09-05T11:41:00,M01,18.661,4.425,30.267,20.802,43.821
2026-09-05T11:42:00,M01,18.586,4.447,30.310,20.612,43.621
2026-09-05T11:43:00,M01,18.724,4.433,30.371,20.951,44.259
2026-09-05T11:44:00,M01,18.698,4.410,30.298,20.486,43.994
2026-09-05T11:45:00,M01,18.484,4.414,30.430,20.664,45.085
2026-09-05T11:46:00,M01,18.718,4.473,30.100,20.774,44.774
2026-09-05T11:47:00,M01,18.748,4.338,30.426,20.856,45.068
2026-09-05T11:48:00,M01,18.767,4.473,30.094,20.896,47.474
2026-09-05T11:49:00,M01,18.693,4.472,30.288,20.832,43.752
2026-09-05T11:50:00,M01,18.699,4.413,30.396,20.680,43.972
2026-09-05T11:51:00,M01,18.785,4.399,30.555,20.901,47.113
2026-09-05T11:52:00,M01,18.698,4.368,30.235,20.803,43.870
2026-09-05T11:53:00,M01,18.639,4.483,30.379,20.541,44.621
2026-09-05T11:54:00,M01,18.633,4.502,30.404,20.953,44.715
2026-09-05T11:55:00,M01,18.765,4.401,30.270,20.656,45.028
2026-09-05T11:56:00,M01,18.866,4.348,30.346,20.945,43.732
2026-09-05T11:57:00,M01,18.736,4.426,30.310,21.108,43.902
2026-09-05T11:58:00,M01,18.723,4.444,30.226,20.893,43.918
2026-09-05T11:59:00,M01,18.847,4.513,30.156,20.771,43.060
2026-09-05T12:00:00,M01,18.683,4.489,30.325,20.936,45.662
2026-09-05T12:01:00,M01,18.866,4.479,30.265,20.910,44.639
2026-09-05T12:02:00,M01,18.630,4.429,30.596,20.878,44.273
2026-09-05T12:03:00,M01,18.744,4.458,30.375,20.552,47.611
2026-09-05T12:04:00,M01,18.932,4.570,30.526,20.991,46.472
2026-09-05T12:05:00,M01,18.750,4.422,30.209,20.839,45.000
2026-09-05T12:06:00,M01,18.734,4.471,30.489,20.745,46.101
2026-09-05T12:07:00,M01,18.855,4.449,30.473,20.738,46.564
2026-09-05T12:08:00,M01,18.780,4.545,30.415,21.066,45.178
2026-09-05T12:09:00,M01,18.728,4.422,30.252,20.562,43.754
2026-09-05T12:10:00,M01,18.776,4.517,30.204,20.609,43.161
2026-09-05T12:11:00,M01,18.959,4.563,30.374,20.987,43.354
2026-09-05T12:12:00,M01,18.919,4.492,30.342,21.090,45.605
2026-09-05T12:13:00,M01,18.806,4.555,30.363,20.815,43.667
2026-09-05T12:14:00,M01,18.802,4.528,30.518,20.853,45.257
2026-09-05T12:15:00,M01,18.828,4.491,30.644,20.870,45.166
2026-09-05T12:16:00,M01,18.949,4.464,30.134,20.658,44.128
2026-09-05T12:17:00,M01,18.860,4.480,30.375,20.994,45.641
2026-09-05T12:18:00,M01,18.745,4.548,30.571,20.916,44.748
2026-09-05T12:19:00,M01,18.905,4.521,30.369,20.797,43.310
2026-09-05T12:20:00,M01,18.932,4.506,30.394,20.588,45.788
2026-09-05T12:21:00,M01,18.770,4.484,30.334,20.829,44.366
2026-09-05T12:22:00,M01,19.043,4.541,30.548,20.607,44.800
2026-09-05T12:23:00,M01,18.751,4.532,30.500,20.565,46.631
2026-09-05T12:24:00,M01,18.865,4.490,30.446,21.019,43.183
2026-09-05T12:25:00,M01,18.997,4.481,30.798,20.757,44.040
2026-09-05T12:26:00,M01,18.854,4.499,30.589,20.651,45.744
2026-09-05T12:27:00,M01,18.852,4.438,30.344,20.927,44.519
2026-09-05T12:28:00,M01,18.798,4.606,30.466,20.973,45.332
2026-09-05T12:29:00,M01,18.875,4.480,30.561,20.813,43.237
2026-09-05T12:30:00,M01,19.023,4.603,30.609,20.881,43.220
2026-09-05T12:31:00,M01,18.818,4.525,30.488,20.970,44.812
2026-09-05T12:32:00,M01,19.010,4.515,30.379,20.753,44.808
2026-09-05T12:33:00,M01,19.011,4.532,30.657,20.937,45.383
2026-09-05T12:34:00,M01,19.064,4.575,30.594,20.816,44.507
2026-09-05T12:35:00,M01,19.025,4.584,30.576,20.481,44.332
2026-09-05T12:36:00,M01,18.963,4.572,30.714,21.142,46.683
2026-09-05T12:37:00,M01,19.107,4.592,30.810,20.809,43.127
2026-09-05T12:38:00,M01,18.946,4.486,30.544,20.592,45.743
2026-09-05T12:39:00,M01,18.898,4.619,30.699,20.610,43.290
2026-09-05T12:40:00,M01,19.047,4.590,30.618,20.779,43.834
2026-09-05T12:41:00,M01,19.049,4.644,30.514,20.825,44.537
2026-09-05T12:42:00,M01,19.206,4.539,30.616,20.472,44.852
2026-09-05T12:43:00,M01,19.054,4.573,30.591,20.488,45.822
2026-09-05T12:44:00,M01,19.086,4.558,30.501,20.775,45.836
2026-09-05T12:45:00,M01,19.088,4.591,30.621,20.799,44.663
2026-09-05T12:46:00,M01,18.860,4.601,30.698,20.846,43.085
2026-09-05T12:47:00,M01,19.000,4.669,30.524,20.961,42.707
2026-09-05T12:48:00,M01,19.130,4.552,30.493,20.768,44.448
2026-09-05T12:49:00,M01,19.069,4.627,30.626,20.604,46.883
2026-09-05T12:50:00,M01,19.116,4.613,30.525,20.848,43.384
2026-09-05T12:51:00,M01,18.965,4.656,30.559,20.712,45.283
2026-09-05T12:52:00,M01,19.198,4.666,30.594,20.601,43.611
2026-09-05T12:53:00,M01,19.104,4.623,30.486,20.539,45.164
2026-09-05T12:54:00,M01,19.133,4.602,30.734,20.807,45.483
2026-09-05T12:55:00,M01,19.138,4.561,30.498,21.025,46.209
2026-09-05T12:56:00,M01,19.136,4.643,30.502,20.505,45.126
2026-09-05T12:57:00,M01,19.297,4.631,30.719,21.027,42.943
2026-09-05T12:58:00,M01,19.160,4.611,30.899,20.771,46.281
2026-09-05T12:59:00,M01,19.125,4.643,30.778,20.609,44.553
2026-09-05T13:00:00,M01,19.313,4.671,30.606,20.867,44.549
2026-09-05T13:01:00,M01,19.316,4.554,30.509,20.740,45.260
2026-09-05T13:02:00,M01,19.214,4.646,30.499,20.846,45.590
2026-09-05T13:03:00,M01,19.290,4.648,30.648,20.691,46.530
2026-09-05T13:04:00,M01,19.157,4.737,30.490,20.827,45.103
2026-09-05T13:05:00,M01,19.267,4.653,30.453,20.882,45.846
2026-09-05T13:06:00,M01,19.307,4.662,30.937,20.945,44.984
2026-09-05T13:07:00,M01,19.340,4.689,30.558,20.545,44.623
2026-09-05T13:08:00,M01,19.355,4.730,30.685,20.722,45.983
2026-09-05T13:09:00,M01,19.273,4.658,30.717,21.017,47.628
2026-09-05T13:10:00,M01,19.327,4.646,30.543,20.714,45.176
2026-09-05T13:11:00,M01,19.314,4.629,30.831,20.861,45.366
2026-09-05T13:12:00,M01,19.336,4.750,30.649,21.080,44.701
2026-09-05T13:13:00,M01,19.329,4.714,30.378,20.660,45.907
2026-09-05T13:14:00,M01,19.350,4.652,30.734,20.733,45.687
2026-09-05T13:15:00,M01,19.184,4.735,30.735,20.697,46.066
2026-09-05T13:16:00,M01,19.246,4.711,30.829,20.721,45.222
2026-09-05T13:17:00,M01,19.313,4.685,30.714,20.829,45.568
2026-09-05T13:18:00,M01,19.394,4.718,30.924,20.547,45.086
2026-09-05T13:19:00,M01,19.307,4.653,30.691,20.762,45.387
2026-09-05T13:20:00,M01,19.251,4.718,30.693,20.958,45.192
2026-09-05T13:21:00,M01,19.379,4.648,30.807,21.134,44.829
2026-09-05T13:22:00,M01,19.358,4.690,30.737,20.642,45.999
2026-09-05T13:23:00,M01,19.355,4.686,30.624,20.849,43.458
2026-09-05T13:24:00,M01,19.229,4.586,30.635,20.865,47.168
2026-09-05T13:25:00,M01,19.531,4.740,30.672,20.619,44.493
2026-09-05T13:26:00,M01,19.359,4.793,30.640,20.992,44.895
2026-09-05T13:27:00,M01,19.279,4.716,30.671,21.031,45.727
2026-09-05T13:28:00,M01,19.244,4.718,30.714,20.725,45.611
2026-09-05T13:29:00,M01,19.438,4.780,30.944,20.641,43.336
2026-09-05T13:30:00,M01,19.427,4.753,30.611,20.912,44.789
2026-09-05T13:31:00,M01,19.299,4.633,30.738,20.992,45.203
2026-09-05T13:32:00,M01,19.402,4.795,30.850,20.815,46.162
2026-09-05T13:33:00,M01,19.450,4.703,30.728,20.840,45.554
2026-09-05T13:34:00,M01,19.287,4.790,30.839,20.710,44.633
2026-09-05T13:35:00,M01,19.487,4.791,30.585,20.664,44.531
2026-09-05T13:36:00,M01,19.563,4.806,30.970,21.000,44.664
2026-09-05T13:37:00,M01,19.306,4.746,30.470,20.807,44.714
2026-09-05T13:38:00,M01,19.608,4.776,30.857,21.034,46.534
2026-09-05T13:39:00,M01,19.297,4.785,30.952,20.968,43.387
2026-09-05T13:40:00,M01,19.309,4.779,30.905,20.763,45.626
2026-09-05T13:41:00,M01,19.472,4.753,30.805,20.792,44.285
2026-09-05T13:42:00,M01,19.483,4.827,30.689,20.984,46.227
2026-09-05T13:43:00,M01,19.415,4.775,30.732,21.153,45.133
2026-09-05T13:44:00,M01,19.493,4.717,30.835,20.938,45.819
2026-09-05T13:45:00,M01,19.674,4.844,31.115,20.584,44.631
2026-09-05T13:46:00,M01,19.528,4.781,30.668,20.443,45.390
2026-09-05T13:47:00,M01,19.625,4.823,30.933,20.760,45.455
2026-09-05T13:48:00,M01,19.629,4.814,30.976,20.600,46.511
2026-09-05T13:49:00,M01,19.614,4.747,30.731,20.438,45.047
2026-09-05T13:50:00,M01,19.535,4.773,30.618,20.887,44.740
2026-09-05T13:51:00,M01,19.511,4.772,30.818,20.380,44.314
2026-09-05T13:52:00,M01,19.580,4.845,30.761,20.670,47.341
2026-09-05T13:53:00,M01,19.783,4.838,30.766,20.877,44.962
2026-09-05T13:54:00,M01,19.669,4.702,30.956,20.589,45.253
2026-09-05T13:55:00,M01,19.813,4.795,30.949,20.770,44.487
2026-09-05T13:56:00,M01,19.650,4.877,30.853,21.059,43.769
2026-09-05T13:57:00,M01,19.502,4.782,31.037,20.823,46.248
2026-09-05T13:58:00,M01,19.620,4.762,30.689,20.789,42.775
2026-09-05T13:59:00,M01,19.847,4.762,30.726,20.744,44.433
2026-09-05T14:00:00,M01,19.577,4.897,31.109,20.800,46.253
2026-09-05T14:01:00,M01,19.676,4.837,31.015,21.001,43.877
2026-09-05T14:02:00,M01,19.564,4.808,30.750,20.781,44.343
2026-09-05T14:03:00,M01,19.577,4.831,30.823,20.909,45.044
2026-09-05T14:04:00,M01,19.598,4.845,30.833,20.762,44.510
2026-09-05T14:05:00,M01,19.825,4.930,30.992,20.914,45.366
2026-09-05T14:06:00,M01,19.625,4.751,31.013,20.848,44.434
2026-09-05T14:07:00,M01,19.768,4.860,30.777,20.794,44.041
2026-09-05T14:08:00,M01,19.721,4.888,31.045,20.659,46.728
2026-09-05T14:09:00,M01,19.686,4.865,30.957,21.051,45.918
2026-09-05T14:10:00,M01,19.551,4.815,31.011,20.787,44.031
2026-09-05T14:11:00,M01,19.725,4.851,30.726,20.481,45.264
2026-09-05T14:12:00,M01,19.634,4.911,31.021,21.059,44.534
2026-09-05T14:13:00,M01,19.602,4.803,31.042,20.867,44.371
2026-09-05T14:14:00,M01,19.738,4.828,30.945,20.636,45.132
2026-09-05T14:15:00,M01,19.877,4.825,30.975,21.007,45.916
2026-09-05T14:16:00,M01,19.661,4.879,30.841,20.803,44.853
2026-09-05T14:17:00,M01,19.673,4.859,31.144,20.717,43.560
2026-09-05T14:18:00,M01,19.812,4.910,30.988,20.572,45.367
2026-09-05T14:19:00,M01,19.853,4.853,30.988,20.668,45.206
2026-09-05T14:20:00,M01,19.794,4.956,30.996,20.760,45.351
2026-09-05T14:21:00,M01,19.821,4.911,31.041,20.581,45.272
2026-09-05T14:22:00,M01,19.772,4.860,30.948,20.665,45.468
2026-09-05T14:23:00,M01,19.853,4.889,30.820,20.690,44.435
2026-09-05T14:24:00,M01,19.953,4.923,30.935,20.929,45.181
2026-09-05T14:25:00,M01,19.926,4.800,31.201,20.867,45.428
2026-09-05T14:26:00,M01,19.778,4.874,31.067,20.734,45.090
2026-09-05T14:27:00,M01,19.831,4.996,30.663,20.796,44.160
2026-09-05T14:28:00,M01,19.762,4.849,30.996,20.778,44.226
2026-09-05T14:29:00,M01,19.860,4.956,30.846,20.789,46.562
2026-09-05T14:30:00,M01,19.802,4.809,31.005,20.624,45.156
2026-09-05T14:31:00,M01,19.951,4.977,30.944,20.644,46.116
2026-09-05T14:32:00,M01,19.945,4.910,30.873,21.032,45.683
2026-09-05T14:33:00,M01,19.969,4.911,31.005,20.918,44.709
2026-09-05T14:34:00,M01,19.948,4.880,30.821,20.995,46.003
2026-09-05T14:35:00,M01,20.055,4.918,31.290,20.606,42.009
2026-09-05T14:36:00,M01,19.930,4.922,31.010,20.842,43.704
2026-09-05T14:37:00,M01,20.038,4.894,31.134,20.827,45.675
2026-09-05T14:38:00,M01,19.867,4.915,31.327,20.992,44.234
2026-09-05T14:39:00,M01,19.997,4.915,30.947,20.952,44.106
2026-09-05T14:40:00,M01,19.966,4.917,30.894,20.600,43.964
2026-09-05T14:41:00,M01,19.912,4.914,30.932,20.501,46.672
2026-09-05T14:42:00,M01,19.962,4.985,31.208,20.693,45.298
2026-09-05T14:43:00,M01,20.213,4.949,30.839,20.592,44.021
2026-09-05T14:44:00,M01,20.157,5.001,30.995,20.757,43.766
2026-09-05T14:45:00,M01,19.848,5.005,31.148,20.348,46.803
2026-09-05T14:46:00,M01,20.220,4.945,31.152,20.593,43.853
2026-09-05T14:47:00,M01,20.059,4.942,31.429,20.690,44.711
2026-09-05T14:48:00,M01,20.000,4.977,31.138,20.778,44.505
2026-09-05T14:49:00,M01,19.843,4.974,31.000,20.774,45.408
2026-09-05T14:50:00,M01,20.030,4.957,31.117,20.539,45.130
2026-09-05T14:51:00,M01,19.995,5.006,30.952,20.851,45.467
2026-09-05T14:52:00,M01,20.223,4.955,30.962,20.520,45.512
2026-09-05T14:53:00,M01,20.221,4.998,31.354,20.605,45.202
2026-09-05T14:54:00,M01,19.997,5.062,30.997,20.829,46.127
2026-09-05T14:55:00,M01,20.315,4.936,31.208,20.729,45.677
2026-09-05T14:56:00,M01,19.914,5.006,31.267,20.664,45.854
2026-09-05T14:57:00,M01,19.975,4.889,31.029,20.906,45.815
2026-09-05T14:58:00,M01,20.037,5.009,31.077,20.832,43.226
2026-09-05T14:59:00,M01,19.909,5.053,31.086,20.914,46.439
2026-09-05T15:00:00,M01,20.128,5.003,31.101,20.725,44.727
2026-09-05T15:01:00,M01,19.978,5.062,31.081,20.558,45.260
2026-09-05T15:02:00,M01,20.213,4.971,31.022,20.612,45.308
2026-09-05T15:03:00,M01,20.202,5.061,31.125,20.697,44.887
2026-09-05T15:04:00,M01,19.997,5.033,30.928,20.756,44.601
2026-09-05T15:05:00,M01,19.999,4.983,30.944,20.823,46.015
2026-09-05T15:06:00,M01,20.131,5.009,31.191,20.939,46.513
2026-09-05T15:07:00,M01,20.182,4.946,31.181,20.649,43.938
2026-09-05T15:08:00,M01,20.256,5.094,31.015,20.532,45.127
2026-09-05T15:09:00,M01,20.140,5.061,31.075,20.695,45.031
2026-09-05T15:10:00,M01,20.252,5.052,31.292,20.553,44.828
2026-09-05T15:11:00,M01,20.247,4.990,31.123,20.893,44.363
2026-09-05T15:12:00,M01,20.122,5.017,31.230,20.971,44.469
2026-09-05T15:13:00,M01,20.138,5.027,31.404,20.519,44.827
2026-09-05T15:14:00,M01,20.219,5.039,31.385,20.724,46.524
2026-09-05T15:15:00,M01,20.294,5.110,31.113,20.654,45.745
2026-09-05T15:16:00,M01,20.220,5.037,31.022,21.159,44.428
2026-09-05T15:17:00,M01,20.405,5.015,31.289,20.828,43.667
2026-09-05T15:18:00,M01,20.356,5.073,31.150,20.649,45.209
2026-09-05T15:19:00,M01,20.270,5.093,31.161,20.986,45.749
2026-09-05T15:20:00,M01,20.267,5.126,31.477,20.818,46.311
2026-09-05T15:21:00,M01,20.232,5.114,31.024,20.923,45.423
2026-09-05T15:22:00,M01,20.225,5.099,31.242,20.924,45.620
2026-09-05T15:23:00,M01,20.164,5.108,31.269,20.635,43.767
2026-09-05T15:24:00,M01,20.276,5.056,31.191,21.186,43.354
2026-09-05T15:25:00,M01,20.244,5.023,31.268,20.878,45.993
2026-09-05T15:26:00,M01,20.135,5.115,31.226,20.608,44.022
2026-09-05T15:27:00,M01,20.229,5.105,31.326,20.440,45.857
2026-09-05T15:28:00,M01,20.353,5.103,31.221,20.456,45.512
2026-09-05T15:29:00,M01,20.245,5.142,31.374,20.916,45.734
2026-09-05T15:30:00,M01,20.402,5.107,31.504,20.740,44.180
2026-09-05T15:31:00,M01,20.182,5.140,31.296,21.034,43.254
2026-09-05T15:32:00,M01,20.166,5.080,31.132,20.957,46.846
2026-09-05T15:33:00,M01,20.261,5.232,31.326,20.996,45.834
2026-09-05T15:34:00,M01,20.292,5.071,31.322,20.409,44.704
2026-09-05T15:35:00,M01,20.438,5.178,31.163,20.441,44.692
2026-09-05T15:36:00,M01,20.265,5.143,31.423,20.384,43.259
2026-09-05T15:37:00,M01,20.337,5.091,31.167,20.867,45.381
2026-09-05T15:38:00,M01,20.407,5.124,31.458,21.205,46.011
2026-09-05T15:39:00,M01,20.352,5.089,31.217,20.849,42.577
2026-09-05T15:40:00,M01,20.419,5.124,31.219,20.625,46.448
2026-09-05T15:41:00,M01,20.313,5.135,31.395,20.631,44.958
2026-09-05T15:42:00,M01,20.504,5.190,31.224,20.560,42.070
2026-09-05T15:43:00,M01,20.558,5.188,31.253,20.933,46.498
2026-09-05T15:44:00,M01,20.443,5.126,31.339,21.092,45.407
2026-09-05T15:45:00,M01,20.537,5.187,31.365,20.916,45.630
2026-09-05T15:46:00,M01,20.513,5.180,31.479,20.794,46.661
2026-09-05T15:47:00,M01,20.480,5.160,31.521,20.809,44.096
2026-09-05T15:48:00,M01,20.312,5.130,31.389,20.855,45.418
2026-09-05T15:49:00,M01,20.307,5.129,31.412,20.894,44.204
2026-09-05T15:50:00,M01,20.523,5.187,31.239,20.967,45.471
2026-09-05T15:51:00,M01,20.437,5.135,31.666,20.766,43.935
2026-09-05T15:52:00,M01,20.455,5.121,31.364,20.941,44.979
2026-09-05T15:53:00,M01,20.593,5.206,31.514,20.876,46.227
2026-09-05T15:54:00,M01,20.536,5.154,31.276,20.828,44.134
2026-09-05T15:55:00,M01,20.678,5.120,31.601,20.790,46.170
2026-09-05T15:56:00,M01,20.574,5.125,31.328,20.710,44.749
2026-09-05T15:57:00,M01,20.452,5.156,31.203,20.939,45.984
2026-09-05T15:58:00,M01,20.593,5.188,31.271,20.973,43.959
2026-09-05T15:59:00,M01,20.523,5.205,31.334,20.901,45.368
2026-09-05T16:00:00,M01,20.076,5.025,28.275,19.955,47.528
2026-09-05T16:01:00,M01,19.953,5.064,28.425,20.267,43.493
2026-09-05T16:02:00,M01,19.932,4.958,28.524,19.787,45.445
2026-09-05T16:03:00,M01,20.132,5.035,28.819,19.777,46.872
2026-09-05T16:04:00,M01,19.936,4.937,28.764,19.790,44.640
2026-09-05T16:05:00,M01,19.960,5.051,28.818,20.267,44.138
2026-09-05T16:06:00,M01,20.058,5.112,28.820,20.021,45.781
2026-09-05T16:07:00,M01,19.901,5.031,29.001,19.979,44.365
2026-09-05T16:08:00,M01,19.996,5.074,29.248,20.132,43.874
2026-09-05T16:09:00,M01,20.289,5.049,29.255,20.377,46.798
2026-09-05T16:10:00,M01,20.117,5.009,29.284,20.430,44.687
2026-09-05T16:11:00,M01,20.216,5.030,29.366,20.432,44.255
2026-09-05T16:12:00,M01,20.098,5.027,29.324,20.447,46.200
2026-09-05T16:13:00,M01,20.342,5.158,29.536,20.296,44.604
2026-09-05T16:14:00,M01,20.242,5.118,29.570,20.220,46.169
2026-09-05T16:15:00,M01,20.322,5.081,29.552,20.558,45.083
2026-09-05T16:16:00,M01,20.368,5.064,29.756,20.292,45.603
2026-09-05T16:17:00,M01,20.269,5.090,29.700,20.260,45.942
2026-09-05T16:18:00,M01,20.365,5.085,29.837,20.190,43.886
2026-09-05T16:19:00,M01,20.389,5.077,29.927,20.347,44.298
2026-09-05T16:20:00,M01,20.300,5.155,29.674,20.279,44.857
2026-09-05T16:21:00,M01,20.316,5.139,29.743,19.918,46.791
2026-09-05T16:22:00,M01,20.252,5.129,29.956,20.090,46.706
2026-09-05T16:23:00,M01,20.452,5.118,30.131,20.521,44.551
2026-09-05T16:24:00,M01,20.553,5.172,30.046,20.567,44.588
2026-09-05T16:25:00,M01,20.488,5.195,30.313,20.788,45.737
2026-09-05T16:26:00,M01,20.314,5.195,29.996,20.224,43.111
2026-09-05T16:27:00,M01,20.620,5.166,30.021,20.221,43.100
2026-09-05T16:28:00,M01,20.463,5.120,30.600,20.623,45.026
2026-09-05T16:29:00,M01,20.430,5.185,30.768,20.485,43.957
2026-09-05T16:30:00,M01,20.458,5.197,30.046,20.893,43.730
2026-09-05T16:31:00,M01,20.602,5.137,30.279,20.769,44.842
2026-09-05T16:32:00,M01,20.473,5.235,30.716,20.623,44.466
2026-09-05T16:33:00,M01,20.500,5.210,30.457,20.322,43.671
2026-09-05T16:34:00,M01,20.465,5.209,30.242,20.675,45.970
2026-09-05T16:35:00,M01,20.559,5.206,30.543,20.476,44.748
2026-09-05T16:36:00,M01,20.634,5.267,30.842,20.773,45.442
2026-09-05T16:37:00,M01,20.639,5.267,30.573,20.383,43.793
2026-09-05T16:38:00,M01,20.910,5.237,30.511,20.570,47.249
2026-09-05T16:39:00,M01,20.639,5.276,31.039,20.757,44.218
2026-09-05T16:40:00,M01,20.667,5.218,30.808,20.633,44.803
2026-09-05T16:41:00,M01,20.751,5.173,30.795,20.598,46.293
2026-09-05T16:42:00,M01,20.593,5.296,30.630,20.459,43.043
2026-09-05T16:43:00,M01,20.514,5.216,30.677,20.585,44.796
2026-09-05T16:44:00,M01,20.703,5.265,30.808,20.770,45.276
2026-09-05T16:45:00,M01,20.909,5.280,31.016,20.565,42.682
2026-09-05T16:46:00,M01,20.759,5.254,30.830,20.612,45.711
2026-09-05T16:47:00,M01,20.842,5.281,30.863,20.859,44.845
2026-09-05T16:48:00,M01,20.737,5.233,30.906,20.709,45.777
2026-09-05T16:49:00,M01,20.705,5.283,31.077,20.630,42.958
2026-09-05T16:50:00,M01,21.030,5.368,30.991,20.774,45.535
2026-09-05T16:51:00,M01,20.715,5.240,31.130,20.789,45.435
2026-09-05T16:52:00,M01,20.865,5.288,30.649,20.491,45.732
2026-09-05T16:53:00,M01,20.897,5.199,30.659,20.543,43.863
2026-09-05T16:54:00,M01,21.028,5.363,31.035,20.820,47.366
2026-09-05T16:55:00,M01,20.800,5.349,31.257,20.546,45.454
2026-09-05T16:56:00,M01,20.732,5.353,31.176,20.785,45.943
2026-09-05T16:57:00,M01,20.828,5.272,31.125,20.722,45.758
2026-09-05T16:58:00,M01,20.859,5.305,31.065,20.534,45.006
2026-09-05T16:59:00,M01,20.817,5.285,31.388,20.831,44.395
2026-09-05T17:00:00,M01,20.996,5.361,31.225,20.634,45.648
2026-09-05T17:01:00,M01,20.978,5.296,31.392,20.762,45.584
2026-09-05T17:02:00,M01,20.850,5.403,31.296,20.900,44.987
2026-09-05T17:03:00,M01,20.787,5.420,31.106,20.531,42.813
2026-09-05T17:04:00,M01,21.081,5.355,31.055,20.354,45.752
2026-09-05T17:05:00,M01,20.920,5.362,31.209,20.907,44.478
2026-09-05T17:06:00,M01,20.881,5.413,31.230,20.687,45.286
2026-09-05T17:07:00,M01,20.988,5.349,31.443,21.014,44.942
2026-09-05T17:08:00,M01,21.080,5.470,31.285,20.560,44.389
2026-09-05T17:09:00,M01,21.023,5.368,31.508,20.958,43.180
2026-09-05T17:10:00,M01,20.915,5.354,31.152,20.767,45.873
2026-09-05T17:11:00,M01,20.903,5.368,31.395,20.717,46.164
2026-09-05T17:12:00,M01,21.108,5.389,31.429,20.793,45.197
2026-09-05T17:13:00,M01,21.202,5.465,31.430,20.808,43.962
2026-09-05T17:14:00,M01,20.961,5.444,31.494,21.078,44.953
2026-09-05T17:15:00,M01,21.040,5.375,31.391,20.750,46.566
2026-09-05T17:16:00,M01,20.992,5.397,31.511,20.733,44.898
2026-09-05T17:17:00,M01,21.238,5.379,31.587,20.756,45.444
2026-09-05T17:18:00,M01,20.963,5.322,31.501,20.799,45.278
2026-09-05T17:19:00,M01,21.264,5.416,31.207,20.723,45.507
2026-09-05T17:20:00,M01,21.122,5.412,31.568,20.747,46.298
2026-09-05T17:21:00,M01,21.093,5.373,31.558,20.699,45.560
2026-09-05T17:22:00,M01,21.083,5.420,31.506,20.860,43.979
2026-09-05T17:23:00,M01,21.309,5.363,31.594,20.837,46.485
2026-09-05T17:24:00,M01,21.160,5.439,31.579,20.682,46.286
2026-09-05T17:25:00,M01,21.223,5.388,31.489,20.687,45.744
2026-09-05T17:26:00,M01,21.035,5.370,31.692,20.944,44.243
2026-09-05T17:27:00,M01,21.138,5.388,31.492,20.947,44.390
2026-09-05T17:28:00,M01,21.139,5.359,31.722,20.679,42.631
2026-09-05T17:29:00,M01,21.276,5.443,31.657,20.572,44.324
2026-09-05T17:30:00,M01,21.212,5.529,31.644,20.738,46.541
2026-09-05T17:31:00,M01,21.268,5.510,31.657,20.746,45.918
2026-09-05T17:32:00,M01,21.302,5.364,31.576,20.984,46.248
2026-09-05T17:33:00,M01,21.092,5.465,31.584,20.945,44.910
2026-09-05T17:34:00,M01,21.174,5.432,31.849,20.403,45.122
2026-09-05T17:35:00,M01,21.333,5.518,32.028,20.963,46.322
2026-09-05T17:36:00,M01,21.120,5.450,31.601,21.063,44.703
2026-09-05T17:37:00,M01,21.111,5.513,31.789,20.957,44.603
2026-09-05T17:38:00,M01,21.292,5.497,31.201,20.705,46.329
2026-09-05T17:39:00,M01,21.021,5.407,31.705,20.692,46.404
2026-09-05T17:40:00,M01,21.184,5.424,31.740,20.705,45.276
2026-09-05T17:41:00,M01,21.208,5.538,31.847,20.856,43.378
2026-09-05T17:42:00,M01,21.296,5.485,31.767,20.751,45.869
2026-09-05T17:43:00,M01,21.163,5.501,31.460,20.846,44.029
2026-09-05T17:44:00,M01,21.303,5.459,31.790,20.628,43.568
2026-09-05T17:45:00,M01,21.317,5.531,31.630,20.730,44.162
2026-09-05T17:46:00,M01,21.145,5.437,31.722,20.546,46.061
2026-09-05T17:47:00,M01,21.454,5.500,31.690,20.859,44.938
2026-09-05T17:48:00,M01,21.457,5.537,31.707,20.883,45.433
2026-09-05T17:49:00,M01,21.512,5.565,31.693,20.630,45.468
2026-09-05T17:50:00,M01,21.392,5.515,31.794,20.664,44.354
2026-09-05T17:51:00,M01,21.349,5.497,31.763,20.822,45.801
2026-09-05T17:52:00,M01,21.383,5.419,31.731,20.954,45.265
2026-09-05T17:53:00,M01,21.299,5.456,31.712,20.692,45.256
2026-09-05T17:54:00,M01,21.487,5.457,31.996,20.773,46.325
2026-09-05T17:55:00,M01,21.346,5.463,31.783,20.804,45.105
2026-09-05T17:56:00,M01,21.572,5.551,31.818,20.755,44.876
2026-09-05T17:57:00,M01,21.490,5.549,31.875,21.199,44.591
2026-09-05T17:58:00,M01,21.414,5.510,31.791,20.687,44.824
2026-09-05T17:59:00,M01,21.352,5.606,31.706,20.627,45.317
2026-09-05T18:00:00,M01,21.413,5.579,31.967,20.801,47.671
2026-09-05T18:01:00,M01,21.393,5.500,31.769,20.915,45.489
2026-09-05T18:02:00,M01,21.461,5.559,31.798,20.599,45.173
2026-09-05T18:03:00,M01,21.589,5.506,31.865,20.451,43.125
2026-09-05T18:04:00,M01,21.548,5.511,31.724,20.883,42.308
2026-09-05T18:05:00,M01,21.451,5.565,31.607,20.737,45.603
2026-09-05T18:06:00,M01,21.519,5.558,31.678,20.668,45.823
2026-09-05T18:07:00,M01,21.406,5.549,31.973,21.055,44.871
2026-09-05T18:08:00,M01,21.428,5.532,31.843,20.557,45.481
2026-09-05T18:09:00,M01,21.529,5.542,31.834,20.521,43.848
2026-09-05T18:10:00,M01,21.473,5.636,31.875,20.750,44.447
2026-09-05T18:11:00,M01,21.329,5.563,31.893,20.729,45.364
2026-09-05T18:12:00,M01,21.551,5.659,31.838,20.810,44.779
2026-09-05T18:13:00,M01,21.638,5.619,31.912,20.904,43.939
2026-09-05T18:14:00,M01,21.401,5.526,31.917,20.721,43.709
2026-09-05T18:15:00,M01,21.627,5.532,31.786,20.756,46.838
2026-09-05T18:16:00,M01,21.636,5.573,31.802,20.351,44.334
2026-09-05T18:17:00,M01,21.655,5.620,32.183,21.041,43.625
2026-09-05T18:18:00,M01,21.604,5.608,31.946,20.491,44.810
2026-09-05T18:19:00,M01,21.471,5.559,32.065,21.063,43.604
2026-09-05T18:20:00,M01,21.620,5.566,31.757,20.743,46.861
2026-09-05T18:21:00,M01,21.470,5.635,31.827,20.893,46.760
2026-09-05T18:22:00,M01,21.563,5.628,31.973,20.827,42.430
2026-09-05T18:23:00,M01,21.587,5.706,31.829,20.491,45.352
2026-09-05T18:24:00,M01,21.587,5.624,31.952,20.787,47.144
2026-09-05T18:25:00,M01,21.467,5.547,31.855,20.737,44.568
2026-09-05T18:26:00,M01,21.662,5.493,31.888,20.804,45.214
2026-09-05T18:27:00,M01,21.566,5.723,31.731,20.755,44.479
2026-09-05T18:28:00,M01,21.729,5.630,32.079,20.721,43.108
2026-09-05T18:29:00,M01,21.694,5.657,31.954,20.368,45.058
2026-09-05T18:30:00,M01,21.679,5.552,31.960,21.137,46.225
2026-09-05T18:31:00,M01,21.618,5.748,32.052,20.626,46.225
2026-09-05T18:32:00,M01,21.822,5.532,32.178,20.741,47.149
2026-09-05T18:33:00,M01,21.740,5.671,31.929,21.009,46.114
2026-09-05T18:34:00,M01,21.641,5.692,32.020,20.816,44.145
2026-09-05T18:35:00,M01,21.939,5.675,32.010,20.992,45.883
2026-09-05T18:36:00,M01,21.648,5.665,32.006,20.584,42.443
2026-09-05T18:37:00,M01,21.551,5.669,31.763,20.745,45.372
2026-09-05T18:38:00,M01,21.882,5.670,32.015,20.777,44.307
2026-09-05T18:39:00,M01,21.573,5.719,32.121,20.685,46.319
2026-09-05T18:40:00,M01,21.693,5.564,31.757,20.959,45.240
2026-09-05T18:41:00,M01,21.816,5.758,32.135,20.898,43.124
2026-09-05T18:42:00,M01,21.652,5.621,32.059,20.534,44.654
2026-09-05T18:43:00,M01,21.617,5.642,32.069,20.730,44.696
2026-09-05T18:44:00,M01,21.773,5.714,32.329,20.605,46.015
2026-09-05T18:45:00,M01,21.769,5.694,32.178,20.720,45.732
2026-09-05T18:46:00,M01,21.738,5.759,32.209,20.688,44.403
2026-09-05T18:47:00,M01,21.960,5.651,32.233,20.923,42.945
2026-09-05T18:48:00,M01,21.794,5.692,32.285,20.927,46.948
2026-09-05T18:49:00,M01,21.777,5.694,31.994,20.783,43.931
2026-09-05T18:50:00,M01,21.765,5.712,32.152,20.709,43.816
2026-09-05T18:51:00,M01,21.768,5.617,32.243,21.239,46.370
2026-09-05T18:52:00,M01,21.937,5.704,32.055,20.686,45.522
2026-09-05T18:53:00,M01,21.926,5.637,32.116,20.906,45.086
2026-09-05T18:54:00,M01,21.950,5.743,32.157,20.704,44.804
2026-09-05T18:55:00,M01,22.020,5.726,32.003,20.622,45.110
2026-09-05T18:56:00,M01,21.882,5.737,32.293,20.847,43.234
2026-09-05T18:57:00,M01,21.939,5.747,32.020,21.005,40.846
2026-09-05T18:58:00,M01,21.855,5.698,31.978,20.594,43.527
2026-09-05T18:59:00,M01,21.964,5.720,32.170,20.709,44.634
2026-09-05T19:00:00,M01,21.949,5.737,32.147,21.060,46.514
2026-09-05T19:01:00,M01,22.103,5.749,32.202,20.600,45.246
2026-09-05T19:02:00,M01,21.815,5.706,32.103,20.648,44.636
2026-09-05T19:03:00,M01,21.892,5.701,32.307,21.357,43.895
2026-09-05T19:04:00,M01,21.845,5.725,32.121,20.715,46.606
2026-09-05T19:05:00,M01,21.978,5.681,32.399,20.598,45.299
2026-09-05T19:06:00,M01,21.847,5.788,32.233,20.405,43.977
2026-09-05T19:07:00,M01,21.976,5.694,32.346,20.755,42.184
2026-09-05T19:08:00,M01,21.975,5.697,32.038,20.535,44.462
2026-09-05T19:09:00,M01,22.031,5.712,32.131,20.646,44.393
2026-09-05T19:10:00,M01,21.936,5.757,32.215,20.541,45.057
2026-09-05T19:11:00,M01,22.119,5.800,32.099,20.968,45.451
2026-09-05T19:12:00,M01,22.184,5.809,32.256,20.754,44.936
2026-09-05T19:13:00,M01,22.074,5.745,32.137,21.003,44.380
2026-09-05T19:14:00,M01,22.092,5.734,31.826,21.010,45.278
2026-09-05T19:15:00,M01,22.118,5.730,32.035,20.962,43.687
2026-09-05T19:16:00,M01,21.974,5.710,31.815,20.528,46.332
2026-09-05T19:17:00,M01,21.908,5.844,32.283,20.768,45.035
2026-09-05T19:18:00,M01,22.058,5.775,32.253,20.561,45.960
2026-09-05T19:19:00,M01,21.910,5.732,32.117,20.774,44.386
2026-09-05T19:20:00,M01,21.953,5.868,32.155,20.515,45.953
2026-09-05T19:21:00,M01,22.249,5.824,32.540,20.971,43.461
2026-09-05T19:22:00,M01,22.127,5.877,31.993,20.814,44.544
2026-09-05T19:23:00,M01,22.091,5.750,32.265,20.890,42.842
2026-09-05T19:24:00,M01,22.040,5.833,32.314,21.019,43.705
2026-09-05T19:25:00,M01,22.155,5.805,32.330,21.187,42.631
2026-09-05T19:26:00,M01,22.288,5.723,32.229,20.486,45.695
2026-09-05T19:27:00,M01,22.213,5.839,32.155,20.633,45.053
2026-09-05T19:28:00,M01,21.876,5.722,32.225,20.851,44.408
2026-09-05T19:29:00,M01,21.916,5.790,32.421,20.671,45.499
2026-09-05T19:30:00,M01,21.998,5.803,32.279,20.866,47.249
2026-09-05T19:31:00,M01,22.238,5.827,32.326,20.899,46.723
2026-09-05T19:32:00,M01,22.147,5.823,32.464,20.777,44.882
2026-09-05T19:33:00,M01,22.135,5.892,32.475,20.799,45.897
2026-09-05T19:34:00,M01,22.130,5.852,32.232,20.804,44.741
2026-09-05T19:35:00,M01,22.183,5.756,32.383,21.008,43.892
2026-09-05T19:36:00,M01,22.097,5.766,32.119,20.807,44.353
2026-09-05T19:37:00,M01,22.166,5.900,32.211,20.587,44.213
2026-09-05T19:38:00,M01,22.200,5.803,32.238,20.761,47.035
2026-09-05T19:39:00,M01,22.041,5.710,32.421,20.569,43.732
2026-09-05T19:40:00,M01,22.346,5.775,32.554,20.605,45.786
2026-09-05T19:41:00,M01,22.017,5.835,32.277,21.004,44.506
2026-09-05T19:42:00,M01,22.152,5.878,32.029,20.520,46.016
2026-09-05T19:43:00,M01,22.182,5.875,32.204,21.085,45.251
2026-09-05T19:44:00,M01,22.100,5.805,32.201,20.775,45.341
2026-09-05T19:45:00,M01,22.193,5.853,32.126,20.538,46.330
2026-09-05T19:46:00,M01,22.276,5.795,32.178,21.038,44.913
2026-09-05T19:47:00,M01,22.311,5.827,32.358,21.033,43.889
2026-09-05T19:48:00,M01,22.384,5.949,32.219,20.769,45.044
2026-09-05T19:49:00,M01,22.089,5.861,32.512,20.825,43.532
2026-09-05T19:50:00,M01,22.205,5.855,32.202,20.517,47.241
2026-09-05T19:51:00,M01,22.266,5.877,32.400,21.001,45.593
2026-09-05T19:52:00,M01,22.083,5.837,32.444,20.921,44.774
2026-09-05T19:53:00,M01,22.126,5.897,32.346,20.780,44.023
2026-09-05T19:54:00,M01,22.354,5.894,32.475,20.984,42.702
2026-09-05T19:55:00,M01,22.477,5.846,32.210,20.795,46.566
2026-09-05T19:56:00,M01,22.406,5.852,32.259,20.825,44.212
2026-09-05T19:57:00,M01,22.352,5.955,32.282,20.741,45.651
2026-09-05T19:58:00,M01,22.335,5.933,32.245,21.050,46.432
2026-09-05T19:59:00,M01,22.193,5.934,32.381,20.605,45.051
2026-09-05T20:00:00,M01,22.467,5.840,32.362,21.060,45.182
2026-09-05T20:01:00,M01,22.526,5.984,32.061,20.874,45.007
2026-09-05T20:02:00,M01,22.362,6.017,32.357,20.684,44.770
2026-09-05T20:03:00,M01,22.280,5.938,32.204,20.723,44.170
2026-09-05T20:04:00,M01,22.473,5.953,32.379,20.669,45.038
2026-09-05T20:05:00,M01,22.339,5.903,32.207,20.613,43.537
2026-09-05T20:06:00,M01,22.363,5.889,32.188,21.063,44.629
2026-09-05T20:07:00,M01,22.390,5.907,32.673,20.756,44.126
2026-09-05T20:08:00,M01,22.370,5.906,32.474,21.124,46.754
2026-09-05T20:09:00,M01,22.439,5.981,32.391,20.657,45.797
2026-09-05T20:10:00,M01,22.358,5.915,32.683,20.952,45.298
2026-09-05T20:11:00,M01,22.468,5.921,32.368,20.835,45.899
2026-09-05T20:12:00,M01,22.337,5.854,32.319,20.825,43.774
2026-09-05T20:13:00,M01,22.459,5.988,32.511,20.793,45.305
2026-09-05T20:14:00,M01,22.494,5.988,32.730,20.752,46.554
2026-09-05T20:15:00,M01,22.433,5.927,32.343,20.516,43.034
2026-09-05T20:16:00,M01,22.607,5.935,32.431,20.462,46.785
2026-09-05T20:17:00,M01,22.500,6.044,32.632,20.759,46.155
2026-09-05T20:18:00,M01,22.444,5.960,32.475,21.039,44.355
2026-09-05T20:19:00,M01,22.580,5.943,32.348,20.606,47.229
2026-09-05T20:20:00,M01,22.501,6.014,32.439,20.618,43.716
2026-09-05T20:21:00,M01,22.404,5.868,32.418,20.610,46.891
2026-09-05T20:22:00,M01,22.637,5.999,32.334,20.604,44.185
2026-09-05T20:23:00,M01,22.628,5.988,32.038,20.828,44.373
2026-09-05T20:24:00,M01,22.524,5.877,32.436,20.513,45.643
2026-09-05T20:25:00,M01,22.649,5.973,32.579,20.474,44.031
2026-09-05T20:26:00,M01,22.566,5.988,32.520,20.773,45.932
2026-09-05T20:27:00,M01,22.456,6.069,32.396,20.639,45.365
2026-09-05T20:28:00,M01,22.704,6.090,32.645,20.862,44.622
2026-09-05T20:29:00,M01,22.547,6.066,32.764,20.671,46.365
2026-09-05T20:30:00,M01,22.459,5.979,32.575,20.900,46.585
2026-09-05T20:31:00,M01,22.662,5.963,32.380,20.936,46.099
2026-09-05T20:32:00,M01,22.573,5.984,32.514,20.632,45.504
2026-09-05T20:33:00,M01,22.561,5.959,32.331,20.474,43.935
2026-09-05T20:34:00,M01,22.695,5.958,32.528,20.675,44.800
2026-09-05T20:35:00,M01,22.682,6.043,32.605,20.471,45.407
2026-09-05T20:36:00,M01,22.441,5.965,32.530,20.953,44.785
2026-09-05T20:37:00,M01,22.638,6.059,32.396,20.666,45.145
2026-09-05T20:38:00,M01,22.589,6.087,32.324,20.793,47.436
2026-09-05T20:39:00,M01,22.593,6.011,32.488,20.802,44.758
2026-09-05T20:40:00,M01,22.719,6.026,32.381,20.598,46.031
2026-09-05T20:41:00,M01,22.603,6.000,32.540,20.776,47.611
2026-09-05T20:42:00,M01,22.414,5.976,32.422,20.732,45.203
2026-09-05T20:43:00,M01,22.693,6.057,32.579,20.960,44.849
2026-09-05T20:44:00,M01,22.819,6.082,32.638,20.840,43.279
2026-09-05T20:45:00,M01,22.625,6.094,32.650,20.925,44.416
2026-09-05T20:46:00,M01,22.738,6.057,32.655,20.463,46.504
2026-09-05T20:47:00,M01,22.776,6.057,32.617,21.063,45.298
2026-09-05T20:48:00,M01,22.844,6.000,32.552,20.763,47.146
2026-09-05T20:49:00,M01,22.587,6.042,32.680,20.806,44.913
2026-09-05T20:50:00,M01,22.842,6.037,32.774,20.807,43.763
2026-09-05T20:51:00,M01,22.623,6.063,32.512,20.582,45.072
2026-09-05T20:52:00,M01,22.779,6.042,32.656,20.873,46.074
2026-09-05T20:53:00,M01,22.723,6.079,32.659,20.856,46.366
2026-09-05T20:54:00,M01,22.791,6.030,32.545,20.885,45.711
2026-09-05T20:55:00,M01,22.696,6.028,32.626,20.818,45.218
2026-09-05T20:56:00,M01,22.930,6.069,32.699,20.703,44.156
2026-09-05T20:57:00,M01,22.761,6.085,32.700,20.769,47.710
2026-09-05T20:58:00,M01,22.836,6.107,32.788,20.502,47.135
2026-09-05T20:59:00,M01,22.784,6.061,32.484,20.977,45.810
2026-09-05T21:00:00,M01,22.886,6.080,32.540,20.529,45.844
2026-09-05T21:01:00,M01,22.791,6.059,32.726,20.525,43.643
2026-09-05T21:02:00,M01,22.818,6.037,32.708,20.862,43.252
2026-09-05T21:03:00,M01,23.051,6.095,32.825,21.168,44.738
2026-09-05T21:04:00,M01,22.894,6.066,32.316,20.635,43.953
2026-09-05T21:05:00,M01,22.921,6.115,32.986,21.065,45.462
2026-09-05T21:06:00,M01,22.774,6.129,32.513,20.681,44.004
2026-09-05T21:07:00,M01,22.839,6.104,32.613,20.687,44.790
2026-09-05T21:08:00,M01,22.877,6.057,32.422,21.085,45.378
2026-09-05T21:09:00,M01,22.803,6.064,32.779,21.008,45.070
2026-09-05T21:10:00,M01,22.912,6.050,32.622,20.864,44.296
2026-09-05T21:11:00,M01,22.820,6.049,32.545,20.613,44.945
2026-09-05T21:12:00,M01,22.799,6.082,32.698,20.976,42.291
2026-09-05T21:13:00,M01,22.976,6.045,32.721,20.838,46.446
2026-09-05T21:14:00,M01,22.867,6.139,32.819,20.878,43.847
2026-09-05T21:15:00,M01,22.827,6.083,32.837,20.738,45.471
2026-09-05T21:16:00,M01,23.071,6.195,32.777,20.604,44.461
2026-09-05T21:17:00,M01,23.032,6.092,32.743,20.856,45.159
2026-09-05T21:18:00,M01,22.924,6.105,32.877,20.540,44.909
2026-09-05T21:19:00,M01,22.979,6.238,32.597,20.926,45.334
2026-09-05T21:20:00,M01,22.873,6.155,32.268,20.966,43.924
2026-09-05T21:21:00,M01,22.939,6.224,32.840,20.736,43.661
2026-09-05T21:22:00,M01,22.923,6.133,32.686,20.736,43.406
2026-09-05T21:23:00,M01,22.822,6.173,32.706,20.920,44.838
2026-09-05T21:24:00,M01,22.818,6.171,32.805,20.594,45.026
2026-09-05T21:25:00,M01,22.873,6.164,32.763,20.761,45.923
2026-09-05T21:26:00,M01,22.938,6.105,33.012,20.977,46.305
2026-09-05T21:27:00,M01,23.040,6.158,32.713,20.919,46.963
2026-09-05T21:28:00,M01,23.107,6.097,32.918,20.824,46.138
2026-09-05T21:29:00,M01,23.078,6.184,32.712,20.673,44.524
2026-09-05T21:30:00,M01,23.083,6.200,32.859,20.738,44.861
2026-09-05T21:31:00,M01,22.967,6.193,32.552,20.595,45.151
2026-09-05T21:32:00,M01,22.933,6.130,32.600,20.688,45.481
2026-09-05T21:33:00,M01,23.076,6.170,32.814,20.862,44.059
2026-09-05T21:34:00,M01,23.124,6.249,32.739,20.628,45.188
2026-09-05T21:35:00,M01,22.915,6.221,32.626,20.931,46.204
2026-09-05T21:36:00,M01,23.158,6.204,32.599,20.893,45.243
2026-09-05T21:37:00,M01,23.161,6.215,32.701,21.098,47.972
2026-09-05T21:38:00,M01,23.100,6.152,32.666,20.904,43.652
2026-09-05T21:39:00,M01,23.079,6.199,33.104,20.679,43.506
2026-09-05T21:40:00,M01,23.182,6.177,32.851,20.993,45.904
2026-09-05T21:41:00,M01,23.172,6.206,33.004,20.923,43.055
2026-09-05T21:42:00,M01,23.091,6.222,33.086,20.887,45.393
2026-09-05T21:43:00,M01,23.041,6.183,33.129,21.007,44.089
2026-09-05T21:44:00,M01,23.114,6.189,32.878,21.051,47.000
2026-09-05T21:45:00,M01,23.246,6.168,32.662,20.832,45.694
2026-09-05T21:46:00,M01,23.202,6.193,32.777,20.803,43.381
2026-09-05T21:47:00,M01,23.121,6.220,32.830,20.996,45.756
2026-09-05T21:48:00,M01,23.158,6.257,32.923,20.678,43.853
2026-09-05T21:49:00,M01,23.214,6.188,32.861,21.136,45.162
2026-09-05T21:50:00,M01,23.175,6.219,32.856,20.857,45.513
2026-09-05T21:51:00,M01,23.083,6.151,32.792,21.178,43.044
2026-09-05T21:52:00,M01,23.302,6.128,32.738,21.088,45.829
2026-09-05T21:53:00,M01,23.127,6.290,33.072,20.635,47.078
2026-09-05T21:54:00,M01,23.254,6.212,32.973,21.097,44.446
2026-09-05T21:55:00,M01,23.206,6.259,32.942,20.936,44.246
2026-09-05T21:56:00,M01,23.123,6.277,32.913,20.395,46.917
2026-09-05T21:57:00,M01,23.119,6.329,32.479,20.796,45.482
2026-09-05T21:58:00,M01,23.293,6.231,32.671,20.533,44.061
2026-09-05T21:59:00,M01,23.257,6.346,32.996,21.027,43.580
2026-09-05T22:00:00,M01,23.268,6.342,32.715,20.734,44.084
2026-09-05T22:01:00,M01,23.236,6.262,32.836,20.525,43.773
2026-09-05T22:02:00,M01,23.216,6.204,32.872,20.982,43.939
2026-09-05T22:03:00,M01,23.366,6.236,33.049,20.564,44.019
2026-09-05T22:04:00,M01,23.265,6.195,33.176,20.679,46.633
2026-09-05T22:05:00,M01,23.326,6.273,32.821,21.035,44.807
2026-09-05T22:06:00,M01,23.422,6.257,32.985,20.962,42.962
2026-09-05T22:07:00,M01,23.302,6.192,33.082,20.791,44.076
2026-09-05T22:08:00,M01,23.177,6.263,32.689,20.733,44.413
2026-09-05T22:09:00,M01,23.123,6.310,32.856,20.786,44.509
2026-09-05T22:10:00,M01,23.382,6.317,32.985,20.917,46.212
2026-09-05T22:11:00,M01,23.414,6.308,32.833,20.809,44.664
2026-09-05T22:12:00,M01,23.386,6.294,33.149,20.914,43.123
2026-09-05T22:13:00,M01,23.198,6.296,32.873,21.021,45.004
2026-09-05T22:14:00,M01,23.345,6.279,33.044,20.832,45.122
2026-09-05T22:15:00,M01,23.331,6.385,32.812,20.808,46.104
2026-09-05T22:16:00,M01,23.191,6.304,32.849,20.855,46.264
2026-09-05T22:17:00,M01,23.406,6.323,32.992,20.890,45.628
2026-09-05T22:18:00,M01,23.341,6.184,32.892,20.960,45.885
2026-09-05T22:19:00,M01,23.286,6.281,32.919,20.794,44.831
2026-09-05T22:20:00,M01,23.355,6.333,32.931,21.039,46.248
2026-09-05T22:21:00,M01,23.546,6.324,33.033,20.860,45.606
2026-09-05T22:22:00,M01,23.470,6.375,32.977,20.757,43.537
2026-09-05T22:23:00,M01,23.380,6.322,32.889,20.773,46.774
2026-09-05T22:24:00,M01,23.318,6.371,33.089,20.622,45.356
2026-09-05T22:25:00,M01,23.416,6.344,32.791,20.952,45.908
2026-09-05T22:26:00,M01,23.381,6.354,32.944,20.933,46.854
2026-09-05T22:27:00,M01,23.446,6.344,32.939,21.362,45.069
2026-09-05T22:28:00,M01,23.366,6.381,32.821,20.654,45.197
2026-09-05T22:29:00,M01,23.376,6.365,32.915,20.546,43.284
2026-09-05T22:30:00,M01,23.537,6.403,33.084,20.801,43.562
2026-09-05T22:31:00,M01,23.485,6.318,33.037,20.881,44.249
2026-09-05T22:32:00,M01,23.384,6.395,33.090,20.989,44.486
2026-09-05T22:33:00,M01,23.408,6.304,32.988,20.613,48.204
2026-09-05T22:34:00,M01,23.219,6.415,32.754,21.125,45.304
2026-09-05T22:35:00,M01,23.504,6.330,33.173,20.878,43.837
2026-09-05T22:36:00,M01,23.557,6.330,32.849,20.519,46.424
2026-09-05T22:37:00,M01,23.596,6.382,32.887,20.771,45.550
2026-09-05T22:38:00,M01,23.562,6.409,33.203,20.656,46.083
2026-09-05T22:39:00,M01,23.577,6.444,33.230,20.605,46.129
2026-09-05T22:40:00,M01,23.442,6.408,33.122,20.691,44.876
2026-09-05T22:41:00,M01,23.716,6.408,33.137,20.842,44.935
2026-09-05T22:42:00,M01,23.554,6.396,33.024,20.539,43.513
2026-09-05T22:43:00,M01,23.537,6.404,32.913,21.243,46.904
2026-09-05T22:44:00,M01,23.549,6.403,33.074,20.685,43.775
2026-09-05T22:45:00,M01,23.549,6.403,33.259,21.022,47.049
2026-09-05T22:46:00,M01,23.558,6.412,33.289,20.601,46.703
2026-09-05T22:47:00,M01,23.600,6.469,33.096,21.021,46.342
2026-09-05T22:48:00,M01,23.426,6.397,32.948,20.912,44.627
2026-09-05T22:49:00,M01,23.653,6.364,33.087,20.558,45.395
2026-09-05T22:50:00,M01,23.735,6.394,33.059,20.910,45.768
2026-09-05T22:51:00,M01,23.682,6.410,33.200,20.717,46.540
2026-09-05T22:52:00,M01,23.756,6.333,33.037,20.729,45.620
2026-09-05T22:53:00,M01,23.599,6.374,33.075,20.689,44.343
2026-09-05T22:54:00,M01,23.657,6.405,33.223,21.045,45.237
2026-09-05T22:55:00,M01,23.505,6.428,33.307,21.015,42.226
2026-09-05T22:56:00,M01,23.689,6.404,33.237,20.737,45.812
2026-09-05T22:57:00,M01,23.664,6.451,33.203,20.718,45.711
2026-09-05T22:58:00,M01,23.709,6.323,33.203,20.722,44.816
2026-09-05T22:59:00,M01,23.688,6.484,33.032,20.760,43.025
2026-09-05T23:00:00,M01,23.658,6.478,32.959,20.916,45.439
2026-09-05T23:01:00,M01,23.725,6.444,32.937,20.684,46.039
2026-09-05T23:02:00,M01,23.784,6.462,32.990,20.867,45.291
2026-09-05T23:03:00,M01,23.651,6.449,33.457,20.694,46.762
2026-09-05T23:04:00,M01,23.787,6.487,33.335,20.632,46.293
2026-09-05T23:05:00,M01,23.801,6.467,33.284,20.853,46.065
2026-09-05T23:06:00,M01,23.739,6.427,33.335,20.869,45.288
2026-09-05T23:07:00,M01,23.688,6.483,33.338,20.868,45.106
2026-09-05T23:08:00,M01,23.789,6.414,33.076,20.854,44.588
2026-09-05T23:09:00,M01,23.674,6.492,33.118,20.853,44.763
2026-09-05T23:10:00,M01,23.794,6.514,33.489,20.854,43.587
2026-09-05T23:11:00,M01,23.746,6.485,33.162,20.827,45.987
2026-09-05T23:12:00,M01,23.844,6.440,33.139,20.863,45.317
2026-09-05T23:13:00,M01,23.706,6.445,33.415,20.785,46.228
2026-09-05T23:14:00,M01,23.692,6.553,33.359,20.557,47.046
2026-09-05T23:15:00,M01,23.934,6.537,33.274,20.814,43.046
2026-09-05T23:16:00,M01,23.745,6.521,33.396,20.730,46.095
2026-09-05T23:17:00,M01,23.693,6.502,33.285,20.738,45.157
2026-09-05T23:18:00,M01,23.881,6.499,33.320,20.565,46.216
2026-09-05T23:19:00,M01,23.789,6.475,33.046,21.014,43.793
2026-09-05T23:20:00,M01,23.918,6.464,33.434,20.817,46.149
2026-09-05T23:21:00,M01,23.868,6.446,33.292,20.772,45.614
2026-09-05T23:22:00,M01,23.834,6.493,33.433,20.976,44.742
2026-09-05T23:23:00,M01,23.987,6.487,33.349,20.924,44.127
2026-09-05T23:24:00,M01,23.981,6.471,33.005,20.965,46.734
2026-09-05T23:25:00,M01,23.810,6.529,33.201,20.513,43.969
2026-09-05T23:26:00,M01,23.958,6.541,33.047,21.077,45.751
2026-09-05T23:27:00,M01,23.780,6.575,33.166,20.883,43.666
2026-09-05T23:28:00,M01,24.037,6.561,33.523,20.802,46.949
2026-09-05T23:29:00,M01,23.735,6.519,33.375,20.789,44.191
2026-09-05T23:30:00,M01,23.866,6.571,33.483,20.872,44.978
2026-09-05T23:31:00,M01,23.965,6.572,33.181,21.242,43.198
2026-09-05T23:32:00,M01,23.953,6.506,33.340,20.549,45.318
2026-09-05T23:33:00,M01,23.977,6.524,33.328,21.036,45.269
2026-09-05T23:34:00,M01,23.995,6.542,33.305,20.724,46.542
2026-09-05T23:35:00,M01,24.003,6.502,33.296,20.732,45.938
2026-09-05T23:36:00,M01,24.193,6.521,32.994,20.684,44.213
2026-09-05T23:37:00,M01,23.985,6.568,33.379,20.769,45.905
2026-09-05T23:38:00,M01,23.986,6.588,33.151,20.700,43.347
2026-09-05T23:39:00,M01,23.928,6.525,33.510,20.602,44.121
2026-09-05T23:40:00,M01,24.007,6.540,33.264,20.862,45.607
2026-09-05T23:41:00,M01,23.844,6.534,33.495,20.805,44.398
2026-09-05T23:42:00,M01,24.072,6.537,32.970,21.018,43.742
2026-09-05T23:43:00,M01,23.986,6.569,33.352,20.907,46.710
2026-09-05T23:44:00,M01,23.881,6.572,33.434,20.470,44.955
2026-09-05T23:45:00,M01,23.956,6.565,33.079,20.780,45.709
2026-09-05T23:46:00,M01,24.151,6.600,33.294,20.752,43.390
2026-09-05T23:47:00,M01,23.970,6.519,33.448,20.853,42.920
2026-09-05T23:48:00,M01,23.961,6.507,33.412,20.616,44.776
2026-09-05T23:49:00,M01,24.140,6.585,33.491,20.910,45.715
2026-09-05T23:50:00,M01,24.182,6.564,33.114,20.733,43.675
2026-09-05T23:51:00,M01,24.178,6.580,33.669,20.791,47.255
2026-09-05T23:52:00,M01,24.042,6.621,33.386,20.828,44.658
2026-09-05T23:53:00,M01,24.079,6.623,33.129,20.856,46.327
2026-09-05T23:54:00,M01,24.148,6.624,33.353,20.622,44.286
2026-09-05T23:55:00,M01,24.034,6.585,33.402,20.689,43.873
2026-09-05T23:56:00,M01,24.110,6.580,33.279,20.861,44.840
2026-09-05T23:57:00,M01,24.239,6.566,33.486,20.800,44.680
2026-09-05T23:58:00,M01,24.190,6.623,33.353,20.614,46.607
2026-09-05T23:59:00,M01,24.219,6.634,33.391,21.011,44.686
2026-09-06T00:00:00,M01,23.577,6.434,30.141,19.765,44.859
2026-09-06T00:01:00,M01,23.565,6.460,30.395,20.104,44.217
2026-09-06T00:02:00,M01,23.536,6.417,30.497,20.059,45.957
2026-09-06T00:03:00,M01,23.516,6.455,30.669,19.815,44.239
2026-09-06T00:04:00,M01,23.676,6.424,30.708,19.816,43.547
2026-09-06T00:05:00,M01,23.639,6.364,30.843,20.030,45.749
2026-09-06T00:06:00,M01,23.576,6.453,30.925,20.338,44.494
2026-09-06T00:07:00,M01,23.712,6.513,31.166,20.162,45.963
2026-09-06T00:08:00,M01,23.571,6.499,31.334,20.222,45.276
2026-09-06T00:09:00,M01,23.910,6.431,31.234,19.991,46.794
2026-09-06T00:10:00,M01,23.759,6.527,31.444,20.070,45.362
2026-09-06T00:11:00,M01,23.963,6.478,31.401,20.365,45.289
2026-09-06T00:12:00,M01,23.867,6.616,31.542,20.181,43.900
2026-09-06T00:13:00,M01,23.799,6.553,31.518,20.268,47.069
2026-09-06T00:14:00,M01,23.796,6.496,31.529,20.220,45.929
2026-09-06T00:15:00,M01,24.058,6.548,31.524,20.147,44.549
2026-09-06T00:16:00,M01,23.949,6.533,31.705,20.046,43.635
2026-09-06T00:17:00,M01,23.915,6.572,31.558,20.432,44.891
2026-09-06T00:18:00,M01,24.068,6.480,32.080,20.274,45.331
2026-09-06T00:19:00,M01,23.929,6.511,31.756,20.430,46.501
2026-09-06T00:20:00,M01,23.928,6.546,32.088,20.313,45.026
2026-09-06T00:21:00,M01,24.043,6.692,31.797,20.307,46.159
2026-09-06T00:22:00,M01,24.113,6.574,31.877,20.416,43.304
2026-09-06T00:23:00,M01,24.110,6.535,32.059,20.390,47.689
2026-09-06T00:24:00,M01,24.083,6.593,32.080,19.763,44.286
2026-09-06T00:25:00,M01,24.074,6.670,32.122,20.237,43.480
2026-09-06T00:26:00,M01,24.023,6.549,32.090,20.484,44.794
2026-09-06T00:27:00,M01,24.082,6.588,32.214,20.346,44.847
2026-09-06T00:28:00,M01,24.195,6.611,32.164,20.238,46.590
2026-09-06T00:29:00,M01,24.092,6.618,31.971,20.769,45.331
2026-09-06T00:30:00,M01,24.128,6.631,32.344,20.580,41.977
2026-09-06T00:31:00,M01,24.037,6.634,32.597,20.686,46.593
2026-09-06T00:32:00,M01,24.254,6.659,32.310,20.536,44.695
2026-09-06T00:33:00,M01,24.138,6.653,32.640,20.639,43.863
2026-09-06T00:34:00,M01,24.194,6.681,32.707,20.674,43.551
2026-09-06T00:35:00,M01,24.254,6.662,32.675,20.378,45.607
2026-09-06T00:36:00,M01,24.238,6.624,32.514,20.569,44.936
2026-09-06T00:37:00,M01,24.263,6.727,32.932,20.521,44.324
2026-09-06T00:38:00,M01,24.274,6.733,32.506,20.536,44.232
2026-09-06T00:39:00,M01,24.527,6.642,32.689,20.622,44.718
2026-09-06T00:40:00,M01,24.380,6.685,32.544,20.257,44.001
2026-09-06T00:41:00,M01,24.257,6.695,32.863,20.822,46.472
2026-09-06T00:42:00,M01,24.365,6.670,32.739,20.670,44.573
2026-09-06T00:43:00,M01,24.372,6.715,32.844,20.486,44.469
2026-09-06T00:44:00,M01,24.400,6.593,32.799,20.658,43.928
2026-09-06T00:45:00,M01,24.333,6.673,33.022,20.789,44.931
2026-09-06T00:46:00,M01,24.494,6.720,33.113,20.735,45.377
2026-09-06T00:47:00,M01,24.526,6.731,32.898,20.401,44.760
2026-09-06T00:48:00,M01,24.381,6.739,32.905,20.977,44.917
2026-09-06T00:49:00,M01,24.603,6.747,32.872,20.260,44.368
2026-09-06T00:50:00,M01,24.305,6.779,32.762,20.802,44.409
2026-09-06T00:51:00,M01,24.373,6.670,32.950,20.653,45.808
2026-09-06T00:52:00,M01,24.367,6.717,33.042,20.528,46.340
2026-09-06T00:53:00,M01,24.396,6.693,33.364,20.677,44.817
2026-09-06T00:54:00,M01,24.582,6.755,33.121,20.318,44.343
2026-09-06T00:55:00,M01,24.581,6.862,33.237,20.579,45.255
2026-09-06T00:56:00,M01,24.434,6.788,33.259,20.712,44.507
2026-09-06T00:57:00,M01,24.443,6.758,33.318,20.776,46.205
2026-09-06T00:58:00,M01,24.468,6.726,33.245,20.632,43.829
2026-09-06T00:59:00,M01,24.664,6.771,33.188,20.606,46.249
2026-09-06T01:00:00,M01,24.463,6.745,33.289,20.932,45.068
2026-09-06T01:01:00,M01,24.485,6.727,33.306,20.486,43.263
2026-09-06T01:02:00,M01,24.382,6.749,33.158,20.431,44.687
2026-09-06T01:03:00,M01,24.647,6.764,33.159,20.716,45.070
2026-09-06T01:04:00,M01,24.698,6.690,33.397,20.671,44.074
2026-09-06T01:05:00,M01,24.498,6.815,33.595,20.584,46.644
2026-09-06T01:06:00,M01,24.543,6.856,32.992,20.783,45.383
2026-09-06T01:07:00,M01,24.408,6.829,33.305,20.745,45.832
2026-09-06T01:08:00,M01,24.702,6.863,33.424,20.582,44.815
2026-09-06T01:09:00,M01,24.504,6.819,33.448,20.731,44.036
2026-09-06T01:10:00,M01,24.649,6.878,33.381,20.986,44.851
2026-09-06T01:11:00,M01,24.567,6.787,33.541,20.740,43.194
2026-09-06T01:12:00,M01,24.707,6.831,33.547,20.764,45.241
2026-09-06T01:13:00,M01,24.661,6.857,33.442,20.445,47.031
2026-09-06T01:14:00,M01,24.596,6.777,33.431,20.426,44.696
2026-09-06T01:15:00,M01,24.616,6.799,33.509,20.839,43.707
2026-09-06T01:16:00,M01,24.763,6.793,33.681,20.552,45.974
2026-09-06T01:17:00,M01,24.732,6.816,33.450,21.044,43.770
2026-09-06T01:18:00,M01,24.882,6.833,33.410,20.976,44.679
2026-09-06T01:19:00,M01,24.659,6.850,33.536,20.770,44.124
2026-09-06T01:20:00,M01,24.926,6.859,33.299,20.488,44.992
2026-09-06T01:21:00,M01,24.716,6.843,33.531,20.544,43.768
2026-09-06T01:22:00,M01,24.697,6.816,33.635,20.724,42.688
2026-09-06T01:23:00,M01,24.809,6.827,33.397,20.706,42.582
2026-09-06T01:24:00,M01,24.769,6.889,33.656,20.907,44.767
2026-09-06T01:25:00,M01,24.879,6.854,33.638,20.797,45.890
2026-09-06T01:26:00,M01,24.849,6.856,33.444,20.732,44.504
2026-09-06T01:27:00,M01,24.829,6.864,33.479,20.900,44.967
2026-09-06T01:28:00,M01,24.906,6.893,33.665,20.694,43.372
2026-09-06T01:29:00,M01,24.836,6.949,33.597,20.642,41.893
2026-09-06T01:30:00,M01,24.782,6.842,33.568,21.055,44.692
2026-09-06T01:31:00,M01,24.884,6.802,33.584,20.785,44.535
2026-09-06T01:32:00,M01,24.814,6.857,33.747,20.914,45.060
2026-09-06T01:33:00,M01,24.861,6.837,33.716,20.799,45.578
2026-09-06T01:34:00,M01,24.790,6.917,33.737,20.973,46.962
2026-09-06T01:35:00,M01,24.879,6.928,33.740,20.669,45.875
2026-09-06T01:36:00,M01,24.962,6.909,33.438,20.630,45.549
2026-09-06T01:37:00,M01,24.857,6.860,33.591,20.776,46.826
2026-09-06T01:38:00,M01,24.801,6.932,33.642,20.778,46.513
2026-09-06T01:39:00,M01,24.768,6.863,33.686,21.032,43.735
2026-09-06T01:40:00,M01,24.867,6.870,33.443,20.803,42.184
2026-09-06T01:41:00,M01,24.810,6.906,33.810,20.839,46.230
2026-09-06T01:42:00,M01,24.852,6.934,33.556,20.820,44.336
2026-09-06T01:43:00,M01,24.885,6.931,33.877,20.834,45.840
2026-09-06T01:44:00,M01,24.977,6.952,33.766,20.645,44.406
2026-09-06T01:45:00,M01,25.073,6.894,33.758,20.642,42.889
2026-09-06T01:46:00,M01,24.968,6.977,33.588,20.934,46.803
2026-09-06T01:47:00,M01,24.817,7.002,33.806,20.787,46.092
2026-09-06T01:48:00,M01,24.914,6.911,33.634,20.856,43.000
2026-09-06T01:49:00,M01,25.031,6.932,33.743,20.644,45.609
2026-09-06T01:50:00,M01,25.018,6.922,33.622,20.855,44.992
2026-09-06T01:51:00,M01,24.969,6.949,33.771,20.930,45.350
2026-09-06T01:52:00,M01,25.019,7.000,33.682,20.791,43.948
2026-09-06T01:53:00,M01,25.118,6.958,33.749,20.913,44.824
2026-09-06T01:54:00,M01,25.148,6.939,33.757,20.827,45.162
2026-09-06T01:55:00,M01,24.827,6.969,33.706,21.079,46.470
2026-09-06T01:56:00,M01,25.170,6.927,33.893,21.086,44.003
2026-09-06T01:57:00,M01,25.082,6.958,33.814,20.868,46.331
2026-09-06T01:58:00,M01,24.987,7.004,33.793,20.721,45.631
2026-09-06T01:59:00,M01,24.867,6.986,33.662,20.881,44.064
2026-09-06T02:00:00,M01,24.951,7.004,34.082,20.940,45.613
2026-09-06T02:01:00,M01,24.832,6.965,34.110,20.762,44.610
2026-09-06T02:02:00,M01,25.044,6.870,33.780,21.026,44.782
2026-09-06T02:03:00,M01,25.071,6.955,33.658,20.864,46.821
2026-09-06T02:04:00,M01,25.180,7.010,33.861,20.661,44.596
2026-09-06T02:05:00,M01,24.988,7.028,33.585,21.036,44.901
2026-09-06T02:06:00,M01,25.243,6.979,33.749,21.023,45.051
2026-09-06T02:07:00,M01,24.894,6.995,34.019,20.817,44.821
2026-09-06T02:08:00,M01,25.175,6.960,34.072,20.424,43.127
2026-09-06T02:09:00,M01,25.024,7.058,33.812,20.758,44.556
2026-09-06T02:10:00,M01,25.122,7.088,34.001,20.789,46.753
2026-09-06T02:11:00,M01,25.173,6.987,33.791,20.705,45.920
2026-09-06T02:12:00,M01,25.058,7.109,33.953,20.933,44.043
2026-09-06T02:13:00,M01,25.180,6.955,33.926,20.567,45.483
2026-09-06T02:14:00,M01,25.274,7.052,34.176,20.788,42.794
2026-09-06T02:15:00,M01,25.168,6.914,33.701,21.008,46.230
2026-09-06T02:16:00,M01,24.929,7.082,33.877,20.673,44.392
2026-09-06T02:17:00,M01,25.082,7.022,33.563,20.897,43.542
2026-09-06T02:18:00,M01,25.241,7.001,33.966,20.449,43.719
2026-09-06T02:19:00,M01,25.207,7.020,34.080,21.074,44.118
2026-09-06T02:20:00,M01,25.271,7.095,34.149,20.813,44.748
2026-09-06T02:21:00,M01,25.360,7.052,34.038,20.885,45.003
2026-09-06T02:22:00,M01,25.197,7.075,34.152,21.144,45.047
2026-09-06T02:23:00,M01,25.249,7.073,33.932,20.766,45.524
2026-09-06T02:24:00,M01,25.303,7.088,33.902,21.107,45.614
2026-09-06T02:25:00,M01,25.335,7.104,33.959,20.632,43.096
2026-09-06T02:26:00,M01,25.249,7.006,34.160,21.050,45.636
2026-09-06T02:27:00,M01,25.073,7.051,33.965,20.861,45.473
2026-09-06T02:28:00,M01,25.254,7.101,33.734,20.951,46.392
2026-09-06T02:29:00,M01,25.321,7.032,34.194,20.652,43.967
2026-09-06T02:30:00,M01,25.297,7.038,33.947,20.972,45.539
2026-09-06T02:31:00,M01,25.295,6.994,34.167,20.498,46.106
2026-09-06T02:32:00,M01,25.278,7.110,33.874,20.817,46.923
2026-09-06T02:33:00,M01,25.333,7.032,33.928,20.885,45.262
2026-09-06T02:34:00,M01,25.211,7.030,33.912,20.975,44.762
2026-09-06T02:35:00,M01,25.392,7.144,34.091,20.906,45.740
2026-09-06T02:36:00,M01,25.330,7.112,33.951,20.824,46.208
2026-09-06T02:37:00,M01,25.256,7.058,33.869,20.851,44.480
2026-09-06T02:38:00,M01,25.368,7.086,33.972,20.741,42.902
2026-09-06T02:39:00,M01,25.285,7.012,34.089,20.959,46.390
2026-09-06T02:40:00,M01,25.368,7.131,33.816,20.702,45.350
2026-09-06T02:41:00,M01,25.313,7.145,33.944,20.739,44.130
2026-09-06T02:42:00,M01,25.476,7.134,34.164,21.120,44.761
2026-09-06T02:43:00,M01,25.382,7.122,34.005,20.724,45.940
2026-09-06T02:44:00,M01,25.352,7.143,34.202,20.954,48.441
2026-09-06T02:45:00,M01,25.219,7.166,33.806,21.114,45.549
2026-09-06T02:46:00,M01,25.316,7.074,34.483,20.870,46.225
2026-09-06T02:47:00,M01,25.511,7.106,33.929,20.901,46.551
2026-09-06T02:48:00,M01,25.367,7.127,33.978,20.760,45.048
2026-09-06T02:49:00,M01,25.445,7.157,33.792,20.922,44.849
2026-09-06T02:50:00,M01,25.371,7.186,34.025,20.855,45.559
2026-09-06T02:51:00,M01,25.354,7.136,34.118,20.676,46.358
2026-09-06T02:52:00,M01,25.344,7.237,33.841,21.054,46.035
2026-09-06T02:53:00,M01,25.379,7.106,34.299,21.058,45.298
2026-09-06T02:54:00,M01,25.449,7.108,33.998,20.875,45.217
2026-09-06T02:55:00,M01,25.490,7.197,34.136,20.889,43.842
2026-09-06T02:56:00,M01,25.474,7.142,34.197,20.822,43.360
2026-09-06T02:57:00,M01,25.588,7.159,34.011,21.013,45.607
2026-09-06T02:58:00,M01,25.521,7.164,34.217,20.937,46.352
2026-09-06T02:59:00,M01,25.482,7.145,33.996,20.796,42.024
2026-09-06T03:00:00,M01,25.510,7.233,34.203,20.418,45.661
2026-09-06T03:01:00,M01,25.546,7.106,34.120,21.056,43.822
2026-09-06T03:02:00,M01,25.539,7.207,34.084,20.630,45.554
2026-09-06T03:03:00,M01,25.493,7.166,34.342,20.210,43.343
2026-09-06T03:04:00,M01,25.649,7.142,34.117,20.935,46.070
2026-09-06T03:05:00,M01,25.653,7.227,33.999,20.898,43.944
2026-09-06T03:06:00,M01,25.367,7.200,34.218,20.757,45.022
2026-09-06T03:07:00,M01,25.493,7.185,34.100,20.823,42.604
2026-09-06T03:08:00,M01,25.702,7.173,34.001,21.003,44.376
2026-09-06T03:09:00,M01,25.672,7.167,34.205,20.584,44.326
2026-09-06T03:10:00,M01,25.508,7.255,34.200,20.493,46.536
2026-09-06T03:11:00,M01,25.607,7.231,34.126,21.094,44.272
2026-09-06T03:12:00,M01,25.691,7.221,34.219,20.660,45.539
2026-09-06T03:13:00,M01,25.662,7.232,34.241,21.147,43.846
2026-09-06T03:14:00,M01,25.591,7.205,34.126,20.504,45.400
2026-09-06T03:15:00,M01,25.788,7.152,34.171,20.593,44.563
2026-09-06T03:16:00,M01,25.606,7.238,34.109,20.838,45.169
2026-09-06T03:17:00,M01,25.522,7.256,34.181,20.755,46.326
2026-09-06T03:18:00,M01,25.461,7.256,34.141,20.733,45.508
2026-09-06T03:19:00,M01,25.581,7.226,34.221,20.762,43.467
2026-09-06T03:20:00,M01,25.541,7.245,34.239,20.971,47.447
2026-09-06T03:21:00,M01,25.651,7.193,34.414,20.566,45.757
2026-09-06T03:22:00,M01,25.692,7.342,34.196,20.825,43.445
2026-09-06T03:23:00,M01,25.653,7.221,34.229,20.536,46.567
2026-09-06T03:24:00,M01,25.707,7.241,33.999,20.696,44.518
2026-09-06T03:25:00,M01,25.668,7.268,34.145,21.145,45.085
2026-09-06T03:26:00,M01,25.656,7.252,34.183,20.797,45.470
2026-09-06T03:27:00,M01,25.758,7.225,34.480,20.742,44.478
2026-09-06T03:28:00,M01,25.764,7.249,34.536,20.470,46.291
2026-09-06T03:29:00,M01,25.959,7.248,34.157,21.011,45.770
2026-09-06T03:30:00,M01,25.571,7.178,34.298,20.716,44.151
2026-09-06T03:31:00,M01,25.855,7.288,34.241,21.197,45.882
2026-09-06T03:32:00,M01,25.578,7.214,34.295,20.744,46.458
2026-09-06T03:33:00,M01,25.746,7.303,34.428,20.821,44.833
2026-09-06T03:34:00,M01,25.756,7.272,34.244,20.584,44.924
2026-09-06T03:35:00,M01,25.844,7.196,34.072,20.880,45.105
2026-09-06T03:36:00,M01,25.708,7.276,34.212,20.659,44.932
2026-09-06T03:37:00,M01,25.813,7.289,34.298,20.893,44.558
2026-09-06T03:38:00,M01,25.734,7.305,34.190,20.742,46.432
2026-09-06T03:39:00,M01,25.827,7.326,34.203,20.780,43.864
2026-09-06T03:40:00,M01,25.782,7.283,34.205,20.872,46.104
2026-09-06T03:41:00,M01,25.740,7.231,34.643,20.650,45.168
2026-09-06T03:42:00,M01,25.702,7.296,34.383,20.878,46.196
2026-09-06T03:43:00,M01,25.884,7.327,34.241,21.054,45.097
2026-09-06T03:44:00,M01,25.679,7.376,34.289,20.624,44.044
2026-09-06T03:45:00,M01,25.862,7.252,34.132,21.218,44.764
2026-09-06T03:46:00,M01,25.969,7.234,34.295,20.788,45.605
2026-09-06T03:47:00,M01,25.998,7.347,34.218,20.563,45.141
2026-09-06T03:48:00,M01,25.768,7.330,34.522,20.930,44.472
2026-09-06T03:49:00,M01,25.880,7.236,34.193,21.030,45.853
2026-09-06T03:50:00,M01,25.865,7.292,34.464,20.851,45.380
2026-09-06T03:51:00,M01,25.913,7.307,34.347,20.955,45.899
2026-09-06T03:52:00,M01,25.973,7.390,34.189,20.727,46.826
2026-09-06T03:53:00,M01,25.951,7.262,34.450,20.651,46.595
2026-09-06T03:54:00,M01,25.965,7.292,34.023,20.766,45.459
2026-09-06T03:55:00,M01,25.912,7.349,34.369,20.866,43.901
2026-09-06T03:56:00,M01,25.941,7.274,34.481,20.401,45.255
2026-09-06T03:57:00,M01,26.015,7.372,34.381,20.552,46.505
2026-09-06T03:58:00,M01,26.197,7.330,34.722,20.944,44.479
2026-09-06T03:59:00,M01,25.956,7.335,34.377,20.800,47.053
2026-09-06T04:00:00,M01,26.017,7.266,34.091,20.758,44.136
2026-09-06T04:01:00,M01,25.810,7.235,34.300,20.862,43.374
2026-09-06T04:02:00,M01,25.839,7.254,34.345,20.927,45.628
2026-09-06T04:03:00,M01,26.080,7.392,34.345,20.707,47.387
2026-09-06T04:04:00,M01,26.023,7.383,34.297,20.680,46.834
2026-09-06T04:05:00,M01,25.831,7.288,34.120,21.074,45.570
2026-09-06T04:06:00,M01,25.966,7.304,34.308,20.822,44.497
2026-09-06T04:07:00,M01,26.047,7.376,34.451,20.943,43.942
2026-09-06T04:08:00,M01,26.176,7.262,34.450,20.917,44.157
2026-09-06T04:09:00,M01,26.072,7.393,34.564,20.827,44.372
2026-09-06T04:10:00,M01,25.973,7.453,34.557,20.732,46.787
2026-09-06T04:11:00,M01,25.945,7.418,34.471,20.897,45.525
2026-09-06T04:12:00,M01,26.078,7.368,34.362,20.791,44.227
2026-09-06T04:13:00,M01,26.117,7.375,34.383,20.652,42.810
2026-09-06T04:14:00,M01,26.204,7.358,34.293,20.716,45.307
2026-09-06T04:15:00,M01,26.065,7.493,34.376,20.705,45.570
2026-09-06T04:16:00,M01,26.131,7.398,34.379,20.845,46.419
2026-09-06T04:17:00,M01,26.118,7.449,34.329,20.427,44.972
2026-09-06T04:18:00,M01,26.074,7.452,34.357,20.768,45.589
2026-09-06T04:19:00,M01,26.167,7.528,34.278,21.010,46.244
2026-09-06T04:20:00,M01,25.972,7.400,34.404,20.815,47.114
2026-09-06T04:21:00,M01,26.233,7.345,34.377,20.902,45.087
2026-09-06T04:22:00,M01,26.223,7.357,34.443,20.815,44.507
2026-09-06T04:23:00,M01,26.143,7.458,34.667,20.874,44.693
2026-09-06T04:24:00,M01,26.088,7.407,34.508,20.681,44.637
2026-09-06T04:25:00,M01,26.034,7.356,34.351,20.815,43.586
2026-09-06T04:26:00,M01,26.023,7.374,34.283,21.205,44.755
2026-09-06T04:27:00,M01,26.131,7.422,34.535,20.763,46.412
2026-09-06T04:28:00,M01,26.192,7.459,34.576,20.827,46.873
2026-09-06T04:29:00,M01,26.242,7.429,34.619,20.853,43.194
2026-09-06T04:30:00,M01,26.092,7.417,34.276,20.298,43.566
2026-09-06T04:31:00,M01,26.173,7.479,34.130,20.864,45.076
2026-09-06T04:32:00,M01,26.172,7.465,34.398,20.829,43.472
2026-09-06T04:33:00,M01,26.304,7.336,34.481,20.951,44.787
2026-09-06T04:34:00,M01,26.119,7.428,34.394,20.991,44.115
2026-09-06T04:35:00,M01,26.113,7.460,34.505,20.915,45.262
2026-09-06T04:36:00,M01,26.271,7.404,34.608,20.932,44.938
2026-09-06T04:37:00,M01,26.198,7.451,34.504,20.832,44.054
2026-09-06T04:38:00,M01,26.212,7.466,34.360,20.880,45.694
2026-09-06T04:39:00,M01,26.350,7.474,34.560,20.766,45.783
2026-09-06T04:40:00,M01,26.401,7.503,34.435,21.054,47.334
2026-09-06T04:41:00,M01,26.272,7.452,34.374,20.682,46.884
2026-09-06T04:42:00,M01,26.325,7.575,34.503,21.053,43.144
2026-09-06T04:43:00,M01,26.213,7.484,34.416,20.895,42.910
2026-09-06T04:44:00,M01,26.294,7.518,34.797,20.511,43.588
2026-09-06T04:45:00,M01,26.183,7.487,34.696,20.867,45.660
2026-09-06T04:46:00,M01,26.354,7.473,34.878,20.719,46.233
2026-09-06T04:47:00,M01,26.409,7.514,34.622,20.844,43.313
2026-09-06T04:48:00,M01,26.259,7.471,34.753,20.607,45.365
2026-09-06T04:49:00,M01,26.302,7.493,34.568,21.074,43.253
2026-09-06T04:50:00,M01,26.479,7.489,34.364,21.030,45.250
2026-09-06T04:51:00,M01,26.242,7.501,34.311,20.598,44.665
2026-09-06T04:52:00,M01,26.291,7.505,34.530,20.593,45.613
2026-09-06T04:53:00,M01,26.313,7.487,34.850,20.694,45.106
2026-09-06T04:54:00,M01,26.230,7.523,34.639,21.050,46.255
2026-09-06T04:55:00,M01,26.279,7.488,34.623,20.883,44.112
2026-09-06T04:56:00,M01,26.464,7.477,34.514,20.716,44.814
2026-09-06T04:57:00,M01,26.417,7.511,34.488,21.175,43.954
2026-09-06T04:58:00,M01,26.336,7.635,34.611,20.873,43.225
2026-09-06T04:59:00,M01,26.212,7.488,34.489,20.905,43.673
2026-09-06T05:00:00,M01,26.370,7.551,34.643,20.671,45.829
2026-09-06T05:01:00,M01,26.641,7.456,34.525,20.916,46.003
2026-09-06T05:02:00,M01,26.273,7.566,34.691,20.779,46.353
2026-09-06T05:03:00,M01,26.584,7.560,34.621,21.014,42.802
2026-09-06T05:04:00,M01,26.507,7.514,34.675,20.713,44.231
2026-09-06T05:05:00,M01,26.361,7.461,34.536,20.723,44.723
2026-09-06T05:06:00,M01,26.369,7.569,34.589,20.736,45.575
2026-09-06T05:07:00,M01,26.414,7.512,34.814,20.972,44.968
2026-09-06T05:08:00,M01,26.441,7.575,34.620,21.004,43.867
2026-09-06T05:09:00,M01,26.546,7.522,34.631,20.708,43.707
2026-09-06T05:10:00,M01,26.517,7.530,34.822,21.084,44.787
2026-09-06T05:11:00,M01,26.415,7.465,34.882,20.932,45.641
2026-09-06T05:12:00,M01,26.458,7.606,34.592,20.780,45.673
2026-09-06T05:13:00,M01,26.493,7.518,34.625,21.156,47.416
2026-09-06T05:14:00,M01,26.532,7.582,34.579,20.606,44.625
2026-09-06T05:15:00,M01,26.585,7.531,34.929,20.772,43.754
2026-09-06T05:16:00,M01,26.455,7.532,34.712,20.795,43.315
2026-09-06T05:17:00,M01,26.503,7.557,34.599,20.687,43.444
2026-09-06T05:18:00,M01,26.615,7.495,34.495,20.634,42.839
2026-09-06T05:19:00,M01,26.492,7.564,34.681,20.709,45.946
2026-09-06T05:20:00,M01,26.529,7.649,34.801,21.010,44.504
2026-09-06T05:21:00,M01,26.493,7.514,34.645,21.028,45.231
2026-09-06T05:22:00,M01,26.582,7.587,34.562,20.816,46.389
2026-09-06T05:23:00,M01,26.529,7.633,34.977,21.093,44.228
2026-09-06T05:24:00,M01,26.554,7.635,34.622,20.671,45.549
2026-09-06T05:25:00,M01,26.588,7.675,34.659,20.725,46.229
2026-09-06T05:26:00,M01,26.574,7.613,34.718,20.484,45.430
2026-09-06T05:27:00,M01,26.657,7.504,34.982,20.749,43.061
2026-09-06T05:28:00,M01,26.559,7.630,34.639,20.561,43.933
2026-09-06T05:29:00,M01,26.400,7.666,34.619,20.796,45.665
2026-09-06T05:30:00,M01,26.546,7.641,34.668,20.657,43.422
2026-09-06T05:31:00,M01,26.701,7.648,34.702,20.571,45.690
2026-09-06T05:32:00,M01,26.640,7.675,34.607,21.099,43.991
2026-09-06T05:33:00,M01,26.565,7.645,34.698,20.688,44.357
2026-09-06T05:34:00,M01,26.672,7.618,34.799,20.851,44.668
2026-09-06T05:35:00,M01,26.691,7.649,35.023,20.816,44.040
2026-09-06T05:36:00,M01,26.827,7.572,34.868,20.673,43.045
2026-09-06T05:37:00,M01,26.701,7.655,35.040,21.007,44.864
2026-09-06T05:38:00,M01,26.648,7.656,34.994,20.824,43.262
2026-09-06T05:39:00,M01,26.684,7.676,34.751,20.770,44.688
2026-09-06T05:40:00,M01,26.802,7.627,34.997,20.901,45.976
2026-09-06T05:41:00,M01,26.657,7.654,34.614,20.758,43.288
2026-09-06T05:42:00,M01,26.697,7.656,34.664,20.393,46.457
2026-09-06T05:43:00,M01,26.690,7.617,34.903,20.806,45.370
2026-09-06T05:44:00,M01,26.701,7.622,34.718,20.689,45.393
2026-09-06T05:45:00,M01,26.671,7.627,34.643,21.120,45.607
2026-09-06T05:46:00,M01,26.659,7.636,34.750,20.676,44.563
2026-09-06T05:47:00,M01,26.801,7.708,34.879,20.447,47.369
2026-09-06T05:48:00,M01,26.741,7.590,35.007,20.837,43.603
2026-09-06T05:49:00,M01,26.762,7.632,34.643,20.596,44.969
2026-09-06T05:50:00,M01,26.771,7.634,34.720,20.973,44.312
2026-09-06T05:51:00,M01,26.815,7.688,35.024,20.599,46.002
2026-09-06T05:52:00,M01,26.868,7.687,34.958,20.809,46.531
2026-09-06T05:53:00,M01,26.992,7.648,35.131,20.756,44.447
2026-09-06T05:54:00,M01,26.706,7.633,34.805,20.636,45.694
2026-09-06T05:55:00,M01,26.693,7.684,34.792,20.548,45.694
2026-09-06T05:56:00,M01,26.756,7.708,34.869,20.693,44.688
2026-09-06T05:57:00,M01,26.900,7.707,34.684,20.726,43.781
2026-09-06T05:58:00,M01,26.771,7.717,34.768,21.020,44.994
2026-09-06T05:59:00,M01,27.075,7.698,34.786,20.508,45.180
2026-09-06T06:00:00,M01,27.011,7.657,35.064,20.806,44.640
2026-09-06T06:01:00,M01,26.777,7.705,34.859,21.179,44.340
2026-09-06T06:02:00,M01,26.875,7.674,35.124,20.673,44.514
2026-09-06T06:03:00,M01,26.945,7.599,34.849,20.416,45.688
2026-09-06T06:04:00,M01,26.800,7.648,35.080,20.814,45.640
2026-09-06T06:05:00,M01,27.102,7.744,34.844,20.789,46.130
2026-09-06T06:06:00,M01,26.879,7.761,34.925,20.560,44.425
2026-09-06T06:07:00,M01,26.921,7.708,34.918,20.947,46.235
2026-09-06T06:08:00,M01,26.759,7.783,34.748,21.032,45.529
2026-09-06T06:09:00,M01,26.804,7.739,35.153,20.981,45.042
2026-09-06T06:10:00,M01,27.093,7.720,34.825,20.841,44.547
2026-09-06T06:11:00,M01,27.215,7.769,34.725,20.731,45.633
2026-09-06T06:12:00,M01,26.889,7.767,34.842,20.628,43.658
2026-09-06T06:13:00,M01,27.035,7.778,34.882,20.642,44.674
2026-09-06T06:14:00,M01,27.058,7.655,34.953,20.805,43.877
2026-09-06T06:15:00,M01,27.102,7.763,35.066,21.153,46.179
2026-09-06T06:16:00,M01,27.018,7.762,34.779,20.845,45.209
2026-09-06T06:17:00,M01,27.109,7.746,34.934,20.744,45.123
2026-09-06T06:18:00,M01,27.016,7.750,34.923,20.773,43.585
2026-09-06T06:19:00,M01,27.043,7.779,34.998,20.749,44.692
2026-09-06T06:20:00,M01,27.015,7.768,34.874,20.753,44.693
2026-09-06T06:21:00,M01,27.009,7.805,34.969,20.560,44.550
2026-09-06T06:22:00,M01,26.955,7.816,34.695,20.734,44.594
2026-09-06T06:23:00,M01,27.050,7.836,34.805,20.575,43.656
2026-09-06T06:24:00,M01,27.124,7.821,34.979,20.552,43.925
2026-09-06T06:25:00,M01,27.104,7.766,34.833,20.793,44.997
2026-09-06T06:26:00,M01,27.098,7.770,35.059,20.887,46.489
2026-09-06T06:27:00,M01,27.173,7.691,34.976,20.987,44.560
2026-09-06T06:28:00,M01,26.958,7.710,34.969,20.992,45.810
2026-09-06T06:29:00,M01,27.255,7.729,35.132,20.852,45.429
2026-09-06T06:30:00,M01,26.991,7.828,35.043,20.762,44.980
2026-09-06T06:31:00,M01,27.061,7.791,35.113,20.485,46.578
2026-09-06T06:32:00,M01,27.046,7.794,35.068,20.725,47.361
2026-09-06T06:33:00,M01,27.165,7.921,35.010,20.612,44.589
2026-09-06T06:34:00,M01,27.096,7.755,35.091,20.876,45.501
2026-09-06T06:35:00,M01,27.159,7.800,35.118,20.815,44.131
2026-09-06T06:36:00,M01,27.212,7.752,35.002,20.682,45.782
2026-09-06T06:37:00,M01,27.142,7.812,34.959,20.676,47.870
2026-09-06T06:38:00,M01,26.889,7.842,34.820,20.686,44.971
2026-09-06T06:39:00,M01,27.188,7.874,34.958,21.009,45.839
2026-09-06T06:40:00,M01,27.054,7.889,35.121,20.956,43.807
2026-09-06T06:41:00,M01,27.172,7.870,34.977,20.842,44.704
2026-09-06T06:42:00,M01,27.167,7.881,34.861,20.811,47.222
2026-09-06T06:43:00,M01,27.191,7.860,34.842,20.683,45.895
2026-09-06T06:44:00,M01,27.201,7.821,35.154,20.881,45.179
2026-09-06T06:45:00,M01,27.190,7.896,35.086,20.600,45.198
2026-09-06T06:46:00,M01,27.101,7.805,35.279,20.542,45.336
2026-09-06T06:47:00,M01,27.103,7.892,35.243,20.647,44.953
2026-09-06T06:48:00,M01,27.153,7.853,35.161,20.970,44.382
2026-09-06T06:49:00,M01,27.239,7.798,35.122,20.687,45.205
2026-09-06T06:50:00,M01,27.195,7.842,34.883,20.333,44.151
2026-09-06T06:51:00,M01,27.226,7.885,35.186,20.687,44.909
2026-09-06T06:52:00,M01,27.274,7.800,35.045,20.930,44.777
2026-09-06T06:53:00,M01,27.171,7.789,35.148,20.992,45.116
2026-09-06T06:54:00,M01,27.265,7.836,35.170,20.711,44.899
2026-09-06T06:55:00,M01,27.337,7.862,34.989,20.600,44.921
2026-09-06T06:56:00,M01,27.290,7.816,34.987,20.715,43.506
2026-09-06T06:57:00,M01,27.346,7.947,35.209,20.907,44.607
2026-09-06T06:58:00,M01,27.465,7.895,35.419,21.151,44.326
2026-09-06T06:59:00,M01,27.324,7.856,35.236,20.682,47.015
2026-09-06T07:00:00,M01,27.262,7.894,35.056,20.746,46.421
2026-09-06T07:01:00,M01,27.198,7.864,35.299,20.862,44.602
2026-09-06T07:02:00,M01,27.200,7.893,34.854,20.735,45.822
2026-09-06T07:03:00,M01,27.307,7.885,34.858,20.931,47.711
2026-09-06T07:04:00,M01,27.373,7.873,34.942,20.864,45.367
2026-09-06T07:05:00,M01,27.403,7.958,35.164,20.860,43.874
2026-09-06T07:06:00,M01,27.301,7.976,35.241,21.122,44.227
2026-09-06T07:07:00,M01,27.327,7.908,35.024,21.016,44.715
2026-09-06T07:08:00,M01,27.475,7.908,35.233,20.771,46.139
2026-09-06T07:09:00,M01,27.395,7.858,35.181,20.679,43.842
2026-09-06T07:10:00,M01,27.405,7.949,35.029,20.694,45.055
2026-09-06T07:11:00,M01,27.462,7.970,35.300,20.742,43.724
2026-09-06T07:12:00,M01,27.443,7.931,35.388,20.739,45.694
2026-09-06T07:13:00,M01,27.301,7.903,34.953,20.933,44.961
2026-09-06T07:14:00,M01,27.216,7.927,35.059,20.653,43.513
2026-09-06T07:15:00,M01,27.442,7.865,35.096,20.555,42.733
2026-09-06T07:16:00,M01,27.415,7.993,35.006,20.633,45.397
2026-09-06T07:17:00,M01,27.398,7.987,35.069,20.700,44.443
2026-09-06T07:18:00,M01,27.366,7.897,35.240,20.921,46.421
2026-09-06T07:19:00,M01,27.520,7.955,34.984,20.921,44.234
2026-09-06T07:20:00,M01,27.548,7.952,35.179,21.022,45.140
2026-09-06T07:21:00,M01,27.505,7.926,35.342,20.744,41.867
2026-09-06T07:22:00,M01,27.528,7.983,35.065,20.606,44.158
2026-09-06T07:23:00,M01,27.523,7.988,35.313,20.516,45.318
2026-09-06T07:24:00,M01,27.474,7.934,35.078,20.969,42.842
2026-09-06T07:25:00,M01,27.572,7.909,35.238,21.338,43.579
2026-09-06T07:26:00,M01,27.353,7.897,35.229,20.938,42.106
2026-09-06T07:27:00,M01,27.429,7.984,35.284,20.869,45.161
2026-09-06T07:28:00,M01,27.512,7.933,35.242,20.665,44.389
2026-09-06T07:29:00,M01,27.580,7.951,35.320,20.962,44.305
2026-09-06T07:30:00,M01,27.602,7.951,35.123,20.879,43.755
2026-09-06T07:31:00,M01,27.485,8.012,35.822,20.655,45.737
2026-09-06T07:32:00,M01,27.613,8.023,35.518,21.012,44.101
2026-09-06T07:33:00,M01,27.548,7.940,35.262,20.566,46.108
2026-09-06T07:34:00,M01,27.490,8.073,35.194,20.550,45.014
2026-09-06T07:35:00,M01,27.634,7.968,35.449,20.691,45.422
2026-09-06T07:36:00,M01,27.699,7.960,35.272,21.046,43.187
2026-09-06T07:37:00,M01,27.502,7.958,35.230,20.660,45.913
2026-09-06T07:38:00,M01,27.585,8.079,35.356,20.754,44.916
2026-09-06T07:39:00,M01,27.659,7.939,35.113,20.715,42.938
2026-09-06T07:40:00,M01,27.720,8.045,35.579,20.961,44.549
2026-09-06T07:41:00,M01,27.461,7.881,35.298,20.800,45.729
2026-09-06T07:42:00,M01,27.578,7.999,35.209,20.857,44.885
2026-09-06T07:43:00,M01,27.727,7.950,35.186,20.897,47.813
2026-09-06T07:44:00,M01,27.691,7.997,35.216,21.178,44.932
2026-09-06T07:45:00,M01,27.772,8.002,35.558,20.696,44.500
2026-09-06T07:46:00,M01,27.559,8.032,35.467,20.921,44.784
2026-09-06T07:47:00,M01,27.661,8.036,35.534,20.974,45.514
2026-09-06T07:48:00,M01,27.550,8.042,35.408,20.813,42.631
2026-09-06T07:49:00,M01,27.721,7.991,35.406,20.684,44.615
2026-09-06T07:50:00,M01,27.700,7.997,35.358,21.014,44.468
2026-09-06T07:51:00,M01,27.693,8.123,35.364,20.402,43.108
2026-09-06T07:52:00,M01,27.647,7.972,35.458,20.803,43.724
2026-09-06T07:53:00,M01,27.653,8.017,35.372,20.694,44.178
2026-09-06T07:54:00,M01,27.661,8.101,35.414,20.675,45.815
2026-09-06T07:55:00,M01,27.907,8.091,35.663,20.855,46.231
2026-09-06T07:56:00,M01,27.642,8.029,35.004,20.823,45.916
2026-09-06T07:57:00,M01,27.689,8.115,35.326,20.673,43.928
2026-09-06T07:58:00,M01,27.709,7.975,35.301,20.972,47.072
2026-09-06T07:59:00,M01,27.708,8.045,35.285,20.801,43.759
2026-09-01T08:00:00,M02,12.108,1.786,23.940,19.953,46.082
2026-09-01T08:01:00,M02,12.054,1.824,24.167,20.154,44.393
2026-09-01T08:02:00,M02,12.186,1.739,24.345,20.021,44.771
2026-09-01T08:03:00,M02,12.090,1.876,24.280,20.221,44.373
2026-09-01T08:04:00,M02,11.906,1.801,24.269,20.218,45.528
2026-09-01T08:05:00,M02,12.239,1.765,24.408,20.101,45.568
2026-09-01T08:06:00,M02,12.064,1.782,24.425,20.141,44.302
2026-09-01T08:07:00,M02,12.250,1.825,24.621,20.302,46.804
2026-09-01T08:08:00,M02,12.341,1.875,24.834,20.061,45.846
2026-09-01T08:09:00,M02,12.237,1.853,24.682,20.216,45.254
2026-09-01T08:10:00,M02,12.141,1.974,24.816,20.118,45.378
2026-09-01T08:11:00,M02,12.105,1.837,24.928,20.412,45.541
2026-09-01T08:12:00,M02,12.178,1.842,25.222,20.350,45.799
2026-09-01T08:13:00,M02,12.123,1.791,25.203,20.352,44.242
2026-09-01T08:14:00,M02,12.255,1.832,25.268,20.282,43.648
2026-09-01T08:15:00,M02,12.273,1.860,24.996,20.182,44.677
2026-09-01T08:16:00,M02,12.347,1.870,25.422,20.489,45.002
2026-09-01T08:17:00,M02,12.231,1.911,25.341,20.254,44.798
2026-09-01T08:18:00,M02,12.183,1.879,25.364,20.546,45.455
2026-09-01T08:19:00,M02,12.470,1.822,25.542,20.179,44.501
2026-09-01T08:20:00,M02,12.206,1.897,25.270,20.294,44.847
2026-09-01T08:21:00,M02,12.395,1.894,25.606,20.594,46.487
2026-09-01T08:22:00,M02,12.272,1.849,25.398,20.217,43.527
2026-09-01T08:23:00,M02,12.386,1.977,25.904,20.295,45.440
2026-09-01T08:24:00,M02,12.478,1.941,25.803,20.325,44.678
2026-09-01T08:25:00,M02,12.558,1.843,25.985,20.160,44.303
2026-09-01T08:26:00,M02,12.319,1.793,25.622,20.599,45.919
2026-09-01T08:27:00,M02,12.335,1.902,25.928,20.763,44.918
2026-09-01T08:28:00,M02,12.319,1.917,25.831,20.500,45.493
2026-09-01T08:29:00,M02,12.322,1.903,25.746,20.295,45.265
2026-09-01T08:30:00,M02,12.393,1.941,25.773,20.648,43.678
2026-09-01T08:31:00,M02,12.508,1.928,26.062,20.759,44.325
2026-09-01T08:32:00,M02,12.550,1.910,25.923,20.501,46.907
2026-09-01T08:33:00,M02,12.441,1.949,26.299,20.381,43.750
2026-09-01T08:34:00,M02,12.484,1.946,25.918,20.294,43.746
2026-09-01T08:35:00,M02,12.354,1.919,26.153,20.740,44.683
2026-09-01T08:36:00,M02,12.448,1.950,25.980,20.510,44.865
2026-09-01T08:37:00,M02,12.425,1.880,25.917,20.440,45.058
2026-09-01T08:38:00,M02,12.440,1.936,26.188,20.427,44.868
2026-09-01T08:39:00,M02,12.432,1.950,26.259,20.450,44.082
2026-09-01T08:40:00,M02,12.677,1.868,26.149,20.636,42.208
2026-09-01T08:41:00,M02,12.398,1.954,26.205,20.658,45.818
2026-09-01T08:42:00,M02,12.482,1.931,26.127,20.567,46.034
2026-09-01T08:43:00,M02,12.319,2.015,26.374,20.874,46.848
2026-09-01T08:44:00,M02,12.732,1.960,26.139,20.379,46.572
2026-09-01T08:45:00,M02,12.420,1.952,26.236,20.557,43.574
2026-09-01T08:46:00,M02,12.526,1.984,26.395,20.797,45.029
2026-09-01T08:47:00,M02,12.507,1.921,26.243,20.408,44.966
2026-09-01T08:48:00,M02,12.501,1.902,26.482,20.453,44.834
2026-09-01T08:49:00,M02,12.284,1.913,26.395,20.949,46.053
2026-09-01T08:50:00,M02,12.629,1.944,26.597,20.422,47.861
2026-09-01T08:51:00,M02,12.418,2.010,26.560,20.915,45.054
2026-09-01T08:52:00,M02,12.361,2.001,26.620,20.461,45.631
2026-09-01T08:53:00,M02,12.495,1.968,26.424,20.523,45.160
2026-09-01T08:54:00,M02,12.449,2.009,26.428,20.586,44.794
2026-09-01T08:55:00,M02,12.555,1.956,26.438,20.464,46.070
2026-09-01T08:56:00,M02,12.473,1.979,26.408,20.551,44.775
2026-09-01T08:57:00,M02,12.547,2.017,26.610,20.764,44.801
2026-09-01T08:58:00,M02,12.388,1.919,26.592,20.544,45.105
2026-09-01T08:59:00,M02,12.582,1.921,26.491,20.495,45.248
2026-09-01T09:00:00,M02,12.484,1.948,26.581,20.710,45.581
2026-09-01T09:01:00,M02,12.693,1.930,26.788,20.844,42.938
2026-09-01T09:02:00,M02,12.460,1.974,26.804,20.920,44.754
2026-09-01T09:03:00,M02,12.467,2.005,26.508,20.895,44.801
2026-09-01T09:04:00,M02,12.508,2.101,26.630,20.945,45.388
2026-09-01T09:05:00,M02,12.484,2.090,26.837,20.965,43.710
2026-09-01T09:06:00,M02,12.547,1.862,26.684,20.662,45.109
2026-09-01T09:07:00,M02,12.417,1.969,26.892,20.787,46.695
2026-09-01T09:08:00,M02,12.557,1.985,26.633,20.569,44.908
2026-09-01T09:09:00,M02,12.588,1.925,26.766,20.328,45.303
2026-09-01T09:10:00,M02,12.523,1.975,26.652,20.750,44.104
2026-09-01T09:11:00,M02,12.482,1.968,26.935,20.720,43.529
2026-09-01T09:12:00,M02,12.565,2.021,26.640,20.719,45.589
2026-09-01T09:13:00,M02,12.551,1.999,26.647,21.082,42.317
2026-09-01T09:14:00,M02,12.604,1.996,26.643,20.821,43.863
2026-09-01T09:15:00,M02,12.457,1.974,26.718,20.642,43.862
2026-09-01T09:16:00,M02,12.500,1.980,26.922,20.659,45.845
2026-09-01T09:17:00,M02,12.592,1.994,26.728,20.497,44.935
2026-09-01T09:18:00,M02,12.643,2.012,26.790,20.310,45.685
2026-09-01T09:19:00,M02,12.673,2.045,26.753,20.616,45.046
2026-09-01T09:20:00,M02,12.458,1.978,26.605,21.006,44.889
2026-09-01T09:21:00,M02,12.458,1.950,26.834,20.481,43.455
2026-09-01T09:22:00,M02,12.672,1.996,26.839,20.825,44.122
2026-09-01T09:23:00,M02,12.647,2.017,26.629,20.615,45.681
2026-09-01T09:24:00,M02,12.572,1.997,26.702,20.577,44.570
2026-09-01T09:25:00,M02,12.613,1.969,26.820,20.794,43.346
2026-09-01T09:26:00,M02,12.553,2.018,26.670,20.529,43.986
2026-09-01T09:27:00,M02,12.542,2.039,26.983,21.039,43.599
2026-09-01T09:28:00,M02,12.354,1.929,26.902,20.610,45.632
2026-09-01T09:29:00,M02,12.666,2.037,26.854,21.025,45.134
2026-09-01T09:30:00,M02,12.535,1.901,26.699,21.054,46.754
2026-09-01T09:31:00,M02,12.480,1.897,26.735,20.666,45.078
2026-09-01T09:32:00,M02,12.560,1.976,26.906,20.570,44.591
2026-09-01T09:33:00,M02,12.537,1.991,26.729,20.403,44.201
2026-09-01T09:34:00,M02,12.449,2.048,26.727,20.766,43.712
2026-09-01T09:35:00,M02,12.510,2.016,26.799,21.064,45.935
2026-09-01T09:36:00,M02,12.597,1.997,26.883,20.661,44.720
2026-09-01T09:37:00,M02,12.624,1.937,26.998,20.548,42.914
2026-09-01T09:38:00,M02,12.531,1.936,26.990,20.846,45.413
2026-09-01T09:39:00,M02,12.525,2.008,26.747,20.814,46.092
2026-09-01T09:40:00,M02,12.493,1.957,27.125,20.686,45.839
2026-09-01T09:41:00,M02,12.599,2.083,26.697,20.591,45.139
2026-09-01T09:42:00,M02,12.687,2.006,26.958,21.012,44.239
2026-09-01T09:43:00,M02,12.600,2.013,26.822,20.752,43.832
2026-09-01T09:44:00,M02,12.654,1.967,26.908,20.856,43.533
2026-09-01T09:45:00,M02,12.574,2.001,26.801,20.335,42.993
2026-09-01T09:46:00,M02,12.606,1.993,26.802,21.014,45.847
2026-09-01T09:47:00,M02,12.542,1.964,27.126,20.440,46.436
2026-09-01T09:48:00,M02,12.649,1.950,26.969,20.892,46.948
2026-09-01T09:49:00,M02,12.551,1.970,26.889,20.919,45.991
2026-09-01T09:50:00,M02,12.609,1.995,27.079,21.141,46.244
2026-09-01T09:51:00,M02,12.784,1.950,26.801,20.798,44.622
2026-09-01T09:52:00,M02,12.485,2.028,26.908,20.416,45.807
2026-09-01T09:53:00,M02,12.563,1.975,27.078,20.975,45.879
2026-09-01T09:54:00,M02,12.619,2.030,26.881,21.195,43.943
2026-09-01T09:55:00,M02,12.544,1.943,26.689,20.699,46.984
2026-09-01T09:56:00,M02,12.760,2.073,26.955,20.825,46.992
2026-09-01T09:57:00,M02,12.453,2.023,27.290,20.798,45.311
2026-09-01T09:58:00,M02,12.486,1.934,26.935,20.919,45.216
2026-09-01T09:59:00,M02,12.646,2.026,26.606,20.606,46.705
2026-09-01T10:00:00,M02,12.391,1.986,26.962,20.903,45.965
2026-09-01T10:01:00,M02,12.700,2.002,27.065,20.486,45.422
2026-09-01T10:02:00,M02,12.611,1.992,26.953,20.964,46.901
2026-09-01T10:03:00,M02,12.505,2.038,27.178,20.686,44.072
2026-09-01T10:04:00,M02,12.497,1.968,26.981,20.589,45.107
2026-09-01T10:05:00,M02,12.642,1.980,26.938,20.944,44.571
2026-09-01T10:06:00,M02,12.486,2.010,26.898,20.449,44.557
2026-09-01T10:07:00,M02,12.515,2.076,26.839,20.911,44.886
2026-09-01T10:08:00,M02,12.688,2.052,26.929,21.011,46.072
2026-09-01T10:09:00,M02,12.680,2.040,27.098,20.722,44.451
2026-09-01T10:10:00,M02,12.594,2.072,26.804,20.498,44.863
2026-09-01T10:11:00,M02,12.577,2.037,27.169,20.785,44.510
2026-09-01T10:12:00,M02,12.523,2.029,26.833,21.107,46.427
2026-09-01T10:13:00,M02,12.586,2.083,26.940,20.795,45.844
2026-09-01T10:14:00,M02,12.446,2.026,26.853,20.714,43.510
2026-09-01T10:15:00,M02,12.581,1.983,27.159,20.955,46.152
2026-09-01T10:16:00,M02,12.572,2.001,27.056,20.591,47.173
2026-09-01T10:17:00,M02,12.515,1.965,27.115,20.628,43.019
2026-09-01T10:18:00,M02,12.515,1.940,26.888,20.657,44.850
2026-09-01T10:19:00,M02,12.822,1.941,26.909,21.002,43.858
2026-09-01T10:20:00,M02,12.592,2.054,26.966,21.303,45.491
2026-09-01T10:21:00,M02,12.708,2.001,26.965,20.797,45.159
2026-09-01T10:22:00,M02,12.692,1.983,27.269,20.774,44.632
2026-09-01T10:23:00,M02,12.412,2.081,27.146,20.873,46.071
2026-09-01T10:24:00,M02,12.510,2.018,26.895,20.495,43.101
2026-09-01T10:25:00,M02,12.570,1.983,27.048,20.716,43.657
2026-09-01T10:26:00,M02,12.609,2.055,27.073,20.600,44.389
2026-09-01T10:27:00,M02,12.353,1.921,26.900,20.812,44.061
2026-09-01T10:28:00,M02,12.540,2.076,27.004,20.807,44.883
2026-09-01T10:29:00,M02,12.526,1.938,27.173,20.805,44.507
2026-09-01T10:30:00,M02,12.473,2.001,27.011,21.147,44.982
2026-09-01T10:31:00,M02,12.575,1.970,27.003,20.834,44.321
2026-09-01T10:32:00,M02,12.618,2.046,27.198,20.953,44.793
2026-09-01T10:33:00,M02,12.697,2.007,26.777,20.742,46.030
2026-09-01T10:34:00,M02,12.604,2.028,26.985,20.705,44.314
2026-09-01T10:35:00,M02,12.456,2.015,26.980,21.035,43.444
2026-09-01T10:36:00,M02,12.684,1.973,26.984,20.666,45.433
2026-09-01T10:37:00,M02,12.671,2.000,27.191,20.691,43.340
2026-09-01T10:38:00,M02,12.616,2.011,26.954,20.565,44.998
2026-09-01T10:39:00,M02,12.487,2.018,26.999,20.563,45.133
2026-09-01T10:40:00,M02,12.599,2.000,26.695,20.936,45.680
2026-09-01T10:41:00,M02,12.563,2.043,26.746,20.737,45.955
2026-09-01T10:42:00,M02,12.453,2.014,26.950,20.997,45.002
2026-09-01T10:43:00,M02,12.732,1.977,27.028,21.050,43.860
2026-09-01T10:44:00,M02,12.695,2.058,26.909,20.688,44.883
2026-09-01T10:45:00,M02,12.574,2.057,27.108,20.925,44.206
2026-09-01T10:46:00,M02,12.453,1.917,27.032,20.731,44.137
2026-09-01T10:47:00,M02,12.711,1.979,27.077,20.894,44.581
2026-09-01T10:48:00,M02,12.460,2.021,27.031,20.903,46.087
2026-09-01T10:49:00,M02,12.598,2.016,26.826,20.738,43.107
2026-09-01T10:50:00,M02,12.540,2.016,27.062,20.414,45.700
2026-09-01T10:51:00,M02,12.502,2.083,26.971,21.010,44.864
2026-09-01T10:52:00,M02,12.551,2.028,26.930,20.771,46.789
2026-09-01T10:53:00,M02,12.509,1.962,26.895,21.181,45.638
2026-09-01T10:54:00,M02,12.551,2.041,26.964,21.030,45.247
2026-09-01T10:55:00,M02,12.516,2.030,26.898,20.910,45.477
2026-09-01T10:56:00,M02,12.636,2.094,26.892,20.745,44.495
2026-09-01T10:57:00,M02,12.650,1.998,26.960,20.509,44.451
2026-09-01T10:58:00,M02,12.587,1.979,26.780,20.594,45.053
2026-09-01T10:59:00,M02,12.548,1.949,27.075,20.449,44.746
2026-09-01T11:00:00,M02,12.571,1.959,26.982,21.302,45.224
2026-09-01T11:01:00,M02,12.617,2.073,27.019,20.714,44.023
2026-09-01T11:02:00,M02,12.614,1.987,27.085,20.763,44.080
2026-09-01T11:03:00,M02,12.440,2.032,26.834,20.825,43.681
2026-09-01T11:04:00,M02,12.669,2.042,27.299,20.737,43.794
2026-09-01T11:05:00,M02,12.611,1.972,26.911,20.850,46.453
2026-09-01T11:06:00,M02,12.518,2.016,26.857,20.736,46.437
2026-09-01T11:07:00,M02,12.729,2.001,27.045,20.693,44.458
2026-09-01T11:08:00,M02,12.675,2.002,26.841,20.675,44.647
2026-09-01T11:09:00,M02,12.607,1.975,26.829,21.167,43.377
2026-09-01T11:10:00,M02,12.560,2.014,27.138,20.731,45.736
2026-09-01T11:11:00,M02,12.658,2.101,26.910,20.769,46.142
2026-09-01T11:12:00,M02,12.490,2.031,26.941,20.635,44.752
2026-09-01T11:13:00,M02,12.548,2.050,27.262,20.977,43.342
2026-09-01T11:14:00,M02,12.674,1.995,26.992,20.547,45.417
2026-09-01T11:15:00,M02,12.704,1.986,27.398,21.076,44.514
2026-09-01T11:16:00,M02,12.714,2.036,27.138,20.505,43.145
2026-09-01T11:17:00,M02,12.605,2.000,26.867,20.654,45.402
2026-09-01T11:18:00,M02,12.724,1.976,27.132,20.869,44.390
2026-09-01T11:19:00,M02,12.639,1.965,27.137,20.449,43.735
2026-09-01T11:20:00,M02,12.513,1.973,26.890,20.936,42.445
2026-09-01T11:21:00,M02,12.471,2.067,27.084,20.788,43.630
2026-09-01T11:22:00,M02,12.674,2.009,26.992,20.465,44.810
2026-09-01T11:23:00,M02,12.758,1.957,26.963,20.723,45.003
2026-09-01T11:24:00,M02,12.544,1.977,27.117,20.770,44.699
2026-09-01T11:25:00,M02,12.786,2.132,27.037,20.732,46.032
2026-09-01T11:26:00,M02,12.565,1.995,27.041,20.626,45.012
2026-09-01T11:27:00,M02,12.752,1.934,26.979,20.807,44.135
2026-09-01T11:28:00,M02,12.548,1.928,26.982,20.966,46.388
2026-09-01T11:29:00,M02,12.718,2.113,27.021,20.470,44.531
2026-09-01T11:30:00,M02,12.623,1.958,27.062,20.865,44.554
2026-09-01T11:31:00,M02,12.624,2.023,27.000,21.026,44.602
2026-09-01T11:32:00,M02,12.672,1.952,26.921,21.086,45.371
2026-09-01T11:33:00,M02,12.559,2.035,27.260,20.443,45.233
2026-09-01T11:34:00,M02,12.735,1.998,26.806,20.576,44.332
2026-09-01T11:35:00,M02,12.612,2.020,27.006,20.870,45.229
2026-09-01T11:36:00,M02,12.736,2.094,27.141,20.439,41.733
2026-09-01T11:37:00,M02,12.605,1.944,26.879,20.918,45.553
2026-09-01T11:38:00,M02,12.629,2.004,27.246,20.903,44.158
2026-09-01T11:39:00,M02,12.673,2.003,26.984,21.016,45.620
2026-09-01T11:40:00,M02,12.609,1.965,26.795,21.003,43.884
2026-09-01T11:41:00,M02,12.499,1.951,26.764,20.697,45.581
2026-09-01T11:42:00,M02,12.439,2.029,27.005,20.709,46.819
2026-09-01T11:43:00,M02,12.604,1.885,26.987,20.780,43.229
2026-09-01T11:44:00,M02,12.640,1.913,26.988,20.908,45.711
2026-09-01T11:45:00,M02,12.743,1.983,27.239,20.683,43.578
2026-09-01T11:46:00,M02,12.549,1.987,26.954,20.609,45.853
2026-09-01T11:47:00,M02,12.677,1.930,27.071,20.698,45.975
2026-09-01T11:48:00,M02,12.521,2.036,27.175,20.857,44.292
2026-09-01T11:49:00,M02,12.656,2.030,26.956,20.749,44.646
2026-09-01T11:50:00,M02,12.620,1.996,27.096,20.752,45.397
2026-09-01T11:51:00,M02,12.587,2.027,26.996,20.961,44.703
2026-09-01T11:52:00,M02,12.579,2.015,27.201,20.702,45.414
2026-09-01T11:53:00,M02,12.571,1.917,26.811,20.863,45.366
2026-09-01T11:54:00,M02,12.430,1.972,26.935,20.781,47.649
2026-09-01T11:55:00,M02,12.483,2.025,26.887,20.809,44.933
2026-09-01T11:56:00,M02,12.647,2.063,26.980,20.657,43.715
2026-09-01T11:57:00,M02,12.672,2.079,27.017,21.190,45.603
2026-09-01T11:58:00,M02,12.544,1.990,27.094,20.851,45.564
2026-09-01T11:59:00,M02,12.563,1.955,26.774,20.709,44.823
2026-09-01T12:00:00,M02,12.612,2.046,27.017,20.522,45.484
2026-09-01T12:01:00,M02,12.561,1.991,27.060,20.411,43.971
2026-09-01T12:02:00,M02,12.697,1.920,27.064,20.722,46.096
2026-09-01T12:03:00,M02,12.552,1.933,27.069,20.885,45.187
2026-09-01T12:04:00,M02,12.556,2.042,26.964,21.025,43.791
2026-09-01T12:05:00,M02,12.614,1.917,27.143,20.744,45.543
2026-09-01T12:06:00,M02,12.697,1.998,26.886,20.542,46.048
2026-09-01T12:07:00,M02,12.565,2.004,26.958,20.798,43.696
2026-09-01T12:08:00,M02,12.576,2.020,27.039,21.168,46.792
2026-09-01T12:09:00,M02,12.555,1.974,27.181,20.818,44.694
2026-09-01T12:10:00,M02,12.555,1.974,26.844,20.801,45.452
2026-09-01T12:11:00,M02,12.665,2.090,26.751,20.954,43.187
2026-09-01T12:12:00,M02,12.446,2.014,27.052,20.522,43.457
2026-09-01T12:13:00,M02,12.556,1.929,26.901,20.733,44.107
2026-09-01T12:14:00,M02,12.560,2.058,27.223,20.601,44.314
2026-09-01T12:15:00,M02,12.675,1.986,26.982,20.746,42.726
2026-09-01T12:16:00,M02,12.595,1.926,26.994,20.940,44.374
2026-09-01T12:17:00,M02,12.598,1.929,26.978,20.894,45.274
2026-09-01T12:18:00,M02,12.581,1.937,27.052,20.879,46.908
2026-09-01T12:19:00,M02,12.559,2.050,27.063,20.902,46.563
2026-09-01T12:20:00,M02,12.627,2.029,27.003,20.563,43.321
2026-09-01T12:21:00,M02,12.762,1.962,27.063,20.826,45.492
2026-09-01T12:22:00,M02,12.380,1.979,27.003,20.767,47.044
2026-09-01T12:23:00,M02,12.642,1.939,26.904,20.737,44.278
2026-09-01T12:24:00,M02,12.574,1.959,27.208,20.812,46.265
2026-09-01T12:25:00,M02,12.650,2.036,26.862,20.767,43.278
2026-09-01T12:26:00,M02,12.704,2.003,26.822,20.584,44.963
2026-09-01T12:27:00,M02,12.707,1.987,27.078,20.776,46.581
2026-09-01T12:28:00,M02,12.658,2.044,26.932,20.461,44.095
2026-09-01T12:29:00,M02,12.419,2.032,26.986,20.750,43.838
2026-09-01T12:30:00,M02,12.577,2.009,27.119,20.694,43.271
2026-09-01T12:31:00,M02,12.583,1.980,26.999,20.736,46.597
2026-09-01T12:32:00,M02,12.668,1.944,27.021,21.094,46.285
2026-09-01T12:33:00,M02,12.591,2.035,26.989,20.666,44.498
2026-09-01T12:34:00,M02,12.517,1.914,26.767,21.202,46.288
2026-09-01T12:35:00,M02,12.601,1.973,27.084,20.976,46.076
2026-09-01T12:36:00,M02,12.681,1.943,27.026,20.799,45.682
2026-09-01T12:37:00,M02,12.782,1.946,27.012,21.012,45.090
2026-09-01T12:38:00,M02,12.596,1.978,26.874,20.799,45.267
2026-09-01T12:39:00,M02,12.484,2.012,26.986,21.012,44.429
2026-09-01T12:40:00,M02,12.616,1.997,27.082,20.713,45.741
2026-09-01T12:41:00,M02,12.604,1.965,27.028,20.815,45.769
2026-09-01T12:42:00,M02,12.570,2.069,26.953,20.832,46.193
2026-09-01T12:43:00,M02,12.717,1.965,27.051,20.850,44.557
2026-09-01T12:44:00,M02,12.661,1.974,26.821,20.654,43.482
2026-09-01T12:45:00,M02,12.714,1.975,27.055,20.871,45.451
2026-09-01T12:46:00,M02,12.656,1.964,26.800,20.550,45.502
2026-09-01T12:47:00,M02,12.593,1.991,27.135,20.764,47.529
2026-09-01T12:48:00,M02,12.607,2.013,27.084,20.476,46.151
2026-09-01T12:49:00,M02,12.524,1.979,27.177,20.797,45.373
2026-09-01T12:50:00,M02,12.623,2.017,26.795,21.310,44.418
2026-09-01T12:51:00,M02,12.712,2.009,27.093,20.687,43.644
2026-09-01T12:52:00,M02,12.492,1.977,27.059,20.816,45.894
2026-09-01T12:53:00,M02,12.536,2.009,27.245,20.826,44.335
2026-09-01T12:54:00,M02,12.532,2.061,27.150,20.485,44.845
2026-09-01T12:55:00,M02,12.545,1.932,26.974,20.991,45.140
2026-09-01T12:56:00,M02,12.594,2.028,27.098,20.789,45.811
2026-09-01T12:57:00,M02,12.467,1.978,26.736,20.580,46.476
2026-09-01T12:58:00,M02,12.578,2.003,27.219,20.557,45.546
2026-09-01T12:59:00,M02,12.648,1.974,26.911,20.436,44.607
2026-09-01T13:00:00,M02,12.627,1.882,26.915,21.099,43.614
2026-09-01T13:01:00,M02,12.520,2.036,26.982,20.588,44.000
2026-09-01T13:02:00,M02,12.745,1.950,27.153,21.010,46.041
2026-09-01T13:03:00,M02,12.557,2.040,26.969,20.865,46.056
2026-09-01T13:04:00,M02,12.597,1.999,27.146,20.702,44.344
2026-09-01T13:05:00,M02,12.543,1.975,26.972,20.863,44.864
2026-09-01T13:06:00,M02,12.405,2.015,27.139,20.689,46.258
2026-09-01T13:07:00,M02,12.691,2.007,27.091,21.092,44.022
2026-09-01T13:08:00,M02,12.469,2.009,27.006,20.644,43.989
2026-09-01T13:09:00,M02,12.601,1.972,27.063,20.979,45.376
2026-09-01T13:10:00,M02,12.610,1.996,27.249,20.557,44.093
2026-09-01T13:11:00,M02,12.825,1.992,27.013,20.739,46.583
2026-09-01T13:12:00,M02,12.665,2.036,26.983,20.713,44.503
2026-09-01T13:13:00,M02,12.461,2.064,26.915,20.445,44.417
2026-09-01T13:14:00,M02,12.573,2.028,26.979,20.415,45.123
2026-09-01T13:15:00,M02,12.562,1.945,27.056,20.700,43.838
2026-09-01T13:16:00,M02,12.523,2.015,26.960,20.589,45.083
2026-09-01T13:17:00,M02,12.532,2.053,27.330,20.849,45.557
2026-09-01T13:18:00,M02,12.464,1.950,26.824,20.826,43.574
2026-09-01T13:19:00,M02,12.588,1.973,27.061,20.847,44.418
2026-09-01T13:20:00,M02,12.591,2.002,26.970,20.998,45.607
2026-09-01T13:21:00,M02,12.775,1.979,27.012,20.691,45.045
2026-09-01T13:22:00,M02,12.648,2.058,26.999,20.657,44.925
2026-09-01T13:23:00,M02,12.714,1.968,27.301,20.904,44.361
2026-09-01T13:24:00,M02,12.533,2.035,26.888,20.894,42.916
2026-09-01T13:25:00,M02,12.654,1.917,27.265,21.120,42.732
2026-09-01T13:26:00,M02,12.522,2.061,26.913,20.639,44.985
2026-09-01T13:27:00,M02,12.601,2.024,27.146,20.725,45.517
2026-09-01T13:28:00,M02,12.646,1.965,27.057,20.589,43.489
2026-09-01T13:29:00,M02,12.704,2.006,26.670,21.136,44.093
2026-09-01T13:30:00,M02,12.677,1.986,27.000,20.965,44.709
2026-09-01T13:31:00,M02,12.506,1.993,27.128,20.748,45.000
2026-09-01T13:32:00,M02,12.374,2.020,26.911,20.748,43.357
2026-09-01T13:33:00,M02,12.479,1.981,27.213,21.042,44.309
2026-09-01T13:34:00,M02,12.536,1.971,27.081,21.082,45.746
2026-09-01T13:35:00,M02,12.714,2.039,26.861,21.081,45.547
2026-09-01T13:36:00,M02,12.566,2.000,27.101,21.001,44.058
2026-09-01T13:37:00,M02,12.564,1.964,27.035,20.861,45.369
2026-09-01T13:38:00,M02,12.531,2.009,27.246,21.077,44.727
2026-09-01T13:39:00,M02,12.680,2.014,27.087,20.993,47.088
2026-09-01T13:40:00,M02,12.533,1.999,26.921,20.978,45.579
2026-09-01T13:41:00,M02,12.699,2.028,27.018,20.774,45.933
2026-09-01T13:42:00,M02,12.546,1.996,26.895,20.727,45.361
2026-09-01T13:43:00,M02,12.649,2.007,27.126,20.611,43.535
2026-09-01T13:44:00,M02,12.669,1.983,27.065,20.934,45.856
2026-09-01T13:45:00,M02,12.656,2.029,26.792,20.824,44.029
2026-09-01T13:46:00,M02,12.673,2.024,26.824,20.806,45.045
2026-09-01T13:47:00,M02,12.572,1.929,27.115,20.785,45.400
2026-09-01T13:48:00,M02,12.587,2.023,26.929,20.456,44.679
2026-09-01T13:49:00,M02,12.582,2.072,27.053,20.480,44.278
2026-09-01T13:50:00,M02,12.695,2.035,27.029,21.027,45.554
2026-09-01T13:51:00,M02,12.726,2.005,27.294,20.611,46.622
2026-09-01T13:52:00,M02,12.526,1.985,27.222,20.777,45.342
2026-09-01T13:53:00,M02,12.652,1.980,26.956,20.690,44.694
2026-09-01T13:54:00,M02,12.498,1.959,26.924,20.514,46.796
2026-09-01T13:55:00,M02,12.619,1.977,26.836,20.857,45.112
2026-09-01T13:56:00,M02,12.446,2.008,27.132,20.546,46.161
2026-09-01T13:57:00,M02,12.598,2.090,26.961,20.556,42.735
2026-09-01T13:58:00,M02,12.761,2.018,27.152,20.681,46.034
2026-09-01T13:59:00,M02,12.502,1.924,27.111,20.732,44.537
2026-09-01T14:00:00,M02,12.725,2.065,27.188,20.779,43.723
2026-09-01T14:01:00,M02,12.521,1.959,27.032,20.984,43.986
2026-09-01T14:02:00,M02,12.610,2.075,27.114,20.737,44.126
2026-09-01T14:03:00,M02,12.664,1.930,26.917,20.649,45.996
2026-09-01T14:04:00,M02,12.694,2.053,27.125,20.828,45.635
2026-09-01T14:05:00,M02,12.514,2.010,27.210,20.675,46.003
2026-09-01T14:06:00,M02,12.657,2.009,27.101,20.811,45.010
2026-09-01T14:07:00,M02,12.695,1.967,26.904,20.934,44.740
2026-09-01T14:08:00,M02,12.621,2.032,26.992,20.766,45.298
2026-09-01T14:09:00,M02,12.561,1.958,27.115,20.718,44.907
2026-09-01T14:10:00,M02,12.458,1.990,26.959,20.797,45.792
2026-09-01T14:11:00,M02,12.691,1.941,27.204,20.802,43.405
2026-09-01T14:12:00,M02,12.463,2.001,27.235,20.800,45.966
2026-09-01T14:13:00,M02,12.438,2.040,27.020,20.546,46.073
2026-09-01T14:14:00,M02,12.524,2.017,26.934,20.679,43.998
2026-09-01T14:15:00,M02,12.685,2.017,27.044,20.925,43.891
2026-09-01T14:16:00,M02,12.703,2.016,27.149,20.925,45.465
2026-09-01T14:17:00,M02,12.555,2.036,27.009,21.147,46.078
2026-09-01T14:18:00,M02,12.556,1.974,26.907,20.778,44.482
2026-09-01T14:19:00,M02,12.544,2.002,27.109,20.652,44.944
2026-09-01T14:20:00,M02,12.797,2.026,27.080,20.951,44.469
2026-09-01T14:21:00,M02,12.697,1.960,26.818,20.764,44.794
2026-09-01T14:22:00,M02,12.675,1.977,26.977,20.896,44.356
2026-09-01T14:23:00,M02,12.698,2.010,27.098,20.531,43.764
2026-09-01T14:24:00,M02,12.717,2.007,27.070,20.980,44.056
2026-09-01T14:25:00,M02,12.669,2.034,26.835,20.420,43.572
2026-09-01T14:26:00,M02,12.629,2.019,27.277,20.994,43.658
2026-09-01T14:27:00,M02,12.587,1.947,27.200,20.793,46.089
2026-09-01T14:28:00,M02,12.544,1.992,26.897,20.837,45.725
2026-09-01T14:29:00,M02,12.512,1.958,27.002,20.923,43.936
2026-09-01T14:30:00,M02,12.596,2.009,26.800,20.938,42.747
2026-09-01T14:31:00,M02,12.721,2.030,27.375,20.954,45.260
2026-09-01T14:32:00,M02,12.675,1.966,27.099,20.815,47.066
2026-09-01T14:33:00,M02,12.561,1.975,27.114,20.948,43.860
2026-09-01T14:34:00,M02,12.559,1.977,27.018,20.749,44.772
2026-09-01T14:35:00,M02,12.838,2.007,27.024,20.848,44.747
2026-09-01T14:36:00,M02,12.483,1.968,27.100,20.696,47.044
2026-09-01T14:37:00,M02,12.650,1.905,26.998,20.523,43.336
2026-09-01T14:38:00,M02,12.546,2.087,27.153,20.975,45.983
2026-09-01T14:39:00,M02,12.776,1.975,26.937,20.526,44.887
2026-09-01T14:40:00,M02,12.501,2.018,27.155,21.004,46.471
2026-09-01T14:41:00,M02,12.742,2.061,27.069,20.854,44.267
2026-09-01T14:42:00,M02,12.727,1.962,26.950,20.843,45.241
2026-09-01T14:43:00,M02,12.744,1.976,26.996,20.694,44.919
2026-09-01T14:44:00,M02,12.809,2.037,27.344,20.653,44.858
2026-09-01T14:45:00,M02,12.596,2.085,26.862,21.096,46.437
2026-09-01T14:46:00,M02,12.610,2.019,27.037,21.042,45.688
2026-09-01T14:47:00,M02,12.664,2.054,27.303,20.764,46.055
2026-09-01T14:48:00,M02,12.543,2.074,26.868,20.742,44.743
2026-09-01T14:49:00,M02,12.538,1.954,27.048,20.983,44.817
2026-09-01T14:50:00,M02,12.561,1.986,26.750,21.080,44.590
2026-09-01T14:51:00,M02,12.697,1.887,27.216,21.096,44.731
2026-09-01T14:52:00,M02,12.760,2.062,26.991,20.802,46.223
2026-09-01T14:53:00,M02,12.492,2.041,26.925,20.980,44.224
2026-09-01T14:54:00,M02,12.868,2.022,27.119,20.666,46.592
2026-09-01T14:55:00,M02,12.646,1.969,27.172,20.466,44.747
2026-09-01T14:56:00,M02,12.610,2.023,27.047,21.016,44.287
2026-09-01T14:57:00,M02,12.535,2.037,27.194,20.852,45.414
2026-09-01T14:58:00,M02,12.601,1.938,27.213,20.972,46.565
2026-09-01T14:59:00,M02,12.672,2.028,26.983,20.811,44.840
2026-09-01T15:00:00,M02,12.571,1.995,27.161,21.013,45.690
2026-09-01T15:01:00,M02,12.522,2.113,27.050,20.952,47.041
2026-09-01T15:02:00,M02,12.463,2.005,26.775,20.567,46.859
2026-09-01T15:03:00,M02,12.669,2.034,27.047,20.603,46.007
2026-09-01T15:04:00,M02,12.489,2.029,26.916,20.882,46.116
2026-09-01T15:05:00,M02,12.547,1.940,27.085,20.759,46.405
2026-09-01T15:06:00,M02,12.706,1.909,27.059,20.596,45.774
2026-09-01T15:07:00,M02,12.539,1.961,27.246,20.662,46.298
2026-09-01T15:08:00,M02,12.729,2.067,27.002,20.709,44.600
2026-09-01T15:09:00,M02,12.492,2.032,27.005,20.572,46.079
2026-09-01T15:10:00,M02,12.525,1.964,27.019,20.774,45.417
2026-09-01T15:11:00,M02,12.552,1.970,26.999,21.203,44.394
2026-09-01T15:12:00,M02,12.643,1.927,27.069,20.889,43.745
2026-09-01T15:13:00,M02,12.546,2.050,27.284,20.833,44.343
2026-09-01T15:14:00,M02,12.616,1.999,26.997,21.069,42.709
2026-09-01T15:15:00,M02,12.503,1.985,27.122,20.674,45.301
2026-09-01T15:16:00,M02,12.519,2.017,26.912,20.909,44.904
2026-09-01T15:17:00,M02,12.410,1.998,27.074,20.854,43.807
2026-09-01T15:18:00,M02,12.696,2.025,27.003,21.042,43.421
2026-09-01T15:19:00,M02,12.554,2.005,27.000,20.614,46.601
2026-09-01T15:20:00,M02,12.614,1.963,26.923,20.995,46.772
2026-09-01T15:21:00,M02,12.520,1.951,27.083,20.967,46.265
2026-09-01T15:22:00,M02,12.484,1.983,27.009,20.912,42.181
2026-09-01T15:23:00,M02,12.606,1.968,26.789,20.978,41.578
2026-09-01T15:24:00,M02,12.740,2.019,27.049,20.813,43.728
2026-09-01T15:25:00,M02,12.653,1.892,27.130,20.841,45.818
2026-09-01T15:26:00,M02,12.681,2.014,27.116,20.389,43.431
2026-09-01T15:27:00,M02,12.568,2.015,26.856,20.909,45.015
2026-09-01T15:28:00,M02,12.659,1.968,26.999,20.874,45.674
2026-09-01T15:29:00,M02,12.630,1.959,27.142,20.417,45.775
2026-09-01T15:30:00,M02,12.584,1.998,26.981,20.789,44.714
2026-09-01T15:31:00,M02,12.562,1.922,27.099,20.282,45.933
2026-09-01T15:32:00,M02,12.655,2.010,27.209,20.953,44.480
2026-09-01T15:33:00,M02,12.579,1.898,27.008,20.847,44.639
2026-09-01T15:34:00,M02,12.557,1.997,26.924,20.609,44.990
2026-09-01T15:35:00,M02,12.577,2.033,27.091,21.011,43.430
2026-09-01T15:36:00,M02,12.622,1.959,27.212,20.792,46.683
2026-09-01T15:37:00,M02,12.787,2.011,26.924,20.825,45.354
2026-09-01T15:38:00,M02,12.481,1.999,26.843,20.910,46.131
2026-09-01T15:39:00,M02,12.371,1.910,26.692,21.210,44.460
2026-09-01T15:40:00,M02,12.642,1.927,26.795,21.030,43.546
2026-09-01T15:41:00,M02,12.707,2.040,27.107,20.855,43.328
2026-09-01T15:42:00,M02,12.674,2.021,26.733,20.596,46.444
2026-09-01T15:43:00,M02,12.439,1.967,26.810,20.308,45.036
2026-09-01T15:44:00,M02,12.620,2.052,26.646,20.650,45.759
2026-09-01T15:45:00,M02,12.626,1.933,27.192,21.185,46.559
2026-09-01T15:46:00,M02,12.560,1.982,26.761,21.139,44.557
2026-09-01T15:47:00,M02,12.781,2.054,26.801,20.605,44.763
2026-09-01T15:48:00,M02,12.656,2.009,27.079,20.810,45.230
2026-09-01T15:49:00,M02,12.544,2.045,26.943,21.091,45.687
2026-09-01T15:50:00,M02,12.503,1.941,27.200,21.133,45.816
2026-09-01T15:51:00,M02,12.600,1.946,26.831,20.902,44.746
2026-09-01T15:52:00,M02,12.683,1.993,27.067,20.770,46.556
2026-09-01T15:53:00,M02,12.575,2.005,27.087,21.064,45.264
2026-09-01T15:54:00,M02,12.722,2.006,27.028,20.777,44.218
2026-09-01T15:55:00,M02,12.577,1.951,26.976,20.653,45.425
2026-09-01T15:56:00,M02,12.578,1.980,27.025,20.678,44.649
2026-09-01T15:57:00,M02,12.569,1.990,26.788,21.030,43.656
2026-09-01T15:58:00,M02,12.416,2.087,27.025,20.930,44.116
2026-09-01T15:59:00,M02,12.614,2.034,27.170,20.748,44.423
2026-09-01T16:00:00,M02,12.084,1.778,23.881,20.126,46.269
2026-09-01T16:01:00,M02,12.070,1.767,24.280,20.137,44.792
2026-09-01T16:02:00,M02,11.948,1.830,24.325,20.142,46.752
2026-09-01T16:03:00,M02,11.922,1.743,24.251,20.045,45.736
2026-09-01T16:04:00,M02,12.062,1.840,24.484,19.974,46.235
2026-09-01T16:05:00,M02,12.127,1.830,24.517,20.080,43.717
2026-09-01T16:06:00,M02,12.136,1.900,24.523,20.100,43.411
2026-09-01T16:07:00,M02,12.164,1.822,24.380,20.484,43.747
2026-09-01T16:08:00,M02,12.189,1.893,24.782,20.233,44.730
2026-09-01T16:09:00,M02,12.054,1.904,24.835,20.493,43.594
2026-09-01T16:10:00,M02,12.069,1.796,24.871,20.289,44.233
2026-09-01T16:11:00,M02,12.125,1.857,25.022,20.097,46.460
2026-09-01T16:12:00,M02,12.101,1.831,24.980,20.473,44.453
2026-09-01T16:13:00,M02,12.134,1.806,25.039,20.111,45.456
2026-09-01T16:14:00,M02,12.152,1.832,25.134,20.174,43.770
2026-09-01T16:15:00,M02,12.220,1.813,25.282,20.315,46.029
2026-09-01T16:16:00,M02,12.392,1.858,25.109,20.264,45.374
2026-09-01T16:17:00,M02,12.242,1.856,25.402,20.601,44.809
2026-09-01T16:18:00,M02,12.095,1.770,25.313,20.288,45.654
2026-09-01T16:19:00,M02,12.477,1.907,25.395,20.410,46.197
2026-09-01T16:20:00,M02,12.256,1.983,25.474,20.622,45.123
2026-09-01T16:21:00,M02,12.334,1.821,25.673,20.038,45.704
2026-09-01T16:22:00,M02,12.541,1.944,25.464,20.247,46.160
2026-09-01T16:23:00,M02,12.463,1.894,25.504,20.025,43.819
2026-09-01T16:24:00,M02,12.301,2.030,25.872,20.200,44.158
2026-09-01T16:25:00,M02,12.516,1.881,25.627,20.714,46.459
2026-09-01T16:26:00,M02,12.244,1.940,26.005,20.524,44.932
2026-09-01T16:27:00,M02,12.350,1.887,25.496,20.397,43.200
2026-09-01T16:28:00,M02,12.430,1.858,25.958,20.563,43.582
2026-09-01T16:29:00,M02,12.318,1.911,25.764,20.881,46.042
2026-09-01T16:30:00,M02,12.417,1.855,25.823,20.590,45.683
2026-09-01T16:31:00,M02,12.340,1.933,25.890,20.448,43.229
2026-09-01T16:32:00,M02,12.318,1.893,25.963,20.236,45.503
2026-09-01T16:33:00,M02,12.267,1.972,26.042,20.488,45.960
2026-09-01T16:34:00,M02,12.399,1.937,26.144,20.499,46.573
2026-09-01T16:35:00,M02,12.533,1.893,26.082,20.505,45.524
2026-09-01T16:36:00,M02,12.324,1.875,26.106,20.659,46.798
2026-09-01T16:37:00,M02,12.305,2.029,26.273,20.358,46.523
2026-09-01T16:38:00,M02,12.585,1.856,26.179,20.494,44.864
2026-09-01T16:39:00,M02,12.578,1.984,26.041,20.742,45.279
2026-09-01T16:40:00,M02,12.255,1.955,26.273,20.738,45.864
2026-09-01T16:41:00,M02,12.471,1.989,26.268,20.297,45.747
2026-09-01T16:42:00,M02,12.422,1.977,26.460,20.571,45.836
2026-09-01T16:43:00,M02,12.604,2.011,26.358,20.676,45.856
2026-09-01T16:44:00,M02,12.513,1.889,26.256,20.909,44.687
2026-09-01T16:45:00,M02,12.489,1.880,26.283,20.628,44.432
2026-09-01T16:46:00,M02,12.471,1.905,26.201,20.659,44.072
2026-09-01T16:47:00,M02,12.393,1.905,26.162,20.334,46.086
2026-09-01T16:48:00,M02,12.394,1.930,26.282,20.755,46.202
2026-09-01T16:49:00,M02,12.632,2.029,26.633,20.647,44.889
2026-09-01T16:50:00,M02,12.731,2.001,26.104,20.525,46.765
2026-09-01T16:51:00,M02,12.464,1.943,26.317,20.396,44.765
2026-09-01T16:52:00,M02,12.531,1.859,26.500,20.736,43.861
2026-09-01T16:53:00,M02,12.520,2.054,26.502,20.715,46.070
2026-09-01T16:54:00,M02,12.405,1.924,26.329,20.855,45.844
2026-09-01T16:55:00,M02,12.432,1.937,26.498,20.623,45.754
2026-09-01T16:56:00,M02,12.413,1.962,26.741,20.691,45.800
2026-09-01T16:57:00,M02,12.499,1.928,26.350,20.719,44.941
2026-09-01T16:58:00,M02,12.438,2.078,26.763,20.469,44.198
2026-09-01T16:59:00,M02,12.642,1.981,26.546,20.720,45.447
2026-09-01T17:00:00,M02,12.649,2.015,26.693,20.435,43.821
2026-09-01T17:01:00,M02,12.662,2.025,26.631,20.993,44.497
2026-09-01T17:02:00,M02,12.596,1.956,26.632,20.473,43.933
2026-09-01T17:03:00,M02,12.647,1.943,26.428,20.703,46.003
2026-09-01T17:04:00,M02,12.482,1.967,26.465,20.715,45.975
2026-09-01T17:05:00,M02,12.554,1.891,26.672,21.059,43.014
2026-09-01T17:06:00,M02,12.403,2.033,26.832,20.442,45.306
2026-09-01T17:07:00,M02,12.761,2.014,26.769,20.555,43.645
2026-09-01T17:08:00,M02,12.530,2.095,26.811,20.486,45.340
2026-09-01T17:09:00,M02,12.570,1.943,26.862,20.781,44.872
2026-09-01T17:10:00,M02,12.403,1.914,26.649,20.655,43.840
2026-09-01T17:11:00,M02,12.519,1.976,26.606,20.474,45.357
2026-09-01T17:12:00,M02,12.487,1.984,26.910,20.973,43.828
2026-09-01T17:13:00,M02,12.620,1.952,26.715,20.989,45.319
2026-09-01T17:14:00,M02,12.284,2.082,26.648,20.531,43.652
2026-09-01T17:15:00,M02,12.585,2.022,26.783,20.778,46.819
2026-09-01T17:16:00,M02,12.650,2.003,26.967,20.631,45.204
2026-09-01T17:17:00,M02,12.564,2.018,26.585,20.702,43.765
2026-09-01T17:18:00,M02,12.568,2.053,26.785,21.011,43.124
2026-09-01T17:19:00,M02,12.405,1.975,26.741,20.700,46.247
2026-09-01T17:20:00,M02,12.633,2.019,26.513,20.654,42.409
2026-09-01T17:21:00,M02,12.445,1.938,26.933,20.931,45.244
2026-09-01T17:22:00,M02,12.485,1.988,26.861,20.756,47.400
2026-09-01T17:23:00,M02,12.435,1.945,26.717,20.686,46.011
2026-09-01T17:24:00,M02,12.403,1.995,27.079,20.959,44.551
2026-09-01T17:25:00,M02,12.569,1.958,26.803,20.674,44.053
2026-09-01T17:26:00,M02,12.475,1.996,27.075,20.498,45.199
2026-09-01T17:27:00,M02,12.609,1.990,26.713,20.804,44.456
2026-09-01T17:28:00,M02,12.716,1.991,26.737,20.832,44.686
2026-09-01T17:29:00,M02,12.615,1.970,26.789,20.971,45.696
2026-09-01T17:30:00,M02,12.504,1.972,26.812,20.864,41.978
2026-09-01T17:31:00,M02,12.742,1.948,26.953,20.835,45.336
2026-09-01T17:32:00,M02,12.672,2.071,26.803,20.602,44.330
2026-09-01T17:33:00,M02,12.714,1.939,26.736,20.533,43.646
2026-09-01T17:34:00,M02,12.555,1.913,26.790,20.924,44.662
2026-09-01T17:35:00,M02,12.485,2.010,27.163,20.982,45.285
2026-09-01T17:36:00,M02,12.455,2.035,26.823,20.967,46.746
2026-09-01T17:37:00,M02,12.557,2.001,26.646,20.598,46.135
2026-09-01T17:38:00,M02,12.662,2.018,26.903,20.765,44.990
2026-09-01T17:39:00,M02,12.542,2.025,26.876,20.946,44.957
2026-09-01T17:40:00,M02,12.549,2.098,27.045,20.892,45.572
2026-09-01T17:41:00,M02,12.510,1.933,27.107,20.863,45.118
2026-09-01T17:42:00,M02,12.476,1.971,26.890,20.878,43.508
2026-09-01T17:43:00,M02,12.558,1.996,26.939,20.700,46.395
2026-09-01T17:44:00,M02,12.624,1.928,26.823,20.712,44.303
2026-09-01T17:45:00,M02,12.586,2.031,27.124,20.587,47.187
2026-09-01T17:46:00,M02,12.534,1.957,26.839,20.873,44.189
2026-09-01T17:47:00,M02,12.580,1.972,26.839,20.728,45.577
2026-09-01T17:48:00,M02,12.417,1.992,26.935,20.758,46.421
2026-09-01T17:49:00,M02,12.528,1.964,26.638,20.747,46.038
2026-09-01T17:50:00,M02,12.528,1.938,27.033,20.468,44.544
2026-09-01T17:51:00,M02,12.650,2.033,26.931,20.808,45.112
2026-09-01T17:52:00,M02,12.488,2.038,26.926,20.784,44.730
2026-09-01T17:53:00,M02,12.540,1.921,27.078,20.915,45.460
2026-09-01T17:54:00,M02,12.546,1.999,26.869,20.799,44.851
2026-09-01T17:55:00,M02,12.556,2.012,26.633,20.964,44.408
2026-09-01T17:56:00,M02,12.573,1.973,26.973,20.665,44.930
2026-09-01T17:57:00,M02,12.716,2.037,27.049,20.712,43.860
2026-09-01T17:58:00,M02,12.653,1.987,26.931,20.712,45.061
2026-09-01T17:59:00,M02,12.393,2.017,27.287,20.892,43.859
2026-09-01T18:00:00,M02,12.416,2.000,26.905,20.927,44.917
2026-09-01T18:01:00,M02,12.612,1.965,26.991,21.129,43.850
2026-09-01T18:02:00,M02,12.466,1.987,27.172,20.698,46.449
2026-09-01T18:03:00,M02,12.520,2.020,27.079,20.715,46.175
2026-09-01T18:04:00,M02,12.628,2.003,26.913,20.794,44.528
2026-09-01T18:05:00,M02,12.558,1.939,27.306,20.734,45.007
2026-09-01T18:06:00,M02,12.569,1.915,27.226,20.647,43.727
2026-09-01T18:07:00,M02,12.655,1.993,26.950,20.668,46.235
2026-09-01T18:08:00,M02,12.616,2.024,27.151,20.822,44.563
2026-09-01T18:09:00,M02,12.591,2.003,26.817,20.698,44.800
2026-09-01T18:10:00,M02,12.523,1.967,26.807,20.965,45.614
2026-09-01T18:11:00,M02,12.465,1.993,26.857,20.818,44.937
2026-09-01T18:12:00,M02,12.411,1.983,27.069,20.775,43.363
2026-09-01T18:13:00,M02,12.599,1.976,27.087,20.942,45.042
2026-09-01T18:14:00,M02,12.634,1.973,26.835,20.659,45.096
2026-09-01T18:15:00,M02,12.509,1.997,26.972,20.818,42.974
2026-09-01T18:16:00,M02,12.409,1.963,26.919,20.724,43.436
2026-09-01T18:17:00,M02,12.627,1.980,27.055,20.708,45.861
2026-09-01T18:18:00,M02,12.625,1.976,26.995,21.073,45.712
2026-09-01T18:19:00,M02,12.580,2.026,27.062,20.676,44.323
2026-09-01T18:20:00,M02,12.609,2.016,26.860,20.347,43.886
2026-09-01T18:21:00,M02,12.666,2.089,27.088,20.685,45.798
2026-09-01T18:22:00,M02,12.589,2.046,26.999,20.879,44.847
2026-09-01T18:23:00,M02,12.432,2.041,27.032,21.082,43.903
2026-09-01T18:24:00,M02,12.731,1.938,26.673,20.587,45.412
2026-09-01T18:25:00,M02,12.639,1.912,27.004,21.174,45.062
2026-09-01T18:26:00,M02,12.693,2.007,27.015,20.700,44.405
2026-09-01T18:27:00,M02,12.615,1.978,27.144,20.762,45.565
2026-09-01T18:28:00,M02,12.629,1.943,27.152,20.997,45.539
2026-09-01T18:29:00,M02,12.513,2.003,27.069,20.840,46.198
2026-09-01T18:30:00,M02,12.479,1.977,27.048,20.769,43.887
2026-09-01T18:31:00,M02,12.711,1.927,26.915,20.700,46.158
2026-09-01T18:32:00,M02,12.526,2.029,27.108,20.758,44.643
2026-09-01T18:33:00,M02,12.537,2.063,26.879,20.684,44.900
2026-09-01T18:34:00,M02,12.487,1.990,26.842,20.761,46.991
2026-09-01T18:35:00,M02,12.546,1.954,26.835,20.902,45.549
2026-09-01T18:36:00,M02,12.615,2.014,26.966,20.463,43.768
2026-09-01T18:37:00,M02,12.526,1.965,26.884,20.862,44.218
2026-09-01T18:38:00,M02,12.591,2.023,26.796,20.909,46.527
2026-09-01T18:39:00,M02,12.354,1.986,26.935,20.700,44.744
2026-09-01T18:40:00,M02,12.541,2.044,27.149,21.047,45.736
2026-09-01T18:41:00,M02,12.630,1.994,26.984,20.865,46.385
2026-09-01T18:42:00,M02,12.660,1.946,27.165,21.308,45.777
2026-09-01T18:43:00,M02,12.644,2.000,26.944,20.723,44.388
2026-09-01T18:44:00,M02,12.474,2.036,27.001,21.235,44.359
2026-09-01T18:45:00,M02,12.579,2.076,27.145,20.932,45.181
2026-09-01T18:46:00,M02,12.629,1.979,27.020,20.409,45.630
2026-09-01T18:47:00,M02,12.707,1.998,27.062,20.673,45.443
2026-09-01T18:48:00,M02,12.666,1.920,27.102,20.659,44.422
2026-09-01T18:49:00,M02,12.655,2.009,26.800,20.517,44.213
2026-09-01T18:50:00,M02,12.533,2.152,27.134,20.623,44.483
2026-09-01T18:51:00,M02,12.696,2.020,27.150,20.874,46.127
2026-09-01T18:52:00,M02,12.683,2.007,27.062,20.877,43.375
2026-09-01T18:53:00,M02,12.599,2.050,27.047,20.815,46.405
2026-09-01T18:54:00,M02,12.484,2.065,26.847,20.705,45.956
2026-09-01T18:55:00,M02,12.623,2.022,26.877,21.187,43.538
2026-09-01T18:56:00,M02,12.655,2.066,27.055,20.757,43.364
2026-09-01T18:57:00,M02,12.627,2.062,26.884,20.950,44.720
2026-09-01T18:58:00,M02,12.611,2.038,26.708,20.819,44.525
2026-09-01T18:59:00,M02,12.694,2.009,27.115,20.662,45.478
2026-09-01T19:00:00,M02,12.648,2.126,27.122,20.986,44.483
2026-09-01T19:01:00,M02,12.534,2.072,27.100,20.666,44.918
2026-09-01T19:02:00,M02,12.534,1.928,27.002,20.873,45.283
2026-09-01T19:03:00,M02,12.797,2.045,27.018,20.983,43.790
2026-09-01T19:04:00,M02,12.721,1.920,27.175,20.855,43.850
2026-09-01T19:05:00,M02,12.580,2.060,27.166,20.643,44.585
2026-09-01T19:06:00,M02,12.619,1.987,26.662,21.184,45.209
2026-09-01T19:07:00,M02,12.502,2.002,26.816,20.903,44.486
2026-09-01T19:08:00,M02,12.583,1.956,26.957,20.856,44.954
2026-09-01T19:09:00,M02,12.707,2.122,27.200,20.801,44.218
2026-09-01T19:10:00,M02,12.596,1.931,26.946,20.970,46.215
2026-09-01T19:11:00,M02,12.525,2.024,27.095,20.678,45.537
2026-09-01T19:12:00,M02,12.351,2.030,27.029,21.018,45.909
2026-09-01T19:13:00,M02,12.615,1.983,27.113,20.850,46.842
2026-09-01T19:14:00,M02,12.496,1.937,27.053,20.830,45.469
2026-09-01T19:15:00,M02,12.459,1.992,26.704,20.686,43.735
2026-09-01T19:16:00,M02,12.547,1.945,26.977,21.108,45.118
2026-09-01T19:17:00,M02,12.676,2.074,26.863,21.301,44.844
2026-09-01T19:18:00,M02,12.550,2.042,27.317,20.838,45.308
2026-09-01T19:19:00,M02,12.581,1.996,27.101,20.894,45.074
2026-09-01T19:20:00,M02,12.578,2.009,26.957,20.786,44.554
2026-09-01T19:21:00,M02,12.717,2.052,26.770,21.000,45.074
2026-09-01T19:22:00,M02,12.620,2.016,27.060,20.845,43.649
2026-09-01T19:23:00,M02,12.628,1.928,26.929,20.807,45.855
2026-09-01T19:24:00,M02,12.589,2.039,27.020,20.789,44.146
2026-09-01T19:25:00,M02,12.680,2.003,26.916,20.807,44.135
2026-09-01T19:26:00,M02,12.686,1.996,26.940,20.712,44.905
2026-09-01T19:27:00,M02,12.446,1.967,27.157,20.801,45.945
2026-09-01T19:28:00,M02,12.780,2.033,26.824,20.688,44.986
2026-09-01T19:29:00,M02,12.519,1.999,27.058,20.827,44.339
2026-09-01T19:30:00,M02,12.688,1.998,27.003,21.000,45.628
2026-09-01T19:31:00,M02,12.657,2.004,26.999,20.891,45.287
2026-09-01T19:32:00,M02,12.690,2.015,27.047,20.706,42.325
2026-09-01T19:33:00,M02,12.661,2.056,27.119,21.002,43.583
2026-09-01T19:34:00,M02,12.595,2.041,27.028,20.774,44.650
2026-09-01T19:35:00,M02,12.526,2.026,26.947,20.928,43.518
2026-09-01T19:36:00,M02,12.759,2.037,27.152,20.660,43.485
2026-09-01T19:37:00,M02,12.630,2.030,27.032,20.739,45.731
2026-09-01T19:38:00,M02,12.532,1.964,26.907,20.971,44.810
2026-09-01T19:39:00,M02,12.573,2.021,27.061,20.699,45.256
2026-09-01T19:40:00,M02,12.704,2.021,27.002,20.798,46.415
2026-09-01T19:41:00,M02,12.650,2.043,27.057,20.941,43.597
2026-09-01T19:42:00,M02,12.636,1.979,27.005,20.871,47.749
2026-09-01T19:43:00,M02,12.581,1.947,27.041,20.743,45.369
2026-09-01T19:44:00,M02,12.680,1.916,26.972,20.929,46.305
2026-09-01T19:45:00,M02,12.514,2.059,26.860,20.475,45.094
2026-09-01T19:46:00,M02,12.630,1.998,27.185,20.930,44.140
2026-09-01T19:47:00,M02,12.509,2.018,26.863,20.733,44.198
2026-09-01T19:48:00,M02,12.618,2.031,27.140,20.885,45.403
2026-09-01T19:49:00,M02,12.658,2.042,26.950,20.378,44.569
2026-09-01T19:50:00,M02,12.780,2.062,27.004,20.648,47.556
2026-09-01T19:51:00,M02,12.637,1.949,27.180,21.064,44.662
2026-09-01T19:52:00,M02,12.602,2.009,27.218,20.749,45.372
2026-09-01T19:53:00,M02,12.579,2.009,27.109,20.955,44.482
2026-09-01T19:54:00,M02,12.716,2.009,26.953,20.742,48.580
2026-09-01T19:55:00,M02,12.621,2.043,26.919,20.745,45.553
2026-09-01T19:56:00,M02,12.615,2.007,27.075,21.023,43.665
2026-09-01T19:57:00,M02,12.537,1.970,26.955,20.917,44.683
2026-09-01T19:58:00,M02,12.591,1.993,26.966,21.075,43.583
2026-09-01T19:59:00,M02,12.496,1.954,27.396,20.545,45.327
2026-09-01T20:00:00,M02,12.651,2.032,27.059,21.124,45.773
2026-09-01T20:01:00,M02,12.617,1.961,27.015,20.988,45.357
2026-09-01T20:02:00,M02,12.572,2.058,27.372,20.333,46.480
2026-09-01T20:03:00,M02,12.576,2.051,27.090,20.592,44.578
2026-09-01T20:04:00,M02,12.646,2.048,26.933,20.706,45.356
2026-09-01T20:05:00,M02,12.576,1.923,27.246,20.682,44.695
2026-09-01T20:06:00,M02,12.803,1.976,27.220,20.623,44.562
2026-09-01T20:07:00,M02,12.523,2.028,26.694,21.020,47.272
2026-09-01T20:08:00,M02,12.676,1.977,27.047,20.878,45.547
2026-09-01T20:09:00,M02,12.627,2.028,26.984,20.783,45.298
2026-09-01T20:10:00,M02,12.756,2.011,27.046,20.346,46.746
2026-09-01T20:11:00,M02,12.670,1.963,27.033,20.856,45.638
2026-09-01T20:12:00,M02,12.612,2.024,27.046,20.851,44.440
2026-09-01T20:13:00,M02,12.496,1.861,27.165,20.720,45.176
2026-09-01T20:14:00,M02,12.582,1.984,26.781,21.039,44.244
2026-09-01T20:15:00,M02,12.550,1.974,27.056,20.652,43.670
2026-09-01T20:16:00,M02,12.669,1.979,27.273,20.759,45.803
2026-09-01T20:17:00,M02,12.533,1.942,26.882,20.824,46.662
2026-09-01T20:18:00,M02,12.708,1.968,27.018,20.538,43.413
2026-09-01T20:19:00,M02,12.758,2.036,27.209,20.495,44.305
2026-09-01T20:20:00,M02,12.491,1.991,26.641,20.983,45.771
2026-09-01T20:21:00,M02,12.486,1.951,26.692,20.896,44.337
2026-09-01T20:22:00,M02,12.665,2.024,26.972,21.081,44.773
2026-09-01T20:23:00,M02,12.737,2.007,27.228,20.991,44.621
2026-09-01T20:24:00,M02,12.616,2.001,27.005,20.925,45.290
2026-09-01T20:25:00,M02,12.596,2.015,26.717,20.676,44.236
2026-09-01T20:26:00,M02,12.554,2.061,26.836,20.886,44.619
2026-09-01T20:27:00,M02,12.725,1.954,26.684,20.723,43.384
2026-09-01T20:28:00,M02,12.663,1.943,27.014,20.601,45.962
2026-09-01T20:29:00,M02,12.594,2.032,26.885,20.639,44.482
2026-09-01T20:30:00,M02,12.665,2.032,27.111,20.666,45.393
2026-09-01T20:31:00,M02,12.485,2.020,26.898,20.769,43.219
2026-09-01T20:32:00,M02,12.541,2.021,26.986,20.811,46.583
2026-09-01T20:33:00,M02,12.654,2.002,26.901,20.770,46.165
2026-09-01T20:34:00,M02,12.600,1.965,27.027,20.599,42.070
2026-09-01T20:35:00,M02,12.683,1.979,26.783,20.955,44.478
2026-09-01T20:36:00,M02,12.553,2.015,27.209,21.066,45.803
2026-09-01T20:37:00,M02,12.597,2.020,27.048,21.032,43.640
2026-09-01T20:38:00,M02,12.418,2.000,27.109,20.834,45.830
2026-09-01T20:39:00,M02,12.469,1.997,27.125,20.662,45.631
2026-09-01T20:40:00,M02,12.539,1.875,26.902,20.911,44.630
2026-09-01T20:41:00,M02,12.740,1.961,27.185,20.654,43.655
2026-09-01T20:42:00,M02,12.586,2.036,27.035,20.785,46.970
2026-09-01T20:43:00,M02,12.642,2.024,27.093,20.795,43.554
2026-09-01T20:44:00,M02,12.522,2.017,26.979,20.674,44.645
2026-09-01T20:45:00,M02,12.802,2.057,26.967,20.742,46.462
2026-09-01T20:46:00,M02,12.567,2.002,27.063,21.031,44.438
2026-09-01T20:47:00,M02,12.653,1.909,27.054,20.801,45.124
2026-09-01T20:48:00,M02,12.748,1.979,27.136,20.837,44.068
2026-09-01T20:49:00,M02,12.421,1.971,27.239,20.851,43.783
2026-09-01T20:50:00,M02,12.638,1.998,26.733,20.931,45.105
2026-09-01T20:51:00,M02,12.514,1.921,27.027,21.050,44.906
2026-09-01T20:52:00,M02,12.580,1.954,27.094,20.634,46.029
2026-09-01T20:53:00,M02,12.649,1.964,26.741,21.010,44.202
2026-09-01T20:54:00,M02,12.481,2.014,27.035,20.794,42.503
2026-09-01T20:55:00,M02,12.685,1.901,26.892,21.149,45.551
2026-09-01T20:56:00,M02,12.648,1.987,27.050,20.900,46.378
2026-09-01T20:57:00,M02,12.515,2.025,26.900,20.877,44.535
2026-09-01T20:58:00,M02,12.600,2.024,26.968,20.556,46.138
2026-09-01T20:59:00,M02,12.354,2.026,27.056,20.778,44.260
2026-09-01T21:00:00,M02,12.746,1.962,27.203,21.055,44.836
2026-09-01T21:01:00,M02,12.459,1.963,27.020,20.700,44.497
2026-09-01T21:02:00,M02,12.559,2.081,26.823,20.731,44.193
2026-09-01T21:03:00,M02,12.702,1.952,27.065,20.575,45.481
2026-09-01T21:04:00,M02,12.640,1.980,27.275,20.799,45.687
2026-09-01T21:05:00,M02,12.620,2.030,26.994,20.696,43.807
2026-09-01T21:06:00,M02,12.651,1.925,27.098,20.827,44.752
2026-09-01T21:07:00,M02,12.453,2.024,27.045,20.713,44.667
2026-09-01T21:08:00,M02,12.601,1.940,27.064,21.163,45.717
2026-09-01T21:09:00,M02,12.709,2.026,27.036,20.646,46.613
2026-09-01T21:10:00,M02,12.698,2.020,27.043,20.770,45.289
2026-09-01T21:11:00,M02,12.640,1.986,26.999,21.148,45.344
2026-09-01T21:12:00,M02,12.667,2.015,26.901,20.741,44.871
2026-09-01T21:13:00,M02,12.868,2.060,27.021,20.914,44.059
2026-09-01T21:14:00,M02,12.622,2.149,26.855,20.939,45.830
2026-09-01T21:15:00,M02,12.521,2.005,27.119,20.857,45.244
2026-09-01T21:16:00,M02,12.640,1.965,27.159,20.817,45.809
2026-09-01T21:17:00,M02,12.564,2.002,27.142,20.869,45.267
2026-09-01T21:18:00,M02,12.512,1.992,26.993,20.802,44.249
2026-09-01T21:19:00,M02,12.620,2.006,27.142,21.026,43.998
2026-09-01T21:20:00,M02,12.633,1.997,27.026,20.612,46.115
2026-09-01T21:21:00,M02,12.758,1.972,27.160,20.750,45.828
2026-09-01T21:22:00,M02,12.580,2.036,26.840,20.813,42.342
2026-09-01T21:23:00,M02,12.736,1.925,26.961,20.795,45.524
2026-09-01T21:24:00,M02,12.602,2.045,26.879,20.885,47.044
2026-09-01T21:25:00,M02,12.676,1.919,26.882,20.608,44.521
2026-09-01T21:26:00,M02,12.640,1.943,26.886,20.626,45.277
2026-09-01T21:27:00,M02,12.472,2.054,26.891,20.614,45.039
2026-09-01T21:28:00,M02,12.530,2.027,27.088,20.714,46.813
2026-09-01T21:29:00,M02,12.578,1.959,27.172,21.128,45.915
2026-09-01T21:30:00,M02,12.591,2.065,27.162,21.020,45.998
2026-09-01T21:31:00,M02,12.637,2.020,27.007,20.841,45.409
2026-09-01T21:32:00,M02,12.542,2.014,27.183,21.043,45.119
2026-09-01T21:33:00,M02,12.589,2.065,26.800,20.785,45.450
2026-09-01T21:34:00,M02,12.562,1.974,26.699,20.976,45.973
2026-09-01T21:35:00,M02,12.789,2.029,27.025,20.748,43.334
2026-09-01T21:36:00,M02,12.571,2.029,27.231,20.703,45.536
2026-09-01T21:37:00,M02,12.614,1.982,27.109,20.793,45.996
2026-09-01T21:38:00,M02,12.514,1.950,27.110,20.364,46.342
2026-09-01T21:39:00,M02,12.616,2.000,27.022,20.894,44.520
2026-09-01T21:40:00,M02,12.551,1.941,27.043,20.938,45.153
2026-09-01T21:41:00,M02,12.534,1.951,27.058,20.833,45.308
2026-09-01T21:42:00,M02,12.519,1.965,27.013,20.284,44.796
2026-09-01T21:43:00,M02,12.705,2.004,27.138,20.636,45.591
2026-09-01T21:44:00,M02,12.467,1.993,26.942,20.621,43.761
2026-09-01T21:45:00,M02,12.671,2.038,27.141,20.722,46.336
2026-09-01T21:46:00,M02,12.523,2.048,27.318,21.230,45.036
2026-09-01T21:47:00,M02,12.754,2.061,27.027,20.685,46.949
2026-09-01T21:48:00,M02,12.459,2.022,26.936,21.012,45.024
2026-09-01T21:49:00,M02,12.519,1.921,26.970,20.641,46.252
2026-09-01T21:50:00,M02,12.622,1.883,27.150,20.922,47.264
2026-09-01T21:51:00,M02,12.574,1.992,26.814,20.751,43.661
2026-09-01T21:52:00,M02,12.668,2.062,26.799,21.040,43.835
2026-09-01T21:53:00,M02,12.415,2.092,27.036,20.863,44.022
2026-09-01T21:54:00,M02,12.416,2.078,27.022,20.554,44.103
2026-09-01T21:55:00,M02,12.641,1.984,27.066,21.066,43.812
2026-09-01T21:56:00,M02,12.497,1.959,26.884,20.908,45.848
2026-09-01T21:57:00,M02,12.650,2.037,27.077,20.534,45.699
2026-09-01T21:58:00,M02,12.689,2.005,27.106,20.813,43.538
2026-09-01T21:59:00,M02,12.555,2.068,27.085,20.890,45.490
2026-09-01T22:00:00,M02,12.534,2.057,27.158,20.943,45.852
2026-09-01T22:01:00,M02,12.601,2.039,27.040,20.784,45.771
2026-09-01T22:02:00,M02,12.566,1.942,26.914,20.955,44.369
2026-09-01T22:03:00,M02,12.664,1.957,26.870,20.843,45.271
2026-09-01T22:04:00,M02,12.586,2.000,27.066,21.108,47.134
2026-09-01T22:05:00,M02,12.372,1.987,26.915,20.891,44.118
2026-09-01T22:06:00,M02,12.600,1.960,26.920,20.641,41.708
2026-09-01T22:07:00,M02,12.625,2.065,26.776,20.286,45.088
2026-09-01T22:08:00,M02,12.552,1.976,27.273,21.011,44.731
2026-09-01T22:09:00,M02,12.580,2.054,27.042,20.752,47.097
2026-09-01T22:10:00,M02,12.781,1.990,26.845,20.873,45.264
2026-09-01T22:11:00,M02,12.792,2.036,27.169,21.164,45.118
2026-09-01T22:12:00,M02,12.641,2.037,26.972,20.340,45.200
2026-09-01T22:13:00,M02,12.647,1.980,27.076,20.669,46.153
2026-09-01T22:14:00,M02,12.593,2.102,26.956,20.738,43.073
2026-09-01T22:15:00,M02,12.774,2.082,27.036,20.599,45.802
2026-09-01T22:16:00,M02,12.729,2.066,26.772,20.610,45.111
2026-09-01T22:17:00,M02,12.754,2.001,26.891,20.533,45.076
2026-09-01T22:18:00,M02,12.408,1.927,27.082,20.592,44.161
2026-09-01T22:19:00,M02,12.549,1.983,27.001,21.128,45.826
2026-09-01T22:20:00,M02,12.530,1.971,26.908,20.828,44.766
2026-09-01T22:21:00,M02,12.449,2.012,26.945,20.937,45.437
2026-09-01T22:22:00,M02,12.624,1.922,27.107,20.708,44.973
2026-09-01T22:23:00,M02,12.651,1.921,26.833,20.737,45.771
2026-09-01T22:24:00,M02,12.664,2.067,26.937,20.524,43.067
2026-09-01T22:25:00,M02,12.655,1.995,27.083,20.647,45.983
2026-09-01T22:26:00,M02,12.610,2.027,27.170,20.842,47.274
2026-09-01T22:27:00,M02,12.708,1.992,26.841,21.209,44.698
2026-09-01T22:28:00,M02,12.653,2.035,27.007,20.784,45.906
2026-09-01T22:29:00,M02,12.685,2.089,27.207,20.990,44.602
2026-09-01T22:30:00,M02,12.514,2.016,27.044,20.760,41.635
2026-09-01T22:31:00,M02,12.527,1.979,26.776,20.772,43.556
2026-09-01T22:32:00,M02,12.598,1.984,26.781,20.438,44.916
2026-09-01T22:33:00,M02,12.786,2.096,27.005,20.180,45.831
2026-09-01T22:34:00,M02,12.525,2.002,26.993,20.580,45.398
2026-09-01T22:35:00,M02,12.597,1.960,26.986,20.604,46.729
2026-09-01T22:36:00,M02,12.496,2.012,26.970,20.744,45.262
2026-09-01T22:37:00,M02,12.668,1.965,27.017,20.574,45.614
2026-09-01T22:38:00,M02,12.704,2.049,27.113,20.803,43.820
2026-09-01T22:39:00,M02,12.665,2.039,26.849,20.658,45.838
2026-09-01T22:40:00,M02,12.776,2.038,26.970,20.750,44.667
2026-09-01T22:41:00,M02,12.858,1.912,27.052,20.890,45.886
2026-09-01T22:42:00,M02,12.759,1.862,27.114,20.804,45.211
2026-09-01T22:43:00,M02,12.585,1.981,27.162,20.784,45.644
2026-09-01T22:44:00,M02,12.619,2.090,26.879,20.667,43.485
2026-09-01T22:45:00,M02,12.616,1.920,27.252,20.942,44.173
2026-09-01T22:46:00,M02,12.550,2.016,26.933,20.792,45.497
2026-09-01T22:47:00,M02,12.601,1.978,27.075,20.918,43.305
2026-09-01T22:48:00,M02,12.688,2.056,27.009,20.568,44.380
2026-09-01T22:49:00,M02,12.682,2.000,26.989,20.782,44.092
2026-09-01T22:50:00,M02,12.518,1.976,27.078,20.623,45.842
2026-09-01T22:51:00,M02,12.693,1.951,27.009,20.880,45.911
2026-09-01T22:52:00,M02,12.681,1.974,27.151,20.602,46.809
2026-09-01T22:53:00,M02,12.554,2.003,27.031,20.472,47.074
2026-09-01T22:54:00,M02,12.555,1.954,27.129,20.903,46.093
2026-09-01T22:55:00,M02,12.609,2.008,26.872,20.988,45.405
2026-09-01T22:56:00,M02,12.574,2.086,26.919,20.982,46.484
2026-09-01T22:57:00,M02,12.630,2.100,26.945,20.941,43.005
2026-09-01T22:58:00,M02,12.596,2.083,27.191,20.604,44.455
2026-09-01T22:59:00,M02,12.586,1.947,26.882,20.561,46.478
2026-09-01T23:00:00,M02,12.485,2.054,27.065,20.723,47.536
2026-09-01T23:01:00,M02,12.585,2.044,26.735,20.915,46.536
2026-09-01T23:02:00,M02,12.403,1.994,26.979,20.839,47.272
2026-09-01T23:03:00,M02,12.615,2.043,27.097,21.067,43.738
2026-09-01T23:04:00,M02,12.653,2.024,27.154,20.805,44.740
2026-09-01T23:05:00,M02,12.709,2.059,27.010,20.899,46.215
2026-09-01T23:06:00,M02,12.673,1.966,26.964,20.403,44.312
2026-09-01T23:07:00,M02,12.657,1.978,26.866,20.904,45.403
2026-09-01T23:08:00,M02,12.416,2.093,27.011,20.786,44.704
2026-09-01T23:09:00,M02,12.702,1.981,27.170,21.059,46.402
2026-09-01T23:10:00,M02,12.591,2.029,26.870,21.036,44.809
2026-09-01T23:11:00,M02,12.633,2.017,27.015,20.934,44.158
2026-09-01T23:12:00,M02,12.381,1.992,26.826,20.727,44.507
2026-09-01T23:13:00,M02,12.619,2.005,26.775,20.840,45.830
2026-09-01T23:14:00,M02,12.714,2.046,26.916,20.859,46.460
2026-09-01T23:15:00,M02,12.524,1.979,26.668,20.820,45.136
2026-09-01T23:16:00,M02,12.572,2.034,27.138,20.536,46.259
2026-09-01T23:17:00,M02,12.618,2.029,27.020,20.872,45.608
2026-09-01T23:18:00,M02,12.646,2.006,26.942,20.659,46.344
2026-09-01T23:19:00,M02,12.560,2.000,26.824,20.997,44.694
2026-09-01T23:20:00,M02,12.612,2.017,27.095,21.405,45.245
2026-09-01T23:21:00,M02,12.567,2.006,27.128,20.573,45.548
2026-09-01T23:22:00,M02,12.455,2.019,26.965,20.640,46.694
2026-09-01T23:23:00,M02,12.580,2.005,27.406,20.829,44.910
2026-09-01T23:24:00,M02,12.650,1.967,26.839,20.765,44.615
2026-09-01T23:25:00,M02,12.613,2.055,26.867,20.856,46.260
2026-09-01T23:26:00,M02,12.598,1.981,26.971,20.700,45.992
2026-09-01T23:27:00,M02,12.418,1.970,26.942,20.712,45.526
2026-09-01T23:28:00,M02,12.522,1.982,27.110,20.789,45.195
2026-09-01T23:29:00,M02,12.520,1.971,27.010,20.876,45.129
2026-09-01T23:30:00,M02,12.669,1.989,27.166,20.974,46.935
2026-09-01T23:31:00,M02,12.727,2.027,26.974,20.904,42.226
2026-09-01T23:32:00,M02,12.654,2.022,27.177,21.012,43.923
2026-09-01T23:33:00,M02,12.651,2.035,27.188,20.882,47.180
2026-09-01T23:34:00,M02,12.484,2.029,26.814,21.007,43.671
2026-09-01T23:35:00,M02,12.504,1.932,26.993,20.952,45.006
2026-09-01T23:36:00,M02,12.652,2.057,27.047,20.595,44.714
2026-09-01T23:37:00,M02,12.641,1.998,27.102,20.937,43.962
2026-09-01T23:38:00,M02,12.541,2.077,26.989,20.710,42.527
2026-09-01T23:39:00,M02,12.579,1.998,27.147,21.301,44.272
2026-09-01T23:40:00,M02,12.652,2.008,26.885,20.565,43.717
2026-09-01T23:41:00,M02,12.634,2.041,27.197,20.934,43.933
2026-09-01T23:42:00,M02,12.592,1.964,27.039,20.832,44.423
2026-09-01T23:43:00,M02,12.720,2.055,27.199,20.807,46.351
2026-09-01T23:44:00,M02,12.518,1.962,26.655,20.704,44.311
2026-09-01T23:45:00,M02,12.786,1.987,26.698,20.695,47.142
2026-09-01T23:46:00,M02,12.602,1.979,27.070,21.052,46.352
2026-09-01T23:47:00,M02,12.663,1.999,27.145,21.081,45.495
2026-09-01T23:48:00,M02,12.763,1.988,27.042,21.307,44.843
2026-09-01T23:49:00,M02,12.482,1.987,27.030,21.080,46.346
2026-09-01T23:50:00,M02,12.510,1.935,26.695,20.597,46.163
2026-09-01T23:51:00,M02,12.456,1.965,26.944,20.657,45.951
2026-09-01T23:52:00,M02,12.653,2.039,27.345,20.801,43.518
2026-09-01T23:53:00,M02,12.732,1.894,27.302,20.897,45.158
2026-09-01T23:54:00,M02,12.635,1.988,27.098,20.737,44.799
2026-09-01T23:55:00,M02,12.633,2.030,26.817,20.729,47.262
2026-09-01T23:56:00,M02,12.556,1.952,26.949,20.858,44.951
2026-09-01T23:57:00,M02,12.702,1.980,27.114,20.327,44.389
2026-09-01T23:58:00,M02,12.608,2.033,26.899,20.812,47.609
2026-09-01T23:59:00,M02,12.465,2.088,26.974,21.207,45.496
2026-09-02T00:00:00,M02,11.811,1.815,24.035,19.788,45.271
2026-09-02T00:01:00,M02,12.005,1.828,24.231,19.939,44.092
2026-09-02T00:02:00,M02,11.965,1.778,24.389,20.062,46.676
2026-09-02T00:03:00,M02,12.173,1.777,24.466,20.118,45.402
2026-09-02T00:04:00,M02,12.022,1.807,24.355,20.094,44.708
2026-09-02T00:05:00,M02,12.258,1.817,24.463,20.412,47.265
2026-09-02T00:06:00,M02,12.165,1.807,24.328,19.885,42.077
2026-09-02T00:07:00,M02,12.203,1.761,24.537,20.217,43.689
2026-09-02T00:08:00,M02,12.021,1.840,24.735,20.442,44.280
2026-09-02T00:09:00,M02,12.083,1.891,24.809,20.421,44.669
2026-09-02T00:10:00,M02,12.063,1.797,25.049,20.174,45.010
2026-09-02T00:11:00,M02,12.103,1.917,24.778,19.973,47.045
2026-09-02T00:12:00,M02,11.998,1.903,25.208,20.422,43.153
2026-09-02T00:13:00,M02,12.338,1.851,24.908,20.432,44.390
2026-09-02T00:14:00,M02,12.174,1.946,25.205,20.471,45.186
2026-09-02T00:15:00,M02,12.162,1.794,25.280,20.552,46.010
2026-09-02T00:16:00,M02,12.262,1.926,25.259,20.440,46.065
2026-09-02T00:17:00,M02,12.232,1.840,25.104,20.368,45.393
2026-09-02T00:18:00,M02,12.257,1.765,25.281,20.224,47.204
2026-09-02T00:19:00,M02,12.233,1.935,25.385,20.774,44.939
2026-09-02T00:20:00,M02,12.394,1.903,25.252,20.419,45.624
2026-09-02T00:21:00,M02,12.227,1.922,25.285,20.732,43.893
2026-09-02T00:22:00,M02,12.180,1.905,25.872,20.343,43.669
2026-09-02T00:23:00,M02,12.323,1.936,25.617,20.436,46.849
2026-09-02T00:24:00,M02,12.255,1.916,25.695,20.408,44.647
2026-09-02T00:25:00,M02,12.281,1.848,25.672,20.255,45.228
2026-09-02T00:26:00,M02,12.452,1.912,25.605,20.621,44.489
2026-09-02T00:27:00,M02,12.358,1.872,25.955,20.505,44.548
2026-09-02T00:28:00,M02,12.346,1.964,25.649,20.291,44.831
2026-09-02T00:29:00,M02,12.272,1.883,25.704,20.412,43.539
2026-09-02T00:30:00,M02,12.378,1.863,25.809,20.470,44.117
2026-09-02T00:31:00,M02,12.421,1.972,26.116,20.743,42.710
2026-09-02T00:32:00,M02,12.431,1.910,25.829,20.758,44.657
2026-09-02T00:33:00,M02,12.524,1.909,26.163,20.358,43.620
2026-09-02T00:34:00,M02,12.431,1.945,26.019,20.241,46.145
2026-09-02T00:35:00,M02,12.487,1.952,26.061,20.455,47.787
2026-09-02T00:36:00,M02,12.462,1.905,26.174,20.566,45.538
2026-09-02T00:37:00,M02,12.463,1.924,26.065,20.114,44.920
2026-09-02T00:38:00,M02,12.596,1.951,26.079,20.417,43.565
2026-09-02T00:39:00,M02,12.310,1.966,25.768,20.471,46.758
2026-09-02T00:40:00,M02,12.352,1.951,26.227,20.370,45.995
2026-09-02T00:41:00,M02,12.446,2.000,26.259,20.359,45.879
2026-09-02T00:42:00,M02,12.435,1.922,26.365,20.534,44.522
2026-09-02T00:43:00,M02,12.554,1.929,26.049,20.601,45.170
2026-09-02T00:44:00,M02,12.648,2.051,26.258,20.668,46.664
2026-09-02T00:45:00,M02,12.317,2.025,26.209,21.081,45.064
2026-09-02T00:46:00,M02,12.444,1.953,26.469,20.513,44.255
2026-09-02T00:47:00,M02,12.534,1.944,26.266,20.934,46.360
2026-09-02T00:48:00,M02,12.364,1.925,26.247,20.828,45.188
2026-09-02T00:49:00,M02,12.580,1.939,26.265,20.537,43.532
2026-09-02T00:50:00,M02,12.319,1.977,26.506,20.485,44.522
2026-09-02T00:51:00,M02,12.395,1.986,26.492,20.573,44.884
2026-09-02T00:52:00,M02,12.546,1.973,26.694,20.671,44.745
2026-09-02T00:53:00,M02,12.492,1.987,26.249,20.669,43.928
2026-09-02T00:54:00,M02,12.343,1.904,26.116,20.783,46.673
2026-09-02T00:55:00,M02,12.603,2.011,26.677,20.584,46.385
2026-09-02T00:56:00,M02,12.400,1.970,26.388,20.741,43.300
2026-09-02T00:57:00,M02,12.280,1.995,26.667,21.056,44.277
2026-09-02T00:58:00,M02,12.568,1.979,26.706,20.370,46.711
2026-09-02T00:59:00,M02,12.526,1.959,26.452,20.216,45.096
2026-09-02T01:00:00,M02,12.492,2.027,26.607,20.577,45.359
2026-09-02T01:01:00,M02,12.490,2.004,26.764,20.483,44.895
2026-09-02T01:02:00,M02,12.481,1.940,26.802,20.934,44.426
2026-09-02T01:03:00,M02,12.490,1.981,26.435,20.860,47.769
2026-09-02T01:04:00,M02,12.457,1.904,26.524,20.748,45.003
2026-09-02T01:05:00,M02,12.609,1.997,26.702,20.743,42.813
2026-09-02T01:06:00,M02,12.557,1.996,26.457,20.578,44.182
2026-09-02T01:07:00,M02,12.521,1.919,26.540,20.931,43.654
2026-09-02T01:08:00,M02,12.596,1.979,27.037,20.828,47.131
2026-09-02T01:09:00,M02,12.571,2.003,26.901,20.901,45.002
2026-09-02T01:10:00,M02,12.513,1.969,26.710,20.946,44.314
2026-09-02T01:11:00,M02,12.489,1.959,26.413,20.743,44.521
2026-09-02T01:12:00,M02,12.560,1.969,26.712,20.912,43.910
2026-09-02T01:13:00,M02,12.591,1.942,26.678,20.436,45.336
2026-09-02T01:14:00,M02,12.530,1.941,26.665,20.890,43.859
2026-09-02T01:15:00,M02,12.520,2.005,26.736,20.871,44.220
2026-09-02T01:16:00,M02,12.503,1.971,26.569,20.773,44.119
2026-09-02T01:17:00,M02,12.503,2.028,26.836,20.687,43.602
2026-09-02T01:18:00,M02,12.542,2.059,26.740,20.756,45.527
2026-09-02T01:19:00,M02,12.577,1.907,26.617,20.781,45.225
2026-09-02T01:20:00,M02,12.449,2.025,26.971,20.835,43.603
2026-09-02T01:21:00,M02,12.431,1.973,26.828,20.698,44.531
2026-09-02T01:22:00,M02,12.509,1.972,26.678,20.946,44.495
2026-09-02T01:23:00,M02,12.549,1.994,26.679,20.800,46.347
2026-09-02T01:24:00,M02,12.478,2.055,26.948,20.625,47.227
2026-09-02T01:25:00,M02,12.539,2.020,27.109,20.728,46.483
2026-09-02T01:26:00,M02,12.566,2.018,26.789,20.644,44.616
2026-09-02T01:27:00,M02,12.650,2.043,26.824,20.842,45.214
2026-09-02T01:28:00,M02,12.395,1.983,26.712,20.673,44.968
2026-09-02T01:29:00,M02,12.648,1.991,26.720,20.451,45.814
2026-09-02T01:30:00,M02,12.754,2.044,26.943,20.335,44.056
2026-09-02T01:31:00,M02,12.581,2.045,26.823,20.912,46.319
2026-09-02T01:32:00,M02,12.546,2.025,27.044,20.760,45.418
2026-09-02T01:33:00,M02,12.608,1.998,26.909,20.834,44.936
2026-09-02T01:34:00,M02,12.515,1.945,27.094,21.037,46.157
2026-09-02T01:35:00,M02,12.503,2.034,26.869,20.852,44.555
2026-09-02T01:36:00,M02,12.610,1.984,26.678,20.542,44.034
2026-09-02T01:37:00,M02,12.410,1.937,26.817,20.472,44.457
2026-09-02T01:38:00,M02,12.647,2.047,26.911,20.716,46.615
2026-09-02T01:39:00,M02,12.343,2.002,26.922,20.825,43.361
2026-09-02T01:40:00,M02,12.810,1.953,26.678,20.964,44.275
2026-09-02T01:41:00,M02,12.668,2.025,27.029,20.570,46.800
2026-09-02T01:42:00,M02,12.724,1.992,26.750,20.703,41.989
2026-09-02T01:43:00,M02,12.658,1.956,26.826,20.800,45.504
2026-09-02T01:44:00,M02,12.617,2.008,26.704,20.633,46.445
2026-09-02T01:45:00,M02,12.653,1.988,26.778,20.674,44.594
2026-09-02T01:46:00,M02,12.718,2.019,27.056,20.467,45.330
2026-09-02T01:47:00,M02,12.529,1.982,26.942,20.894,44.468
2026-09-02T01:48:00,M02,12.749,1.936,27.046,20.967,44.189
2026-09-02T01:49:00,M02,12.483,1.932,26.714,20.943,45.703
2026-09-02T01:50:00,M02,12.518,2.052,27.005,20.891,47.173
2026-09-02T01:51:00,M02,12.615,2.022,27.051,20.901,45.996
2026-09-02T01:52:00,M02,12.682,1.970,27.062,20.891,46.740
2026-09-02T01:53:00,M02,12.543,2.038,26.834,20.682,44.488
2026-09-02T01:54:00,M02,12.424,2.055,27.141,20.967,44.926
2026-09-02T01:55:00,M02,12.572,1.866,26.894,20.473,45.897
2026-09-02T01:56:00,M02,12.667,1.975,26.799,21.166,43.237
2026-09-02T01:57:00,M02,12.476,1.992,26.853,20.847,46.084
2026-09-02T01:58:00,M02,12.476,2.046,26.861,20.731,45.544
2026-09-02T01:59:00,M02,12.694,2.023,26.963,20.699,43.413
2026-09-02T02:00:00,M02,12.778,2.051,27.003,20.537,46.479
2026-09-02T02:01:00,M02,12.661,2.023,26.942,20.833,45.268
2026-09-02T02:02:00,M02,12.430,1.919,26.869,20.590,45.111
2026-09-02T02:03:00,M02,12.640,1.952,26.923,20.526,46.308
2026-09-02T02:04:00,M02,12.651,2.037,26.937,20.615,45.853
2026-09-02T02:05:00,M02,12.535,2.016,26.839,21.204,45.345
2026-09-02T02:06:00,M02,12.640,2.038,26.636,20.583,46.432
2026-09-02T02:07:00,M02,12.707,2.091,26.909,20.752,46.748
2026-09-02T02:08:00,M02,12.566,1.975,26.603,20.927,43.520
2026-09-02T02:09:00,M02,12.627,1.992,26.776,21.094,42.898
2026-09-02T02:10:00,M02,12.564,2.016,26.908,20.672,44.113
2026-09-02T02:11:00,M02,12.419,1.968,27.102,21.235,43.457
2026-09-02T02:12:00,M02,12.599,2.015,26.844,20.645,43.579
2026-09-02T02:13:00,M02,12.708,2.013,26.937,20.919,45.262
2026-09-02T02:14:00,M02,12.519,2.050,26.925,20.890,45.463
2026-09-02T02:15:00,M02,12.511,1.977,26.854,20.640,44.375
2026-09-02T02:16:00,M02,12.656,1.976,27.084,20.692,45.129
2026-09-02T02:17:00,M02,12.510,1.983,26.922,20.953,44.674
2026-09-02T02:18:00,M02,12.728,2.084,27.041,20.876,42.230
2026-09-02T02:19:00,M02,12.581,1.967,26.833,20.904,43.977
2026-09-02T02:20:00,M02,12.513,1.979,26.992,20.575,44.270
2026-09-02T02:21:00,M02,12.534,1.947,26.927,20.743,44.454
2026-09-02T02:22:00,M02,12.598,1.934,26.949,20.547,46.468
2026-09-02T02:23:00,M02,12.627,1.997,26.895,20.922,43.154
2026-09-02T02:24:00,M02,12.446,1.989,26.788,20.737,46.185
2026-09-02T02:25:00,M02,12.476,2.002,27.017,21.122,45.624
2026-09-02T02:26:00,M02,12.640,2.005,27.087,20.822,45.725
2026-09-02T02:27:00,M02,12.642,1.985,27.077,20.901,46.918
2026-09-02T02:28:00,M02,12.654,1.997,27.237,20.717,43.105
2026-09-02T02:29:00,M02,12.696,2.004,27.102,20.719,45.117
2026-09-02T02:30:00,M02,12.592,2.027,27.047,20.527,45.399
2026-09-02T02:31:00,M02,12.451,2.043,26.838,21.013,46.835
2026-09-02T02:32:00,M02,12.574,1.996,26.700,20.775,45.815
2026-09-02T02:33:00,M02,12.670,2.059,26.984,20.822,46.913
2026-09-02T02:34:00,M02,12.669,2.023,27.229,20.576,43.656
2026-09-02T02:35:00,M02,12.498,2.036,27.019,20.494,46.141
2026-09-02T02:36:00,M02,12.467,1.960,26.680,20.939,45.870
2026-09-02T02:37:00,M02,12.561,2.063,26.905,20.387,43.947
2026-09-02T02:38:00,M02,12.789,2.002,26.972,20.802,45.485
2026-09-02T02:39:00,M02,12.516,1.912,26.843,20.680,46.493
2026-09-02T02:40:00,M02,12.457,2.029,26.972,21.162,45.637
2026-09-02T02:41:00,M02,12.510,1.990,27.031,20.836,44.098
2026-09-02T02:42:00,M02,12.564,1.887,27.061,21.055,44.977
2026-09-02T02:43:00,M02,12.558,2.004,26.963,20.872,43.898
2026-09-02T02:44:00,M02,12.504,2.120,26.891,20.913,44.744
2026-09-02T02:45:00,M02,12.561,2.057,26.990,20.706,44.092
2026-09-02T02:46:00,M02,12.558,1.939,26.941,20.738,45.893
2026-09-02T02:47:00,M02,12.580,2.059,26.892,21.038,46.000
2026-09-02T02:48:00,M02,12.557,2.026,26.974,20.802,44.712
2026-09-02T02:49:00,M02,12.745,1.928,27.324,20.823,44.074
2026-09-02T02:50:00,M02,12.594,1.933,26.904,20.721,47.914
2026-09-02T02:51:00,M02,12.569,1.978,27.058,20.897,45.977
2026-09-02T02:52:00,M02,12.410,1.999,26.957,20.684,45.997
2026-09-02T02:53:00,M02,12.615,1.983,26.748,21.019,43.106
2026-09-02T02:54:00,M02,12.524,1.973,26.936,21.007,43.768
2026-09-02T02:55:00,M02,12.591,1.950,27.270,21.008,46.113
2026-09-02T02:56:00,M02,12.659,1.999,27.118,20.820,45.311
2026-09-02T02:57:00,M02,12.546,1.964,26.828,20.803,45.580
2026-09-02T02:58:00,M02,12.665,1.989,26.835,21.086,46.168
2026-09-02T02:59:00,M02,12.578,1.991,26.917,20.666,46.939
2026-09-02T03:00:00,M02,12.464,1.909,27.077,20.832,45.442
2026-09-02T03:01:00,M02,12.475,2.047,27.260,20.644,46.274
2026-09-02T03:02:00,M02,12.579,2.016,26.838,20.616,44.269
2026-09-02T03:03:00,M02,12.682,2.010,27.015,20.747,44.551
2026-09-02T03:04:00,M02,12.611,2.045,27.049,20.818,45.447
2026-09-02T03:05:00,M02,12.485,1.993,26.997,20.498,45.102
2026-09-02T03:06:00,M02,12.598,2.087,26.992,20.280,42.859
2026-09-02T03:07:00,M02,12.647,2.053,27.006,20.831,45.367
2026-09-02T03:08:00,M02,12.620,1.989,27.094,20.934,43.076
2026-09-02T03:09:00,M02,12.550,2.042,27.145,20.760,41.993
2026-09-02T03:10:00,M02,12.673,1.936,26.822,21.110,45.248
2026-09-02T03:11:00,M02,12.491,2.044,26.960,20.836,44.728
2026-09-02T03:12:00,M02,12.695,2.025,26.817,20.712,45.695
2026-09-02T03:13:00,M02,12.478,1.949,27.033,20.730,46.250
2026-09-02T03:14:00,M02,12.641,2.055,27.203,21.122,45.352
2026-09-02T03:15:00,M02,12.537,1.989,26.802,20.768,44.491
2026-09-02T03:16:00,M02,12.762,2.054,26.990,20.900,45.041
2026-09-02T03:17:00,M02,12.577,1.945,27.032,21.052,44.420
2026-09-02T03:18:00,M02,12.505,1.960,26.863,20.886,45.680
2026-09-02T03:19:00,M02,12.539,1.960,27.109,20.808,43.663
2026-09-02T03:20:00,M02,12.514,2.004,27.021,20.862,43.337
2026-09-02T03:21:00,M02,12.482,2.041,26.951,21.119,45.340
2026-09-02T03:22:00,M02,12.599,1.934,26.927,21.147,43.483
2026-09-02T03:23:00,M02,12.597,2.016,27.249,20.746,43.717
2026-09-02T03:24:00,M02,12.544,1.947,27.112,20.944,44.396
2026-09-02T03:25:00,M02,12.704,2.033,27.035,20.721,45.508
2026-09-02T03:26:00,M02,12.441,2.011,26.662,21.223,45.056
2026-09-02T03:27:00,M02,12.501,1.919,26.966,20.705,45.907
2026-09-02T03:28:00,M02,12.590,2.068,26.940,20.466,44.797
2026-09-02T03:29:00,M02,12.443,1.994,26.866,20.574,45.000
2026-09-02T03:30:00,M02,12.583,2.055,27.134,20.396,45.499
2026-09-02T03:31:00,M02,12.670,2.025,26.866,20.952,42.176
2026-09-02T03:32:00,M02,12.512,2.063,26.985,20.838,45.266
2026-09-02T03:33:00,M02,12.606,2.050,26.886,20.564,45.354
2026-09-02T03:34:00,M02,12.594,2.079,27.138,20.870,45.674
2026-09-02T03:35:00,M02,12.754,2.043,27.081,21.084,43.582
2026-09-02T03:36:00,M02,12.603,1.980,27.044,20.829,44.683
2026-09-02T03:37:00,M02,12.699,1.985,26.967,21.046,44.626
2026-09-02T03:38:00,M02,12.570,2.041,26.988,20.782,44.217
2026-09-02T03:39:00,M02,12.431,1.975,26.839,20.965,45.651
2026-09-02T03:40:00,M02,12.685,1.938,26.987,20.733,45.003
2026-09-02T03:41:00,M02,12.502,2.015,27.364,20.586,43.551
2026-09-02T03:42:00,M02,12.790,2.022,27.112,21.173,43.781
2026-09-02T03:43:00,M02,12.715,2.032,26.974,20.558,43.124
2026-09-02T03:44:00,M02,12.728,1.956,26.928,21.077,44.560
2026-09-02T03:45:00,M02,12.368,2.001,27.015,20.988,45.271
2026-09-02T03:46:00,M02,12.714,1.955,26.925,20.894,45.220
2026-09-02T03:47:00,M02,12.697,1.944,27.025,20.845,43.021
2026-09-02T03:48:00,M02,12.760,1.895,27.125,20.742,44.966
2026-09-02T03:49:00,M02,12.665,2.048,27.124,20.598,46.414
2026-09-02T03:50:00,M02,12.511,1.962,26.957,20.596,43.498
2026-09-02T03:51:00,M02,12.715,1.986,26.869,20.499,45.619
2026-09-02T03:52:00,M02,12.818,1.984,26.615,20.684,45.604
2026-09-02T03:53:00,M02,12.434,1.972,27.198,20.704,45.765
2026-09-02T03:54:00,M02,12.592,2.006,26.974,21.106,46.591
2026-09-02T03:55:00,M02,12.676,1.958,26.948,20.812,44.209
2026-09-02T03:56:00,M02,12.602,1.953,26.861,20.553,45.192
2026-09-02T03:57:00,M02,12.598,2.002,27.013,20.744,43.958
2026-09-02T03:58:00,M02,12.569,1.997,27.287,20.760,46.932
2026-09-02T03:59:00,M02,12.596,1.932,27.018,20.929,45.885
2026-09-02T04:00:00,M02,12.550,2.007,27.043,20.726,44.327
2026-09-02T04:01:00,M02,12.351,2.029,26.858,20.281,45.052
2026-09-02T04:02:00,M02,12.545,1.965,26.920,20.592,45.299
2026-09-02T04:03:00,M02,12.525,1.935,26.656,21.003,43.606
2026-09-02T04:04:00,M02,12.616,1.988,27.066,20.897,46.048
2026-09-02T04:05:00,M02,12.588,2.005,27.057,20.964,45.327
2026-09-02T04:06:00,M02,12.504,2.015,27.168,20.860,45.506
2026-09-02T04:07:00,M02,12.570,2.041,26.686,20.785,43.375
2026-09-02T04:08:00,M02,12.541,2.002,26.951,20.711,45.979
2026-09-02T04:09:00,M02,12.616,2.004,27.201,20.825,43.856
2026-09-02T04:10:00,M02,12.636,2.058,26.995,20.817,45.146
2026-09-02T04:11:00,M02,12.620,2.071,26.941,20.682,44.552
2026-09-02T04:12:00,M02,12.663,2.047,26.895,20.769,44.857
2026-09-02T04:13:00,M02,12.549,2.005,26.924,20.791,45.355
2026-09-02T04:14:00,M02,12.627,1.993,26.797,20.631,45.500
2026-09-02T04:15:00,M02,12.655,2.007,26.972,20.731,43.687
2026-09-02T04:16:00,M02,12.627,1.945,26.916,20.532,43.635
2026-09-02T04:17:00,M02,12.643,2.079,27.148,21.080,45.718
2026-09-02T04:18:00,M02,12.754,1.991,26.969,20.915,44.341
2026-09-02T04:19:00,M02,12.531,1.997,26.940,20.956,46.104
2026-09-02T04:20:00,M02,12.587,1.916,27.004,20.647,45.393
2026-09-02T04:21:00,M02,12.612,2.066,26.996,20.789,42.866
2026-09-02T04:22:00,M02,12.700,2.041,26.938,20.574,46.980
2026-09-02T04:23:00,M02,12.715,1.969,26.998,20.915,43.837
2026-09-02T04:24:00,M02,12.623,1.999,26.829,20.724,45.050
2026-09-02T04:25:00,M02,12.759,1.969,26.791,20.661,46.624
2026-09-02T04:26:00,M02,12.639,2.033,27.173,21.012,46.194
2026-09-02T04:27:00,M02,12.572,1.995,26.828,20.852,45.408
2026-09-02T04:28:00,M02,12.590,1.989,27.097,20.632,46.359
2026-09-02T04:29:00,M02,12.550,1.955,27.155,20.636,45.196
2026-09-02T04:30:00,M02,12.624,1.991,27.197,20.850,43.337
2026-09-02T04:31:00,M02,12.498,1.987,26.913,20.805,44.559
2026-09-02T04:32:00,M02,12.579,2.052,26.765,20.989,45.898
2026-09-02T04:33:00,M02,12.750,2.029,26.909,20.862,44.023
2026-09-02T04:34:00,M02,12.721,1.941,26.638,20.653,44.294
2026-09-02T04:35:00,M02,12.470,1.955,26.758,20.747,45.235
2026-09-02T04:36:00,M02,12.571,1.959,27.059,20.907,45.874
2026-09-02T04:37:00,M02,12.673,1.944,26.878,21.037,45.881
2026-09-02T04:38:00,M02,12.604,2.072,26.896,20.821,46.709
2026-09-02T04:39:00,M02,12.579,1.996,27.135,20.991,45.665
2026-09-02T04:40:00,M02,12.547,1.999,27.228,20.372,45.167
2026-09-02T04:41:00,M02,12.594,1.958,26.800,20.936,45.495
2026-09-02T04:42:00,M02,12.610,2.009,27.010,20.495,43.262
2026-09-02T04:43:00,M02,12.517,1.996,26.985,20.681,46.774
2026-09-02T04:44:00,M02,12.752,2.004,27.146,20.740,44.750
2026-09-02T04:45:00,M02,12.780,2.092,27.244,20.442,45.623
2026-09-02T04:46:00,M02,12.715,1.949,26.718,20.806,45.311
2026-09-02T04:47:00,M02,12.575,1.954,27.030,20.937,43.922
2026-09-02T04:48:00,M02,12.619,1.976,26.884,21.024,45.053
2026-09-02T04:49:00,M02,12.453,2.062,27.033,20.887,43.168
2026-09-02T04:50:00,M02,12.552,2.027,27.095,20.309,45.103
2026-09-02T04:51:00,M02,12.625,2.034,27.165,20.626,44.211
2026-09-02T04:52:00,M02,12.619,2.072,26.900,20.839,46.780
2026-09-02T04:53:00,M02,12.527,1.957,26.934,20.720,46.753
2026-09-02T04:54:00,M02,12.716,2.009,27.301,20.656,43.105
2026-09-02T04:55:00,M02,12.721,1.998,26.876,21.181,43.951
2026-09-02T04:56:00,M02,12.415,1.966,27.005,20.691,42.668
2026-09-02T04:57:00,M02,12.539,2.018,27.246,20.630,44.840
2026-09-02T04:58:00,M02,12.451,1.987,26.818,21.180,45.274
2026-09-02T04:59:00,M02,12.654,1.985,27.032,20.368,45.589
2026-09-02T05:00:00,M02,12.646,2.037,26.953,21.007,44.535
2026-09-02T05:01:00,M02,12.556,2.072,27.089,20.753,44.814
2026-09-02T05:02:00,M02,12.556,1.950,26.913,20.869,45.210
2026-09-02T05:03:00,M02,12.635,2.066,26.749,20.662,46.708
2026-09-02T05:04:00,M02,12.567,2.038,27.155,20.609,44.374
2026-09-02T05:05:00,M02,12.663,1.990,26.770,20.574,43.955
2026-09-02T05:06:00,M02,12.502,2.044,27.245,20.940,43.880
2026-09-02T05:07:00,M02,12.646,1.969,27.264,20.706,45.195
2026-09-02T05:08:00,M02,12.632,2.054,26.851,20.552,44.825
2026-09-02T05:09:00,M02,12.644,1.983,26.902,21.179,44.569
2026-09-02T05:10:00,M02,12.561,1.965,26.940,21.115,46.971
2026-09-02T05:11:00,M02,12.698,1.996,26.730,20.883,44.787
2026-09-02T05:12:00,M02,12.572,2.013,27.016,20.701,46.632
2026-09-02T05:13:00,M02,12.555,2.030,26.939,20.756,42.543
2026-09-02T05:14:00,M02,12.584,2.035,26.887,20.923,45.836
2026-09-02T05:15:00,M02,12.368,2.023,27.207,20.929,43.146
2026-09-02T05:16:00,M02,12.615,1.918,27.071,21.109,43.937
2026-09-02T05:17:00,M02,12.713,2.024,27.108,20.726,44.525
2026-09-02T05:18:00,M02,12.443,2.002,27.105,20.697,46.438
2026-09-02T05:19:00,M02,12.655,2.009,26.992,20.881,45.493
2026-09-02T05:20:00,M02,12.662,1.976,26.912,20.564,45.318
2026-09-02T05:21:00,M02,12.663,2.056,26.833,20.634,42.659
2026-09-02T05:22:00,M02,12.514,2.045,27.305,20.922,42.976
2026-09-02T05:23:00,M02,12.659,2.000,27.075,20.892,44.409
2026-09-02T05:24:00,M02,12.655,1.987,27.005,20.688,44.313
2026-09-02T05:25:00,M02,12.603,2.014,27.150,20.999,44.384
2026-09-02T05:26:00,M02,12.532,1.984,26.887,20.671,44.928
2026-09-02T05:27:00,M02,12.606,1.923,26.940,21.070,45.269
2026-09-02T05:28:00,M02,12.767,1.982,27.035,20.835,43.214
2026-09-02T05:29:00,M02,12.552,2.022,27.019,20.533,46.139
2026-09-02T05:30:00,M02,12.472,2.108,27.214,20.876,45.035
2026-09-02T05:31:00,M02,12.503,1.995,27.147,20.664,46.089
2026-09-02T05:32:00,M02,12.403,1.999,26.838,21.016,45.628
2026-09-02T05:33:00,M02,12.508,2.041,26.914,20.642,45.548
2026-09-02T05:34:00,M02,12.676,1.878,26.885,21.013,45.616
2026-09-02T05:35:00,M02,12.673,2.058,27.321,20.789,46.009
2026-09-02T05:36:00,M02,12.567,2.003,26.950,20.672,44.910
2026-09-02T05:37:00,M02,12.628,1.894,26.973,20.655,44.368
2026-09-02T05:38:00,M02,12.584,2.016,27.140,20.887,46.088
2026-09-02T05:39:00,M02,12.535,1.936,27.088,20.865,44.934
2026-09-02T05:40:00,M02,12.697,2.007,27.113,20.656,45.572
2026-09-02T05:41:00,M02,12.717,2.014,27.269,20.460,44.251
2026-09-02T05:42:00,M02,12.684,2.006,26.989,20.572,44.831
2026-09-02T05:43:00,M02,12.807,1.929,26.925,21.047,45.275
2026-09-02T05:44:00,M02,12.580,2.043,27.029,20.763,45.701
2026-09-02T05:45:00,M02,12.469,2.002,27.106,20.621,46.397
2026-09-02T05:46:00,M02,12.628,2.036,27.069,20.894,46.534
2026-09-02T05:47:00,M02,12.665,1.967,27.154,20.769,43.179
2026-09-02T05:48:00,M02,12.653,1.987,26.810,20.774,43.910
2026-09-02T05:49:00,M02,12.724,1.965,26.968,20.818,45.927
2026-09-02T05:50:00,M02,12.394,2.033,26.963,21.006,44.184
2026-09-02T05:51:00,M02,12.605,2.031,27.096,20.924,46.672
2026-09-02T05:52:00,M02,12.595,1.987,27.222,20.994,45.430
2026-09-02T05:53:00,M02,12.556,2.035,26.940,20.838,46.200
2026-09-02T05:54:00,M02,12.665,2.054,26.771,20.834,43.108
2026-09-02T05:55:00,M02,12.556,1.924,27.001,20.654,46.715
2026-09-02T05:56:00,M02,12.628,1.931,27.049,20.998,46.456
2026-09-02T05:57:00,M02,12.542,2.046,27.063,20.879,45.221
2026-09-02T05:58:00,M02,12.500,1.989,27.237,20.823,43.995
2026-09-02T05:59:00,M02,12.524,1.958,26.616,20.621,44.332
2026-09-02T06:00:00,M02,12.681,2.001,27.136,20.635,45.136
2026-09-02T06:01:00,M02,12.674,2.068,26.865,20.954,42.627
2026-09-02T06:02:00,M02,12.463,1.977,27.040,20.951,45.045
2026-09-02T06:03:00,M02,12.731,1.993,27.015,20.998,45.221
2026-09-02T06:04:00,M02,12.646,1.992,27.138,20.875,46.505
2026-09-02T06:05:00,M02,12.571,2.060,27.101,20.984,45.815
2026-09-02T06:06:00,M02,12.610,2.031,27.053,20.857,45.161
2026-09-02T06:07:00,M02,12.629,1.983,26.974,20.939,44.675
2026-09-02T06:08:00,M02,12.659,2.007,26.992,20.699,42.717
2026-09-02T06:09:00,M02,12.596,1.937,27.004,20.816,44.189
2026-09-02T06:10:00,M02,12.669,2.036,26.936,20.793,45.248
2026-09-02T06:11:00,M02,12.706,2.053,27.114,20.837,45.958
2026-09-02T06:12:00,M02,12.564,1.997,27.178,20.713,47.223
2026-09-02T06:13:00,M02,12.573,2.013,26.732,20.958,46.173
2026-09-02T06:14:00,M02,12.345,1.948,26.943,20.929,44.090
2026-09-02T06:15:00,M02,12.661,2.035,27.114,20.797,44.922
2026-09-02T06:16:00,M02,12.674,1.966,27.117,20.722,45.140
2026-09-02T06:17:00,M02,12.645,2.058,27.086,21.064,43.560
2026-09-02T06:18:00,M02,12.657,2.015,27.005,20.723,43.745
2026-09-02T06:19:00,M02,12.417,1.968,27.070,20.820,45.506
2026-09-02T06:20:00,M02,12.605,1.925,26.842,20.911,44.809
2026-09-02T06:21:00,M02,12.545,1.958,26.962,20.929,45.348
2026-09-02T06:22:00,M02,12.634,2.010,27.002,20.655,44.367
2026-09-02T06:23:00,M02,12.557,2.017,27.030,20.789,45.508
2026-09-02T06:24:00,M02,12.660,1.982,26.726,20.532,45.716
2026-09-02T06:25:00,M02,12.633,1.982,27.087,20.644,44.645
2026-09-02T06:26:00,M02,12.599,2.005,26.884,20.598,45.062
2026-09-02T06:27:00,M02,12.550,1.930,26.798,21.075,46.329
2026-09-02T06:28:00,M02,12.696,1.983,26.974,20.822,44.671
2026-09-02T06:29:00,M02,12.706,1.978,26.984,20.873,45.720
2026-09-02T06:30:00,M02,12.488,2.006,27.174,20.710,45.815
2026-09-02T06:31:00,M02,12.543,2.031,26.887,20.888,45.509
2026-09-02T06:32:00,M02,12.585,2.026,27.100,20.704,45.247
2026-09-02T06:33:00,M02,12.713,1.973,26.989,20.922,44.878
2026-09-02T06:34:00,M02,12.696,1.977,26.928,20.737,44.676
2026-09-02T06:35:00,M02,12.583,2.065,27.179,20.883,44.914
2026-09-02T06:36:00,M02,12.402,2.003,27.144,20.585,43.074
2026-09-02T06:37:00,M02,12.587,1.985,26.968,20.636,46.234
2026-09-02T06:38:00,M02,12.578,1.980,27.162,20.657,44.403
2026-09-02T06:39:00,M02,12.559,2.081,27.178,20.836,44.884
2026-09-02T06:40:00,M02,12.648,1.931,26.840,20.522,45.284
2026-09-02T06:41:00,M02,12.670,2.005,27.000,20.588,45.841
2026-09-02T06:42:00,M02,12.458,2.046,27.054,20.811,45.434
2026-09-02T06:43:00,M02,12.607,1.965,27.003,20.986,44.219
2026-09-02T06:44:00,M02,12.626,2.030,27.068,20.888,44.406
2026-09-02T06:45:00,M02,12.670,1.964,26.882,20.595,44.376
2026-09-02T06:46:00,M02,12.621,1.993,26.912,20.562,45.065
2026-09-02T06:47:00,M02,12.670,1.992,27.213,20.933,42.101
2026-09-02T06:48:00,M02,12.766,1.925,26.992,20.561,44.428
2026-09-02T06:49:00,M02,12.576,2.046,27.005,20.722,45.175
2026-09-02T06:50:00,M02,12.660,2.014,26.935,20.631,44.777
2026-09-02T06:51:00,M02,12.609,1.955,27.246,20.876,43.277
2026-09-02T06:52:00,M02,12.772,2.088,27.090,20.772,45.817
2026-09-02T06:53:00,M02,12.544,1.999,26.913,20.822,44.168
2026-09-02T06:54:00,M02,12.722,2.025,26.999,20.961,45.230
2026-09-02T06:55:00,M02,12.468,2.082,26.968,20.660,45.086
2026-09-02T06:56:00,M02,12.680,2.025,27.086,21.057,45.295
2026-09-02T06:57:00,M02,12.494,1.951,27.172,20.653,45.470
2026-09-02T06:58:00,M02,12.648,1.988,27.201,20.925,44.088
2026-09-02T06:59:00,M02,12.733,2.082,26.974,20.650,46.077
2026-09-02T07:00:00,M02,12.559,1.972,27.016,20.943,43.929
2026-09-02T07:01:00,M02,12.653,1.921,27.021,20.578,43.449
2026-09-02T07:02:00,M02,12.642,1.984,26.856,21.242,44.753
2026-09-02T07:03:00,M02,12.639,1.964,27.232,21.020,45.437
2026-09-02T07:04:00,M02,12.536,1.927,26.937,21.068,46.387
2026-09-02T07:05:00,M02,12.708,1.994,27.300,21.059,44.482
2026-09-02T07:06:00,M02,12.618,1.966,26.982,20.567,43.097
2026-09-02T07:07:00,M02,12.558,2.085,26.799,21.174,45.112
2026-09-02T07:08:00,M02,12.606,1.915,26.691,20.724,46.739
2026-09-02T07:09:00,M02,12.588,2.017,27.014,20.808,44.691
2026-09-02T07:10:00,M02,12.645,2.052,26.912,20.647,43.634
2026-09-02T07:11:00,M02,12.775,1.966,26.946,20.833,42.532
2026-09-02T07:12:00,M02,12.567,2.008,26.989,20.748,44.616
2026-09-02T07:13:00,M02,12.679,1.968,26.670,20.852,45.153
2026-09-02T07:14:00,M02,12.617,2.041,26.970,20.736,42.965
2026-09-02T07:15:00,M02,12.584,2.028,26.916,20.938,46.462
2026-09-02T07:16:00,M02,12.678,2.043,26.845,20.562,45.642
2026-09-02T07:17:00,M02,12.561,2.004,27.275,20.534,45.189
2026-09-02T07:18:00,M02,12.418,1.928,26.973,20.680,44.622
2026-09-02T07:19:00,M02,12.503,1.994,26.848,21.019,44.904
2026-09-02T07:20:00,M02,12.481,1.985,26.867,20.748,45.733
2026-09-02T07:21:00,M02,12.752,2.019,27.097,20.692,45.112
2026-09-02T07:22:00,M02,12.657,2.033,27.159,20.684,45.134
2026-09-02T07:23:00,M02,12.617,1.963,26.935,20.684,46.029
2026-09-02T07:24:00,M02,12.467,2.114,27.227,21.007,45.690
2026-09-02T07:25:00,M02,12.499,1.952,27.116,20.741,45.558
2026-09-02T07:26:00,M02,12.583,1.980,26.703,20.877,44.020
2026-09-02T07:27:00,M02,12.680,1.984,27.012,20.990,44.867
2026-09-02T07:28:00,M02,12.764,1.989,27.079,20.939,43.889
2026-09-02T07:29:00,M02,12.654,2.048,27.148,20.844,43.413
2026-09-02T07:30:00,M02,12.714,2.075,26.925,20.526,45.377
2026-09-02T07:31:00,M02,12.624,1.986,27.072,21.044,44.938
2026-09-02T07:32:00,M02,12.626,1.944,26.995,20.906,45.431
2026-09-02T07:33:00,M02,12.561,2.023,27.176,20.933,41.860
2026-09-02T07:34:00,M02,12.655,1.931,26.818,21.072,44.339
2026-09-02T07:35:00,M02,12.478,1.978,26.898,21.207,45.320
2026-09-02T07:36:00,M02,12.648,1.991,27.129,21.061,45.359
2026-09-02T07:37:00,M02,12.653,1.976,27.193,20.727,42.761
2026-09-02T07:38:00,M02,12.619,2.041,27.070,20.719,44.084
2026-09-02T07:39:00,M02,12.525,1.989,27.190,20.743,44.033
2026-09-02T07:40:00,M02,12.520,2.019,27.028,20.716,43.493
2026-09-02T07:41:00,M02,12.431,2.026,27.023,20.667,43.458
2026-09-02T07:42:00,M02,12.700,2.071,26.859,20.681,46.386
2026-09-02T07:43:00,M02,12.505,1.946,27.266,20.769,45.858
2026-09-02T07:44:00,M02,12.656,2.035,26.685,20.640,45.243
2026-09-02T07:45:00,M02,12.621,2.044,26.997,21.065,44.972
2026-09-02T07:46:00,M02,12.578,2.005,27.143,20.412,45.003
2026-09-02T07:47:00,M02,12.613,1.984,26.983,20.574,44.614
2026-09-02T07:48:00,M02,12.577,2.013,26.981,20.956,45.339
2026-09-02T07:49:00,M02,12.779,2.014,27.223,21.279,45.533
2026-09-02T07:50:00,M02,12.633,1.983,27.226,21.024,45.174
2026-09-02T07:51:00,M02,12.693,2.046,26.982,20.886,44.697
2026-09-02T07:52:00,M02,12.605,1.963,27.001,20.927,45.479
2026-09-02T07:53:00,M02,12.519,2.026,26.747,21.056,44.287
2026-09-02T07:54:00,M02,12.654,1.975,27.029,21.081,44.538
2026-09-02T07:55:00,M02,12.596,2.029,26.840,20.836,45.036
2026-09-02T07:56:00,M02,12.528,1.922,26.965,21.055,45.645
2026-09-02T07:57:00,M02,12.578,1.937,26.723,20.866,43.912
2026-09-02T07:58:00,M02,12.685,2.032,26.978,20.644,44.173
2026-09-02T07:59:00,M02,12.605,1.882,26.726,20.545,43.591
2026-09-02T08:00:00,M02,12.014,1.837,24.145,20.140,46.612
2026-09-02T08:01:00,M02,11.977,1.816,24.273,19.902,45.018
2026-09-02T08:02:00,M02,12.044,1.884,24.078,20.125,45.589
2026-09-02T08:03:00,M02,11.964,1.791,24.266,20.120,43.168
2026-09-02T08:04:00,M02,12.055,1.854,24.428,19.797,44.047
2026-09-02T08:05:00,M02,12.163,1.862,24.203,20.326,43.974
2026-09-02T08:06:00,M02,12.146,1.813,24.693,20.286,45.420
2026-09-02T08:07:00,M02,12.252,1.822,24.556,20.059,43.894
2026-09-02T08:08:00,M02,12.011,1.819,24.659,20.294,44.823
2026-09-02T08:09:00,M02,12.211,1.878,24.903,19.936,45.815
2026-09-02T08:10:00,M02,12.106,1.819,24.685,20.422,42.297
2026-09-02T08:11:00,M02,12.219,1.852,25.161,20.186,45.460
2026-09-02T08:12:00,M02,12.273,1.861,24.770,20.052,46.397
2026-09-02T08:13:00,M02,12.333,1.836,24.954,20.194,44.042
2026-09-02T08:14:00,M02,12.273,1.901,25.219,20.346,44.193
2026-09-02T08:15:00,M02,12.202,1.837,25.365,20.088,44.911
2026-09-02T08:16:00,M02,12.270,1.811,25.440,20.514,45.334
2026-09-02T08:17:00,M02,12.137,1.864,25.048,20.346,45.080
2026-09-02T08:18:00,M02,12.253,1.889,25.541,20.474,45.730
2026-09-02T08:19:00,M02,12.379,1.964,25.264,20.379,46.087
2026-09-02T08:20:00,M02,12.333,1.870,25.367,20.256,45.299
2026-09-02T08:21:00,M02,12.212,1.949,25.382,20.364,46.430
2026-09-02T08:22:00,M02,12.388,1.819,25.433,20.528,45.347
2026-09-02T08:23:00,M02,12.190,1.966,25.544,20.377,44.591
2026-09-02T08:24:00,M02,12.317,1.911,25.576,20.515,45.777
2026-09-02T08:25:00,M02,12.300,1.942,25.643,20.310,45.950
2026-09-02T08:26:00,M02,12.440,1.931,25.749,19.996,44.423
2026-09-02T08:27:00,M02,12.422,1.899,25.835,20.588,45.763
2026-09-02T08:28:00,M02,12.333,1.886,25.945,20.300,44.010
2026-09-02T08:29:00,M02,12.303,1.896,25.668,20.688,47.403
2026-09-02T08:30:00,M02,12.419,1.926,25.678,20.843,43.913
2026-09-02T08:31:00,M02,12.433,1.830,25.901,20.844,45.074
2026-09-02T08:32:00,M02,12.427,1.952,26.141,20.493,44.494
2026-09-02T08:33:00,M02,12.426,1.951,25.882,20.656,45.669
2026-09-02T08:34:00,M02,12.456,1.930,26.322,20.894,46.547
2026-09-02T08:35:00,M02,12.544,1.915,26.129,20.526,44.558
2026-09-02T08:36:00,M02,12.185,1.989,26.011,20.807,44.621
2026-09-02T08:37:00,M02,12.433,1.930,26.238,20.456,46.201
2026-09-02T08:38:00,M02,12.431,1.879,26.398,20.481,44.924
2026-09-02T08:39:00,M02,12.433,1.984,26.016,20.774,45.739
2026-09-02T08:40:00,M02,12.438,1.920,26.157,20.528,46.636
2026-09-02T08:41:00,M02,12.329,1.917,26.224,20.531,45.536
2026-09-02T08:42:00,M02,12.414,1.978,26.262,20.799,43.679
2026-09-02T08:43:00,M02,12.381,1.956,26.410,20.679,46.436
2026-09-02T08:44:00,M02,12.477,1.917,26.572,20.729,44.121
2026-09-02T08:45:00,M02,12.595,1.907,26.433,20.614,43.039
2026-09-02T08:46:00,M02,12.470,2.045,26.409,20.618,46.648
2026-09-02T08:47:00,M02,12.421,1.945,26.399,20.900,46.464
2026-09-02T08:48:00,M02,12.533,2.019,26.438,20.999,46.557
2026-09-02T08:49:00,M02,12.374,1.971,26.525,20.763,45.110
2026-09-02T08:50:00,M02,12.537,1.957,26.389,20.953,44.276
2026-09-02T08:51:00,M02,12.525,1.917,26.363,20.670,45.025
2026-09-02T08:52:00,M02,12.626,1.977,26.439,21.059,44.252
2026-09-02T08:53:00,M02,12.294,2.020,26.508,20.557,43.217
2026-09-02T08:54:00,M02,12.444,1.939,26.453,20.825,45.610
2026-09-02T08:55:00,M02,12.348,1.919,26.554,20.823,45.820
2026-09-02T08:56:00,M02,12.463,1.939,26.383,20.763,44.201
2026-09-02T08:57:00,M02,12.594,1.957,26.645,20.809,44.024
2026-09-02T08:58:00,M02,12.473,1.880,26.559,20.665,45.338
2026-09-02T08:59:00,M02,12.483,2.004,26.948,20.629,44.311
2026-09-02T09:00:00,M02,12.768,1.972,26.486,20.891,46.219
2026-09-02T09:01:00,M02,12.571,1.988,26.493,20.956,46.087
2026-09-02T09:02:00,M02,12.397,1.948,26.565,20.760,44.085
2026-09-02T09:03:00,M02,12.476,2.014,26.772,20.595,41.423
2026-09-02T09:04:00,M02,12.496,2.035,26.606,20.573,45.094
2026-09-02T09:05:00,M02,12.565,2.015,26.527,21.019,45.286
2026-09-02T09:06:00,M02,12.612,1.900,26.686,20.963,46.530
2026-09-02T09:07:00,M02,12.618,1.988,26.409,20.757,44.977
2026-09-02T09:08:00,M02,12.629,1.992,26.756,20.810,44.202
2026-09-02T09:09:00,M02,12.326,2.048,26.653,20.982,44.799
2026-09-02T09:10:00,M02,12.613,1.962,26.736,20.517,45.365
2026-09-02T09:11:00,M02,12.470,2.065,26.700,20.641,43.170
2026-09-02T09:12:00,M02,12.508,2.003,26.704,20.706,43.752
2026-09-02T09:13:00,M02,12.516,1.983,26.599,21.020,44.235
2026-09-02T09:14:00,M02,12.766,1.956,26.884,20.751,43.530
2026-09-02T09:15:00,M02,12.505,2.004,26.630,20.707,44.448
2026-09-02T09:16:00,M02,12.714,1.919,26.746,20.861,43.288
2026-09-02T09:17:00,M02,12.460,1.964,26.877,21.040,44.456
2026-09-02T09:18:00,M02,12.423,2.016,26.806,20.502,47.252
2026-09-02T09:19:00,M02,12.592,2.052,26.642,20.621,46.183
2026-09-02T09:20:00,M02,12.524,2.023,26.873,20.712,45.363
2026-09-02T09:21:00,M02,12.445,1.954,26.584,20.780,44.544
2026-09-02T09:22:00,M02,12.552,2.015,26.870,20.870,44.379
2026-09-02T09:23:00,M02,12.511,2.009,26.651,20.887,44.224
2026-09-02T09:24:00,M02,12.492,2.023,26.974,20.675,44.799
2026-09-02T09:25:00,M02,12.642,2.007,26.741,20.471,42.428
2026-09-02T09:26:00,M02,12.541,2.016,26.896,20.835,42.638
2026-09-02T09:27:00,M02,12.676,2.114,26.758,20.488,44.144
2026-09-02T09:28:00,M02,12.491,1.939,27.000,20.728,45.072
2026-09-02T09:29:00,M02,12.513,1.972,26.840,20.921,46.066
2026-09-02T09:30:00,M02,12.559,1.985,26.809,20.736,45.427
2026-09-02T09:31:00,M02,12.534,2.003,26.667,20.868,46.383
2026-09-02T09:32:00,M02,12.432,1.999,26.997,20.906,46.735
2026-09-02T09:33:00,M02,12.585,1.966,26.708,20.727,44.779
2026-09-02T09:34:00,M02,12.540,1.976,26.766,20.676,45.189
2026-09-02T09:35:00,M02,12.571,1.909,26.965,20.638,45.099
2026-09-02T09:36:00,M02,12.342,1.981,26.869,20.708,45.764
2026-09-02T09:37:00,M02,12.572,2.039,27.096,20.778,44.705
2026-09-02T09:38:00,M02,12.461,1.996,26.657,20.716,44.769
2026-09-02T09:39:00,M02,12.420,2.014,26.825,20.733,46.182
2026-09-02T09:40:00,M02,12.604,1.973,26.913,20.607,45.177
2026-09-02T09:41:00,M02,12.501,2.017,26.802,20.765,45.795
2026-09-02T09:42:00,M02,12.609,2.045,26.774,20.830,44.244
2026-09-02T09:43:00,M02,12.610,1.939,26.925,20.870,46.586
2026-09-02T09:44:00,M02,12.522,1.950,26.985,20.518,45.421
2026-09-02T09:45:00,M02,12.653,2.057,26.753,20.523,46.228
2026-09-02T09:46:00,M02,12.582,2.000,26.992,20.672,46.100
2026-09-02T09:47:00,M02,12.656,2.084,27.030,21.085,44.453
2026-09-02T09:48:00,M02,12.565,1.912,26.844,20.724,45.628
2026-09-02T09:49:00,M02,12.596,1.999,26.948,20.794,43.313
2026-09-02T09:50:00,M02,12.618,1.906,27.021,20.908,44.253
2026-09-02T09:51:00,M02,12.653,1.946,26.689,20.643,45.457
2026-09-02T09:52:00,M02,12.628,1.997,26.916,20.744,43.653
2026-09-02T09:53:00,M02,12.444,2.072,26.907,20.929,44.055
2026-09-02T09:54:00,M02,12.561,2.011,26.935,20.898,46.046
2026-09-02T09:55:00,M02,12.670,2.039,26.744,20.875,46.189
2026-09-02T09:56:00,M02,12.615,2.010,26.884,20.794,44.481
2026-09-02T09:57:00,M02,12.443,1.965,26.967,21.269,45.318
2026-09-02T09:58:00,M02,12.477,1.990,26.982,21.038,44.577
2026-09-02T09:59:00,M02,12.777,1.987,27.169,21.068,44.567
2026-09-02T10:00:00,M02,12.496,2.037,27.024,20.675,44.260
2026-09-02T10:01:00,M02,12.602,2.095,26.933,20.528,44.550
2026-09-02T10:02:00,M02,12.482,2.012,26.570,20.480,45.527
2026-09-02T10:03:00,M02,12.551,1.916,27.203,20.805,45.493
2026-09-02T10:04:00,M02,12.548,2.000,27.098,20.604,44.266
2026-09-02T10:05:00,M02,12.704,1.976,27.108,21.104,43.089
2026-09-02T10:06:00,M02,12.426,1.945,27.038,20.942,43.987
2026-09-02T10:07:00,M02,12.432,1.965,26.984,20.507,45.362
2026-09-02T10:08:00,M02,12.581,2.039,26.949,20.869,45.135
2026-09-02T10:09:00,M02,12.573,2.059,26.662,20.484,43.851
2026-09-02T10:10:00,M02,12.638,2.061,26.797,20.649,44.508
2026-09-02T10:11:00,M02,12.787,2.019,26.747,20.823,46.953
2026-09-02T10:12:00,M02,12.725,2.016,26.824,20.668,44.906
2026-09-02T10:13:00,M02,12.685,1.979,26.870,20.818,46.406
2026-09-02T10:14:00,M02,12.712,1.952,27.196,20.756,45.833
2026-09-02T10:15:00,M02,12.538,2.000,26.816,21.236,46.006
2026-09-02T10:16:00,M02,12.601,1.957,27.017,20.945,45.033
2026-09-02T10:17:00,M02,12.610,2.007,26.887,21.137,44.411
2026-09-02T10:18:00,M02,12.521,2.014,27.098,20.711,43.789
2026-09-02T10:19:00,M02,12.424,1.994,27.132,20.691,45.351
2026-09-02T10:20:00,M02,12.690,2.007,26.990,20.661,45.477
2026-09-02T10:21:00,M02,12.633,2.024,27.045,21.008,45.138
2026-09-02T10:22:00,M02,12.736,1.979,26.684,20.820,44.797
2026-09-02T10:23:00,M02,12.630,2.012,27.072,20.916,46.290
2026-09-02T10:24:00,M02,12.624,2.060,26.758,21.112,46.727
2026-09-02T10:25:00,M02,12.622,1.989,27.161,20.806,45.661
2026-09-02T10:26:00,M02,12.532,2.033,27.076,20.749,45.625
2026-09-02T10:27:00,M02,12.591,1.966,26.904,20.769,44.815
2026-09-02T10:28:00,M02,12.545,1.962,27.021,20.842,42.949
2026-09-02T10:29:00,M02,12.629,1.985,27.278,20.675,44.596
2026-09-02T10:30:00,M02,12.509,1.997,26.923,20.784,45.406
2026-09-02T10:31:00,M02,12.557,2.043,27.138,21.027,45.060
2026-09-02T10:32:00,M02,12.567,2.070,26.956,20.741,44.258
2026-09-02T10:33:00,M02,12.537,1.978,27.071,20.730,45.420
2026-09-02T10:34:00,M02,12.678,2.005,27.123,20.432,45.578
2026-09-02T10:35:00,M02,12.502,2.033,26.859,20.686,44.726
2026-09-02T10:36:00,M02,12.577,2.024,27.128,20.658,42.261
2026-09-02T10:37:00,M02,12.484,2.066,27.135,20.626,46.960
2026-09-02T10:38:00,M02,12.661,2.020,27.053,20.575,43.310
2026-09-02T10:39:00,M02,12.618,2.012,26.746,20.618,45.250
2026-09-02T10:40:00,M02,12.673,2.055,27.157,20.852,45.751
2026-09-02T10:41:00,M02,12.347,2.048,27.159,20.903,46.510
2026-09-02T10:42:00,M02,12.554,1.961,26.885,20.980,45.207
2026-09-02T10:43:00,M02,12.587,2.055,27.107,21.141,44.467
2026-09-02T10:44:00,M02,12.702,1.995,26.926,20.914,44.752
2026-09-02T10:45:00,M02,12.431,1.957,26.980,20.934,47.524
2026-09-02T10:46:00,M02,12.509,2.006,27.016,20.636,43.339
2026-09-02T10:47:00,M02,12.578,2.002,26.951,20.414,44.975
2026-09-02T10:48:00,M02,12.563,2.036,26.872,20.745,44.671
2026-09-02T10:49:00,M02,12.639,1.934,26.926,20.803,45.865
2026-09-02T10:50:00,M02,12.587,1.936,27.155,20.991,43.950
2026-09-02T10:51:00,M02,12.597,2.089,27.123,21.044,44.431
2026-09-02T10:52:00,M02,12.607,2.034,26.931,20.967,44.893
2026-09-02T10:53:00,M02,12.500,1.991,27.242,20.920,46.720
2026-09-02T10:54:00,M02,12.681,2.090,26.970,21.038,45.146
2026-09-02T10:55:00,M02,12.654,2.109,26.892,20.404,44.677
2026-09-02T10:56:00,M02,12.480,1.982,27.088,20.663,45.053
2026-09-02T10:57:00,M02,12.661,2.021,27.009,20.610,46.291
2026-09-02T10:58:00,M02,12.714,1.986,26.869,20.676,44.007
2026-09-02T10:59:00,M02,12.771,2.001,26.761,20.991,45.031
2026-09-02T11:00:00,M02,12.533,2.032,27.000,20.736,46.394
2026-09-02T11:01:00,M02,12.777,1.924,26.843,21.193,45.323
2026-09-02T11:02:00,M02,12.729,1.958,26.942,20.814,46.693
2026-09-02T11:03:00,M02,12.687,1.953,27.047,20.799,44.898
2026-09-02T11:04:00,M02,12.673,1.987,27.199,20.495,44.833
2026-09-02T11:05:00,M02,12.570,2.010,26.785,20.894,45.610
2026-09-02T11:06:00,M02,12.636,2.009,26.852,20.753,44.760
2026-09-02T11:07:00,M02,12.567,1.938,26.708,20.880,43.664
2026-09-02T11:08:00,M02,12.552,2.024,26.840,20.987,43.272
2026-09-02T11:09:00,M02,12.517,1.882,27.061,20.895,45.191
2026-09-02T11:10:00,M02,12.525,2.011,26.770,21.115,44.414
2026-09-02T11:11:00,M02,12.640,2.087,26.976,20.886,44.695
2026-09-02T11:12:00,M02,12.508,1.988,27.204,20.555,43.918
2026-09-02T11:13:00,M02,12.539,2.050,27.084,20.859,43.985
2026-09-02T11:14:00,M02,12.582,1.948,26.792,20.967,43.627
2026-09-02T11:15:00,M02,12.755,1.982,26.795,20.671,44.733
2026-09-02T11:16:00,M02,12.721,2.023,27.203,20.696,45.069
2026-09-02T11:17:00,M02,12.517,1.990,26.808,21.234,44.260
2026-09-02T11:18:00,M02,12.749,2.015,27.053,20.776,45.367
2026-09-02T11:19:00,M02,12.472,1.974,26.962,20.686,45.280
2026-09-02T11:20:00,M02,12.479,1.992,26.742,20.811,46.008
2026-09-02T11:21:00,M02,12.790,2.032,27.101,20.744,43.519
2026-09-02T11:22:00,M02,12.626,1.949,27.056,20.882,44.717
2026-09-02T11:23:00,M02,12.439,2.035,27.065,20.595,45.547
2026-09-02T11:24:00,M02,12.410,2.056,26.955,20.934,46.292
2026-09-02T11:25:00,M02,12.570,1.990,27.030,20.879,45.529
2026-09-02T11:26:00,M02,12.674,1.944,26.946,20.723,46.159
2026-09-02T11:27:00,M02,12.625,2.009,27.042,20.855,43.540
2026-09-02T11:28:00,M02,12.563,2.019,26.935,20.606,45.095
2026-09-02T11:29:00,M02,12.623,1.997,26.967,20.848,44.668
2026-09-02T11:30:00,M02,12.516,1.862,26.906,20.734,45.681
2026-09-02T11:31:00,M02,12.672,2.045,26.898,20.780,46.447
2026-09-02T11:32:00,M02,12.558,1.995,26.980,20.709,42.958
2026-09-02T11:33:00,M02,12.791,1.976,26.831,20.288,45.541
2026-09-02T11:34:00,M02,12.555,1.980,27.097,20.814,43.140
2026-09-02T11:35:00,M02,12.677,2.046,26.996,20.293,45.050
2026-09-02T11:36:00,M02,12.583,1.966,27.081,20.752,44.990
2026-09-02T11:37:00,M02,12.535,2.031,26.987,20.925,45.585
2026-09-02T11:38:00,M02,12.691,2.040,27.119,20.717,44.953
2026-09-02T11:39:00,M02,12.549,1.964,27.085,20.942,43.422
2026-09-02T11:40:00,M02,12.575,2.059,27.227,20.665,45.609
2026-09-02T11:41:00,M02,12.474,2.000,27.031,20.531,44.170
2026-09-02T11:42:00,M02,12.809,1.969,26.990,20.712,44.178
2026-09-02T11:43:00,M02,12.699,2.031,26.823,20.888,43.411
2026-09-02T11:44:00,M02,12.666,2.008,27.193,20.627,45.812
2026-09-02T11:45:00,M02,12.751,2.025,26.978,20.765,45.565
2026-09-02T11:46:00,M02,12.597,1.908,26.924,20.775,44.641
2026-09-02T11:47:00,M02,12.769,1.955,27.109,20.774,44.891
2026-09-02T11:48:00,M02,12.666,1.984,26.988,20.869,44.187
2026-09-02T11:49:00,M02,12.517,2.078,26.808,20.865,46.388
2026-09-02T11:50:00,M02,12.585,2.006,26.802,20.996,44.724
2026-09-02T11:51:00,M02,12.741,2.054,27.124,20.783,43.989
2026-09-02T11:52:00,M02,12.494,1.947,26.850,20.783,45.758
2026-09-02T11:53:00,M02,12.575,2.044,27.000,20.794,44.745
2026-09-02T11:54:00,M02,12.648,2.064,27.065,20.636,46.098
2026-09-02T11:55:00,M02,12.636,1.934,26.759,21.318,46.090
2026-09-02T11:56:00,M02,12.655,1.944,26.885,21.108,44.632
2026-09-02T11:57:00,M02,12.721,1.960,26.911,20.494,44.218
2026-09-02T11:58:00,M02,12.634,1.921,27.185,20.495,45.651
2026-09-02T11:59:00,M02,12.614,1.963,26.675,20.902,44.260
2026-09-02T12:00:00,M02,12.683,2.041,27.024,20.656,43.250
2026-09-02T12:01:00,M02,12.627,1.966,26.888,20.845,45.891
2026-09-02T12:02:00,M02,12.634,2.006,26.898,21.248,43.333
2026-09-02T12:03:00,M02,12.676,1.982,26.994,21.028,44.837
2026-09-02T12:04:00,M02,12.507,2.020,27.021,20.742,45.788
2026-09-02T12:05:00,M02,12.771,2.011,27.043,20.768,42.666
2026-09-02T12:06:00,M02,12.557,1.968,27.068,20.792,45.662
2026-09-02T12:07:00,M02,12.504,2.034,26.975,21.031,47.076
2026-09-02T12:08:00,M02,12.571,1.981,27.138,20.657,44.808
2026-09-02T12:09:00,M02,12.665,2.061,26.861,20.667,43.963
2026-09-02T12:10:00,M02,12.405,2.029,26.930,21.153,44.647
2026-09-02T12:11:00,M02,12.427,2.048,26.991,20.615,44.875
2026-09-02T12:12:00,M02,12.632,1.944,26.869,20.854,44.439
2026-09-02T12:13:00,M02,12.530,2.041,27.034,21.167,43.785
2026-09-02T12:14:00,M02,12.557,2.043,27.153,20.348,44.398
2026-09-02T12:15:00,M02,12.594,2.056,26.954,21.031,44.699
2026-09-02T12:16:00,M02,12.666,1.960,26.856,21.056,45.350
2026-09-02T12:17:00,M02,12.570,2.056,26.826,20.488,43.319
2026-09-02T12:18:00,M02,12.743,2.005,27.203,20.868,44.019
2026-09-02T12:19:00,M02,12.657,1.928,27.082,20.829,45.005
2026-09-02T12:20:00,M02,12.655,2.058,27.092,20.955,44.727
2026-09-02T12:21:00,M02,12.685,1.975,27.061,21.032,44.436
2026-09-02T12:22:00,M02,12.548,1.959,26.872,20.689,44.530
2026-09-02T12:23:00,M02,12.665,2.018,27.290,20.849,45.057
2026-09-02T12:24:00,M02,12.596,1.989,27.006,20.840,45.105
2026-09-02T12:25:00,M02,12.529,2.023,27.075,20.636,44.914
2026-09-02T12:26:00,M02,12.588,1.961,27.150,20.802,44.821
2026-09-02T12:27:00,M02,12.597,2.027,26.960,20.880,44.201
2026-09-02T12:28:00,M02,12.624,1.967,26.966,20.860,46.300
2026-09-02T12:29:00,M02,12.433,1.982,27.244,21.083,44.636
2026-09-02T12:30:00,M02,12.596,1.950,26.871,20.905,45.685
2026-09-02T12:31:00,M02,12.688,1.924,26.980,20.826,45.047
2026-09-02T12:32:00,M02,12.662,1.949,27.172,20.619,45.679
2026-09-02T12:33:00,M02,12.568,1.962,27.064,20.820,45.336
2026-09-02T12:34:00,M02,12.648,1.990,27.266,21.023,46.397
2026-09-02T12:35:00,M02,12.558,2.003,26.766,20.879,46.241
2026-09-02T12:36:00,M02,12.716,2.028,26.820,20.727,45.501
2026-09-02T12:37:00,M02,12.651,1.970,27.034,20.825,42.812
2026-09-02T12:38:00,M02,12.487,2.009,26.852,20.455,45.960
2026-09-02T12:39:00,M02,12.476,2.065,26.916,20.959,45.299
2026-09-02T12:40:00,M02,12.549,1.950,27.018,20.661,44.519
2026-09-02T12:41:00,M02,12.663,2.027,26.925,20.679,45.713
2026-09-02T12:42:00,M02,12.557,2.014,27.073,20.967,45.231
2026-09-02T12:43:00,M02,12.660,1.994,26.954,20.863,43.657
2026-09-02T12:44:00,M02,12.503,1.923,26.836,20.891,45.786
2026-09-02T12:45:00,M02,12.438,1.934,27.170,20.718,45.093
2026-09-02T12:46:00,M02,12.627,1.984,27.038,20.590,45.477
2026-09-02T12:47:00,M02,12.626,1.977,26.928,20.969,44.975
2026-09-02T12:48:00,M02,12.451,1.977,26.991,20.664,46.886
2026-09-02T12:49:00,M02,12.460,2.005,26.901,20.596,46.682
2026-09-02T12:50:00,M02,12.732,1.996,26.996,20.789,45.032
2026-09-02T12:51:00,M02,12.525,2.045,27.012,20.973,45.980
2026-09-02T12:52:00,M02,12.544,2.007,26.827,20.587,46.425
2026-09-02T12:53:00,M02,12.833,1.967,27.019,20.969,44.681
2026-09-02T12:54:00,M02,12.516,1.908,26.967,20.731,46.639
2026-09-02T12:55:00,M02,12.559,1.939,27.130,20.749,44.114
2026-09-02T12:56:00,M02,12.500,2.016,26.910,20.698,43.892
2026-09-02T12:57:00,M02,12.777,1.928,27.145,21.022,45.146
2026-09-02T12:58:00,M02,12.630,2.025,27.037,20.593,47.591
2026-09-02T12:59:00,M02,12.739,1.950,26.956,21.013,43.688
2026-09-02T13:00:00,M02,12.603,2.007,26.909,20.942,45.090
2026-09-02T13:01:00,M02,12.574,1.983,26.923,20.831,44.470
2026-09-02T13:02:00,M02,12.674,2.009,26.877,21.009,46.088
2026-09-02T13:03:00,M02,12.657,1.953,26.960,20.794,45.959
2026-09-02T13:04:00,M02,12.655,2.060,27.027,20.804,45.820
2026-09-02T13:05:00,M02,12.628,2.036,26.823,20.899,45.790
2026-09-02T13:06:00,M02,12.566,1.962,26.970,20.920,44.923
2026-09-02T13:07:00,M02,12.715,2.047,27.160,20.970,46.624
2026-09-02T13:08:00,M02,12.581,1.947,26.896,20.753,44.734
2026-09-02T13:09:00,M02,12.689,1.965,26.947,20.900,44.549
2026-09-02T13:10:00,M02,12.563,1.993,26.989,20.748,44.804
2026-09-02T13:11:00,M02,12.509,2.012,26.954,20.776,44.410
2026-09-02T13:12:00,M02,12.636,2.014,26.940,20.786,45.784
2026-09-02T13:13:00,M02,12.599,1.997,26.903,20.861,44.948
2026-09-02T13:14:00,M02,12.629,1.975,26.686,20.509,43.533
2026-09-02T13:15:00,M02,12.569,2.022,26.997,20.785,46.057
2026-09-02T13:16:00,M02,12.519,1.964,27.115,20.985,43.765
2026-09-02T13:17:00,M02,12.650,2.000,27.213,20.849,45.140
2026-09-02T13:18:00,M02,12.699,2.004,27.099,21.225,45.921
2026-09-02T13:19:00,M02,12.645,2.017,27.159,20.747,44.456
2026-09-02T13:20:00,M02,12.557,2.030,27.175,20.944,45.308
2026-09-02T13:21:00,M02,12.750,2.079,27.087,20.662,44.958
2026-09-02T13:22:00,M02,12.582,1.973,26.895,20.532,46.639
2026-09-02T13:23:00,M02,12.718,1.974,27.192,20.920,44.309
2026-09-02T13:24:00,M02,12.572,2.002,27.228,20.643,45.381
2026-09-02T13:25:00,M02,12.529,2.009,26.888,20.873,45.017
2026-09-02T13:26:00,M02,12.659,1.868,26.955,20.856,45.351
2026-09-02T13:27:00,M02,12.534,2.086,26.990,20.595,46.759
2026-09-02T13:28:00,M02,12.491,2.043,26.877,20.751,46.007
2026-09-02T13:29:00,M02,12.543,1.940,27.164,21.145,44.415
2026-09-02T13:30:00,M02,12.657,1.982,26.967,20.865,46.430
2026-09-02T13:31:00,M02,12.560,2.016,26.925,20.830,45.591
2026-09-02T13:32:00,M02,12.671,2.009,26.902,20.867,44.077
2026-09-02T13:33:00,M02,12.529,1.979,27.002,20.737,45.490
2026-09-02T13:34:00,M02,12.598,2.003,26.954,20.913,45.952
2026-09-02T13:35:00,M02,12.520,2.002,26.969,20.849,44.613
2026-09-02T13:36:00,M02,12.757,1.966,26.841,21.078,43.829
2026-09-02T13:37:00,M02,12.462,1.962,26.770,20.707,45.808
2026-09-02T13:38:00,M02,12.669,1.947,26.973,20.816,44.685
2026-09-02T13:39:00,M02,12.702,1.960,27.121,20.955,43.977
2026-09-02T13:40:00,M02,12.520,1.971,26.849,20.801,45.003
2026-09-02T13:41:00,M02,12.554,1.974,27.103,21.005,43.302
2026-09-02T13:42:00,M02,12.614,2.043,26.969,20.626,44.716
2026-09-02T13:43:00,M02,12.538,2.116,26.935,20.839,43.766
2026-09-02T13:44:00,M02,12.684,2.052,26.926,20.910,45.056
2026-09-02T13:45:00,M02,12.475,1.935,27.030,20.813,45.682
2026-09-02T13:46:00,M02,12.439,1.935,27.003,20.618,45.036
2026-09-02T13:47:00,M02,12.584,2.048,27.305,20.226,46.994
2026-09-02T13:48:00,M02,12.511,1.991,27.100,20.607,46.846
2026-09-02T13:49:00,M02,12.646,2.072,26.862,20.743,43.633
2026-09-02T13:50:00,M02,12.550,1.999,26.999,20.982,43.782
2026-09-02T13:51:00,M02,12.499,2.019,27.038,20.767,45.107
2026-09-02T13:52:00,M02,12.696,2.005,26.787,20.644,43.983
2026-09-02T13:53:00,M02,12.612,1.981,27.042,20.995,45.496
2026-09-02T13:54:00,M02,12.589,2.052,26.972,21.035,44.833
2026-09-02T13:55:00,M02,12.673,2.043,27.042,20.710,45.300
2026-09-02T13:56:00,M02,12.665,1.946,27.041,20.776,45.796
2026-09-02T13:57:00,M02,12.510,1.913,26.998,21.113,46.646
2026-09-02T13:58:00,M02,12.765,2.072,26.873,20.712,46.112
2026-09-02T13:59:00,M02,12.689,2.052,26.860,20.798,46.125
2026-09-02T14:00:00,M02,12.794,1.948,27.127,20.855,45.444
2026-09-02T14:01:00,M02,12.664,1.954,27.105,20.874,46.921
2026-09-02T14:02:00,M02,12.646,2.118,26.875,20.570,44.335
2026-09-02T14:03:00,M02,12.576,2.005,27.159,20.689,45.086
2026-09-02T14:04:00,M02,12.658,2.019,27.004,20.727,44.339
2026-09-02T14:05:00,M02,12.691,1.971,27.028,20.966,44.939
2026-09-02T14:06:00,M02,12.617,2.058,26.781,20.690,45.040
2026-09-02T14:07:00,M02,12.548,1.961,27.151,20.705,46.325
2026-09-02T14:08:00,M02,12.563,1.988,27.238,20.709,44.487
2026-09-02T14:09:00,M02,12.536,1.982,27.045,20.545,44.895
2026-09-02T14:10:00,M02,12.591,1.986,27.069,20.841,45.084
2026-09-02T14:11:00,M02,12.749,1.963,26.998,20.800,44.716
2026-09-02T14:12:00,M02,12.665,1.994,26.978,20.791,43.366
2026-09-02T14:13:00,M02,12.671,2.028,27.219,20.681,45.040
2026-09-02T14:14:00,M02,12.748,1.981,27.035,20.727,44.634
2026-09-02T14:15:00,M02,12.574,2.066,27.068,21.073,45.299
2026-09-02T14:16:00,M02,12.560,1.986,26.658,20.911,45.957
2026-09-02T14:17:00,M02,12.423,1.968,26.958,20.880,45.196
2026-09-02T14:18:00,M02,12.501,1.978,27.094,20.920,46.143
2026-09-02T14:19:00,M02,12.608,2.010,26.854,20.973,47.365
2026-09-02T14:20:00,M02,12.685,2.061,27.015,20.911,44.278
2026-09-02T14:21:00,M02,12.610,2.038,27.191,20.585,44.760
2026-09-02T14:22:00,M02,12.750,2.013,27.108,20.750,45.597
2026-09-02T14:23:00,M02,12.691,2.011,26.869,20.880,43.178
2026-09-02T14:24:00,M02,12.481,2.057,27.157,20.647,44.012
2026-09-02T14:25:00,M02,12.625,2.026,26.790,20.869,44.289
2026-09-02T14:26:00,M02,12.481,1.994,26.861,20.658,45.949
2026-09-02T14:27:00,M02,12.598,2.069,26.864,21.092,46.405
2026-09-02T14:28:00,M02,12.650,2.056,27.236,20.871,45.685
2026-09-02T14:29:00,M02,12.453,1.982,27.218,20.645,43.549
2026-09-02T14:30:00,M02,12.588,2.000,26.790,21.013,43.279
2026-09-02T14:31:00,M02,12.753,2.026,27.065,20.917,44.873
2026-09-02T14:32:00,M02,12.431,1.995,26.803,20.719,44.523
2026-09-02T14:33:00,M02,12.509,2.022,26.908,20.904,46.210
2026-09-02T14:34:00,M02,12.500,2.037,26.990,20.645,44.303
2026-09-02T14:35:00,M02,12.494,2.060,26.746,20.814,44.452
2026-09-02T14:36:00,M02,12.363,1.976,27.121,20.759,44.512
2026-09-02T14:37:00,M02,12.704,1.994,26.980,20.610,46.268
2026-09-02T14:38:00,M02,12.700,1.899,26.913,20.586,44.147
2026-09-02T14:39:00,M02,12.607,1.975,27.182,20.901,44.501
2026-09-02T14:40:00,M02,12.466,1.951,27.125,20.586,45.290
2026-09-02T14:41:00,M02,12.635,1.945,27.356,20.983,46.346
2026-09-02T14:42:00,M02,12.640,1.944,26.944,20.891,43.840
2026-09-02T14:43:00,M02,12.653,1.952,26.613,20.796,46.652
2026-09-02T14:44:00,M02,12.525,1.968,26.595,20.821,46.774
2026-09-02T14:45:00,M02,12.559,1.921,27.189,20.851,45.173
2026-09-02T14:46:00,M02,12.611,2.013,26.945,20.794,44.094
2026-09-02T14:47:00,M02,12.550,2.029,26.876,20.572,43.984
2026-09-02T14:48:00,M02,12.624,1.982,26.994,20.690,47.385
2026-09-02T14:49:00,M02,12.551,1.975,26.910,20.778,47.693
2026-09-02T14:50:00,M02,12.652,2.018,26.872,20.924,45.127
2026-09-02T14:51:00,M02,12.647,2.025,26.847,20.823,46.595
2026-09-02T14:52:00,M02,12.759,2.054,26.841,20.695,46.425
2026-09-02T14:53:00,M02,12.778,2.016,26.983,20.914,45.645
2026-09-02T14:54:00,M02,12.625,2.052,26.896,20.829,45.076
2026-09-02T14:55:00,M02,12.633,1.937,26.931,20.367,43.899
2026-09-02T14:56:00,M02,12.692,2.009,26.823,20.787,45.196
2026-09-02T14:57:00,M02,12.628,2.026,26.842,20.914,45.425
2026-09-02T14:58:00,M02,12.593,2.000,26.768,20.678,44.369
2026-09-02T14:59:00,M02,12.611,2.003,27.034,20.689,45.978
2026-09-02T15:00:00,M02,12.485,1.948,26.749,21.141,46.191
2026-09-02T15:01:00,M02,12.486,2.021,26.867,20.902,46.394
2026-09-02T15:02:00,M02,12.614,2.001,27.098,20.513,46.408
2026-09-02T15:03:00,M02,12.676,2.010,26.989,20.622,44.622
2026-09-02T15:04:00,M02,12.688,2.046,26.917,20.592,44.982
2026-09-02T15:05:00,M02,12.629,1.976,26.899,20.914,43.115
2026-09-02T15:06:00,M02,12.681,2.100,27.048,20.845,45.003
2026-09-02T15:07:00,M02,12.440,2.039,27.111,20.533,44.100
2026-09-02T15:08:00,M02,12.762,1.982,26.791,20.673,46.018
2026-09-02T15:09:00,M02,12.643,1.992,27.131,20.906,44.941
2026-09-02T15:10:00,M02,12.720,1.980,26.914,20.838,43.566
2026-09-02T15:11:00,M02,12.573,2.052,26.912,21.026,43.897
2026-09-02T15:12:00,M02,12.718,2.050,26.989,20.887,45.645
2026-09-02T15:13:00,M02,12.625,1.953,27.069,20.750,45.763
2026-09-02T15:14:00,M02,12.640,2.029,26.976,20.850,44.666
2026-09-02T15:15:00,M02,12.643,2.104,27.180,20.985,45.203
2026-09-02T15:16:00,M02,12.681,1.981,27.330,21.072,44.852
2026-09-02T15:17:00,M02,12.642,1.989,26.917,20.670,44.041
2026-09-02T15:18:00,M02,12.657,1.964,26.945,20.765,44.211
2026-09-02T15:19:00,M02,12.539,2.058,27.104,20.602,46.368
2026-09-02T15:20:00,M02,12.572,1.992,27.200,20.639,43.026
2026-09-02T15:21:00,M02,12.561,2.077,26.882,20.860,47.788
2026-09-02T15:22:00,M02,12.696,1.970,26.823,20.919,45.729
2026-09-02T15:23:00,M02,12.717,2.047,27.006,21.073,44.903
2026-09-02T15:24:00,M02,12.699,1.959,26.986,20.706,44.898
2026-09-02T15:25:00,M02,12.619,2.053,27.035,20.538,43.814
2026-09-02T15:26:00,M02,12.554,2.022,26.932,20.790,45.352
2026-09-02T15:27:00,M02,12.667,2.070,26.839,20.745,43.675
2026-09-02T15:28:00,M02,12.615,1.968,27.116,20.671,46.020
2026-09-02T15:29:00,M02,12.657,1.969,26.907,20.664,45.132
2026-09-02T15:30:00,M02,12.560,1.969,26.850,20.754,46.079
2026-09-02T15:31:00,M02,12.595,2.016,27.241,20.755,45.765
2026-09-02T15:32:00,M02,12.627,2.029,27.023,20.768,42.717
2026-09-02T15:33:00,M02,12.484,1.940,27.041,20.782,45.330
2026-09-02T15:34:00,M02,12.739,2.014,26.832,20.442,43.896
2026-09-02T15:35:00,M02,12.531,2.001,26.954,20.758,45.330
2026-09-02T15:36:00,M02,12.714,2.032,26.875,20.674,44.163
2026-09-02T15:37:00,M02,12.549,2.013,27.117,20.876,44.549
2026-09-02T15:38:00,M02,12.527,2.023,26.798,20.592,46.557
2026-09-02T15:39:00,M02,12.747,2.001,26.980,20.757,44.790
2026-09-02T15:40:00,M02,12.611,2.016,26.831,21.182,44.440
2026-09-02T15:41:00,M02,12.654,2.041,26.982,20.632,43.459
2026-09-02T15:42:00,M02,12.627,2.034,26.883,20.748,44.583
2026-09-02T15:43:00,M02,12.634,2.019,26.977,20.734,44.616
2026-09-02T15:44:00,M02,12.529,1.928,26.761,20.864,43.443
2026-09-02T15:45:00,M02,12.643,1.986,26.930,20.994,45.300
2026-09-02T15:46:00,M02,12.521,1.942,27.062,20.758,44.013
2026-09-02T15:47:00,M02,12.539,2.001,27.109,20.621,44.992
2026-09-02T15:48:00,M02,12.692,2.016,27.042,20.916,45.362
2026-09-02T15:49:00,M02,12.660,1.915,26.584,20.832,45.790
2026-09-02T15:50:00,M02,12.607,1.968,27.356,20.869,43.980
2026-09-02T15:51:00,M02,12.556,2.047,26.906,20.887,45.100
2026-09-02T15:52:00,M02,12.383,1.961,27.037,20.602,44.869
2026-09-02T15:53:00,M02,12.712,1.963,27.028,20.864,45.290
2026-09-02T15:54:00,M02,12.676,1.956,27.047,20.873,44.752
2026-09-02T15:55:00,M02,12.845,1.960,27.060,20.795,46.187
2026-09-02T15:56:00,M02,12.615,2.044,27.087,20.860,44.842
2026-09-02T15:57:00,M02,12.522,2.057,26.946,20.824,44.050
2026-09-02T15:58:00,M02,12.482,2.078,26.941,20.912,44.628
2026-09-02T15:59:00,M02,12.506,2.032,27.103,20.741,45.592
2026-09-02T16:00:00,M02,11.984,1.856,24.139,19.792,45.074
2026-09-02T16:01:00,M02,12.219,1.808,23.883,20.008,44.700
2026-09-02T16:02:00,M02,11.895,1.824,24.125,19.882,46.278
2026-09-02T16:03:00,M02,12.019,1.850,24.292,20.133,44.859
2026-09-02T16:04:00,M02,12.066,1.877,24.387,19.908,43.857
2026-09-02T16:05:00,M02,12.100,1.843,24.275,20.350,46.102
2026-09-02T16:06:00,M02,12.178,1.810,24.614,20.266,46.347
2026-09-02T16:07:00,M02,12.315,1.760,24.315,20.170,44.091
2026-09-02T16:08:00,M02,12.134,1.834,24.671,20.324,44.615
2026-09-02T16:09:00,M02,12.056,1.852,24.918,20.322,45.873
2026-09-02T16:10:00,M02,12.131,1.833,24.917,19.866,44.748
2026-09-02T16:11:00,M02,12.240,1.865,24.884,20.514,44.348
2026-09-02T16:12:00,M02,12.231,1.820,25.025,20.462,43.848
2026-09-02T16:13:00,M02,12.104,1.900,24.948,20.432,44.365
2026-09-02T16:14:00,M02,12.193,1.996,25.104,20.411,44.205
2026-09-02T16:15:00,M02,12.139,1.860,24.917,20.209,45.798
2026-09-02T16:16:00,M02,12.259,1.893,25.201,20.602,44.167
2026-09-02T16:17:00,M02,12.383,1.858,25.263,20.494,44.261
2026-09-02T16:18:00,M02,12.323,1.973,25.126,20.488,45.526
2026-09-02T16:19:00,M02,12.253,1.887,25.406,20.321,46.247
2026-09-02T16:20:00,M02,12.258,1.867,25.433,20.232,45.331
2026-09-02T16:21:00,M02,12.293,1.897,25.376,20.411,44.298
2026-09-02T16:22:00,M02,12.421,1.905,25.306,20.308,44.978
2026-09-02T16:23:00,M02,12.256,1.888,25.754,20.360,44.356
2026-09-02T16:24:00,M02,12.457,1.840,25.627,20.432,41.983
2026-09-02T16:25:00,M02,12.425,1.876,25.837,20.300,45.674
2026-09-02T16:26:00,M02,12.259,1.872,25.556,20.745,45.383
2026-09-02T16:27:00,M02,12.110,1.948,25.903,20.721,45.041
2026-09-02T16:28:00,M02,12.458,1.942,25.945,20.684,46.038
2026-09-02T16:29:00,M02,12.358,1.905,26.140,20.844,45.730
2026-09-02T16:30:00,M02,12.424,1.871,25.742,20.455,44.908
2026-09-02T16:31:00,M02,12.306,1.979,25.718,20.432,42.926
2026-09-02T16:32:00,M02,12.481,1.873,25.948,20.867,45.651
2026-09-02T16:33:00,M02,12.283,1.941,25.812,20.798,45.399
2026-09-02T16:34:00,M02,12.369,2.001,26.034,20.711,44.561
2026-09-02T16:35:00,M02,12.560,1.948,26.046,20.615,42.765
2026-09-02T16:36:00,M02,12.385,1.956,25.844,20.185,44.947
2026-09-02T16:37:00,M02,12.377,1.952,26.000,20.558,45.715
2026-09-02T16:38:00,M02,12.409,1.944,26.134,20.716,44.406
2026-09-02T16:39:00,M02,12.419,2.008,26.054,20.451,45.034
2026-09-02T16:40:00,M02,12.401,1.980,26.313,20.611,43.348
2026-09-02T16:41:00,M02,12.449,2.062,25.996,20.197,44.190
2026-09-02T16:42:00,M02,12.354,1.858,26.322,20.559,45.712
2026-09-02T16:43:00,M02,12.348,1.952,26.395,20.532,44.430
2026-09-02T16:44:00,M02,12.534,2.007,26.155,20.824,44.313
2026-09-02T16:45:00,M02,12.504,1.928,26.340,20.630,44.864
2026-09-02T16:46:00,M02,12.316,1.939,26.333,20.721,45.391
2026-09-02T16:47:00,M02,12.442,1.905,26.524,20.438,46.368
2026-09-02T16:48:00,M02,12.398,1.901,26.342,20.615,44.773
2026-09-02T16:49:00,M02,12.543,1.901,26.576,20.759,44.169
2026-09-02T16:50:00,M02,12.583,1.970,26.292,20.290,46.495
2026-09-02T16:51:00,M02,12.294,2.002,26.363,20.831,44.480
2026-09-02T16:52:00,M02,12.559,2.007,26.567,20.555,46.135
2026-09-02T16:53:00,M02,12.651,1.959,26.425,20.710,43.389
2026-09-02T16:54:00,M02,12.574,2.005,26.362,20.708,45.109
2026-09-02T16:55:00,M02,12.650,1.901,26.303,20.598,46.748
2026-09-02T16:56:00,M02,12.574,2.029,26.071,20.172,43.292
2026-09-02T16:57:00,M02,12.582,1.942,26.638,20.843,46.024
2026-09-02T16:58:00,M02,12.593,1.968,26.336,20.705,44.098
2026-09-02T16:59:00,M02,12.508,1.999,26.541,20.551,46.219
2026-09-02T17:00:00,M02,12.383,2.048,26.650,21.226,42.382
2026-09-02T17:01:00,M02,12.572,2.019,26.755,20.742,44.674
2026-09-02T17:02:00,M02,12.402,1.969,26.684,20.632,43.859
2026-09-02T17:03:00,M02,12.555,1.970,26.695,20.776,45.619
2026-09-02T17:04:00,M02,12.684,1.982,26.858,20.808,45.393
2026-09-02T17:05:00,M02,12.544,2.016,26.558,20.432,44.319
2026-09-02T17:06:00,M02,12.686,1.982,26.577,20.725,41.349
2026-09-02T17:07:00,M02,12.542,1.978,26.711,20.760,44.989
2026-09-02T17:08:00,M02,12.527,1.947,26.834,20.681,45.701
2026-09-02T17:09:00,M02,12.614,1.979,26.730,20.892,43.583
2026-09-02T17:10:00,M02,12.532,1.877,26.579,21.073,44.963
2026-09-02T17:11:00,M02,12.496,1.976,26.793,20.871,44.716
2026-09-02T17:12:00,M02,12.452,1.962,26.774,20.910,45.346
2026-09-02T17:13:00,M02,12.740,1.889,26.665,20.707,45.997
2026-09-02T17:14:00,M02,12.636,1.899,26.850,20.452,46.062
2026-09-02T17:15:00,M02,12.579,2.028,26.682,20.935,44.809
2026-09-02T17:16:00,M02,12.437,1.944,26.743,20.687,45.403
2026-09-02T17:17:00,M02,12.451,2.041,26.696,20.585,44.787
2026-09-02T17:18:00,M02,12.687,1.906,26.572,21.148,45.161
2026-09-02T17:19:00,M02,12.665,1.964,26.666,20.637,45.658
2026-09-02T17:20:00,M02,12.574,1.945,26.766,20.847,46.443
2026-09-02T17:21:00,M02,12.464,1.970,26.750,20.546,43.972
2026-09-02T17:22:00,M02,12.640,1.988,27.044,20.785,46.415
2026-09-02T17:23:00,M02,12.618,1.954,26.719,20.799,43.688
2026-09-02T17:24:00,M02,12.569,1.988,26.812,20.617,44.741
2026-09-02T17:25:00,M02,12.466,2.040,26.648,20.746,46.538
2026-09-02T17:26:00,M02,12.588,1.942,26.716,20.798,44.775
2026-09-02T17:27:00,M02,12.552,2.014,26.876,20.483,43.210
2026-09-02T17:28:00,M02,12.479,2.075,26.796,20.661,45.785
2026-09-02T17:29:00,M02,12.534,1.984,26.625,20.833,43.509
2026-09-02T17:30:00,M02,12.626,1.911,26.761,20.894,42.884
2026-09-02T17:31:00,M02,12.638,2.019,26.845,20.708,42.944
2026-09-02T17:32:00,M02,12.630,1.946,27.023,20.451,44.591
2026-09-02T17:33:00,M02,12.527,2.034,26.855,20.612,45.623
2026-09-02T17:34:00,M02,12.664,2.044,26.722,20.438,44.724
2026-09-02T17:35:00,M02,12.610,1.976,26.881,20.769,45.984
2026-09-02T17:36:00,M02,12.622,2.066,26.850,20.878,43.069
2026-09-02T17:37:00,M02,12.541,2.000,27.000,20.761,44.479
2026-09-02T17:38:00,M02,12.551,1.981,26.755,20.715,44.367
2026-09-02T17:39:00,M02,12.498,2.028,26.875,20.687,44.887
2026-09-02T17:40:00,M02,12.560,1.983,26.884,20.753,45.080
2026-09-02T17:41:00,M02,12.691,1.954,26.840,20.492,44.767
2026-09-02T17:42:00,M02,12.550,2.034,26.839,20.696,43.516
2026-09-02T17:43:00,M02,12.446,2.029,26.566,20.761,44.879
2026-09-02T17:44:00,M02,12.527,2.012,27.009,20.454,46.179
2026-09-02T17:45:00,M02,12.463,2.004,26.994,20.548,42.908
2026-09-02T17:46:00,M02,12.494,1.959,26.750,20.860,44.861
2026-09-02T17:47:00,M02,12.594,1.976,27.077,21.157,46.186
2026-09-02T17:48:00,M02,12.630,1.963,26.848,20.585,45.131
2026-09-02T17:49:00,M02,12.524,2.023,26.799,20.609,45.237
2026-09-02T17:50:00,M02,12.654,1.944,26.951,20.814,45.639
2026-09-02T17:51:00,M02,12.737,1.924,26.831,20.931,45.131
2026-09-02T17:52:00,M02,12.498,1.966,26.880,20.911,44.562
2026-09-02T17:53:00,M02,12.645,2.050,27.200,21.021,46.006
2026-09-02T17:54:00,M02,12.520,2.017,26.938,20.633,45.726
2026-09-02T17:55:00,M02,12.779,2.007,26.866,21.067,45.430
2026-09-02T17:56:00,M02,12.520,2.032,27.201,20.783,46.232
2026-09-02T17:57:00,M02,12.675,2.070,26.894,21.012,43.792
2026-09-02T17:58:00,M02,12.720,2.063,27.166,20.828,45.081
2026-09-02T17:59:00,M02,12.574,2.005,26.670,20.564,46.176
2026-09-02T18:00:00,M02,12.691,1.949,27.057,20.799,46.212
2026-09-02T18:01:00,M02,12.671,2.085,26.900,20.806,46.769
2026-09-02T18:02:00,M02,12.484,1.922,26.954,20.808,44.428
2026-09-02T18:03:00,M02,12.673,1.979,27.100,21.016,44.725
2026-09-02T18:04:00,M02,12.637,2.001,27.051,20.797,42.966
2026-09-02T18:05:00,M02,12.580,1.951,26.937,21.169,44.940
2026-09-02T18:06:00,M02,12.371,1.964,26.917,20.611,42.967
2026-09-02T18:07:00,M02,12.555,1.973,26.733,20.611,44.654
2026-09-02T18:08:00,M02,12.685,2.020,26.802,20.631,46.317
2026-09-02T18:09:00,M02,12.723,1.975,27.099,20.649,46.045
2026-09-02T18:10:00,M02,12.545,1.955,26.875,20.967,44.742
2026-09-02T18:11:00,M02,12.696,2.006,27.060,20.898,45.267
2026-09-02T18:12:00,M02,12.434,1.997,26.803,21.207,45.432
2026-09-02T18:13:00,M02,12.590,1.947,26.993,20.902,44.676
2026-09-02T18:14:00,M02,12.648,1.967,26.934,20.939,44.253
2026-09-02T18:15:00,M02,12.561,1.929,26.992,20.734,43.846
2026-09-02T18:16:00,M02,12.716,1.999,27.032,20.895,44.849
2026-09-02T18:17:00,M02,12.536,2.002,26.993,20.518,43.965
2026-09-02T18:18:00,M02,12.617,2.061,27.079,20.590,46.239
2026-09-02T18:19:00,M02,12.559,1.925,27.131,20.470,46.103
2026-09-02T18:20:00,M02,12.550,1.968,27.120,20.833,45.007
2026-09-02T18:21:00,M02,12.520,1.997,26.846,20.816,44.014
2026-09-02T18:22:00,M02,12.524,2.092,27.267,20.525,45.791
2026-09-02T18:23:00,M02,12.455,1.961,26.608,20.664,45.180
2026-09-02T18:24:00,M02,12.533,2.056,27.050,20.989,45.072
2026-09-02T18:25:00,M02,12.650,2.033,27.162,20.716,46.133
2026-09-02T18:26:00,M02,12.650,2.008,26.868,20.803,45.395
2026-09-02T18:27:00,M02,12.518,1.945,26.971,20.671,43.731
2026-09-02T18:28:00,M02,12.647,1.981,27.030,20.711,46.698
2026-09-02T18:29:00,M02,12.635,1.986,26.963,20.649,45.429
2026-09-02T18:30:00,M02,12.635,1.987,26.946,20.632,44.462
2026-09-02T18:31:00,M02,12.865,2.102,26.895,20.439,45.016
2026-09-02T18:32:00,M02,12.618,1.985,26.844,21.055,43.457
2026-09-02T18:33:00,M02,12.690,2.002,26.990,20.776,45.037
2026-09-02T18:34:00,M02,12.753,2.062,26.933,20.677,44.104
2026-09-02T18:35:00,M02,12.677,2.034,26.880,20.898,44.581
2026-09-02T18:36:00,M02,12.479,1.987,26.868,20.866,43.486
2026-09-02T18:37:00,M02,12.605,2.001,27.146,20.707,46.540
2026-09-02T18:38:00,M02,12.487,2.098,26.916,20.579,44.997
2026-09-02T18:39:00,M02,12.808,2.069,27.072,20.647,43.353
2026-09-02T18:40:00,M02,12.607,1.932,26.904,20.871,44.868
2026-09-02T18:41:00,M02,12.529,2.140,26.548,21.122,43.504
2026-09-02T18:42:00,M02,12.569,1.995,27.089,20.820,43.652
2026-09-02T18:43:00,M02,12.408,2.002,27.015,20.607,44.444
2026-09-02T18:44:00,M02,12.605,1.918,27.406,20.852,45.820
2026-09-02T18:45:00,M02,12.667,2.109,26.808,20.821,44.042
2026-09-02T18:46:00,M02,12.647,1.997,26.924,20.981,45.151
2026-09-02T18:47:00,M02,12.558,1.933,27.059,21.027,47.718
2026-09-02T18:48:00,M02,12.747,1.977,26.741,20.893,43.442
2026-09-02T18:49:00,M02,12.547,1.967,27.227,20.617,45.694
2026-09-02T18:50:00,M02,12.674,2.023,27.019,20.985,45.509
2026-09-02T18:51:00,M02,12.583,2.076,27.024,20.787,45.340
2026-09-02T18:52:00,M02,12.553,1.959,26.806,20.714,46.306
2026-09-02T18:53:00,M02,12.607,2.107,26.825,20.866,45.527
2026-09-02T18:54:00,M02,12.670,2.017,26.937,20.444,42.032
2026-09-02T18:55:00,M02,12.573,1.984,27.078,20.933,44.826
2026-09-02T18:56:00,M02,12.529,2.023,27.200,20.736,43.617
2026-09-02T18:57:00,M02,12.600,1.981,27.046,21.201,44.403
2026-09-02T18:58:00,M02,12.804,2.095,26.998,20.564,43.640
2026-09-02T18:59:00,M02,12.533,1.958,26.806,20.796,46.086
2026-09-02T19:00:00,M02,12.647,1.971,27.053,20.815,45.092
2026-09-02T19:01:00,M02,12.816,2.016,27.206,20.967,44.447
2026-09-02T19:02:00,M02,12.728,2.004,27.065,20.981,47.846
2026-09-02T19:03:00,M02,12.720,2.012,27.124,20.724,43.974
2026-09-02T19:04:00,M02,12.735,2.060,27.070,21.090,47.802
2026-09-02T19:05:00,M02,12.418,2.017,27.213,20.802,45.737
2026-09-02T19:06:00,M02,12.610,1.997,27.209,20.769,45.627
2026-09-02T19:07:00,M02,12.612,2.042,26.896,20.663,45.824
2026-09-02T19:08:00,M02,12.781,2.012,26.866,20.541,44.987
2026-09-02T19:09:00,M02,12.664,1.951,26.631,20.718,43.864
2026-09-02T19:10:00,M02,12.534,2.029,27.183,20.735,43.092
2026-09-02T19:11:00,M02,12.695,2.007,27.031,20.603,44.659
2026-09-02T19:12:00,M02,12.592,2.060,27.003,20.886,43.936
2026-09-02T19:13:00,M02,12.689,1.930,26.959,20.558,44.749
2026-09-02T19:14:00,M02,12.723,2.020,26.980,20.793,47.456
2026-09-02T19:15:00,M02,12.732,1.939,26.859,20.996,44.351
2026-09-02T19:16:00,M02,12.644,1.969,26.899,20.825,42.733
2026-09-02T19:17:00,M02,12.767,1.975,26.989,20.838,45.247
2026-09-02T19:18:00,M02,12.674,2.016,26.964,20.977,45.368
2026-09-02T19:19:00,M02,12.600,2.031,26.949,20.518,46.468
2026-09-02T19:20:00,M02,12.519,2.000,27.017,20.438,46.772
2026-09-02T19:21:00,M02,12.613,1.967,27.074,20.874,44.854
2026-09-02T19:22:00,M02,12.604,1.949,27.303,20.491,45.069
2026-09-02T19:23:00,M02,12.647,1.929,27.046,21.012,46.304
2026-09-02T19:24:00,M02,12.503,2.029,26.880,20.919,44.256
2026-09-02T19:25:00,M02,12.775,1.993,27.096,20.781,44.625
2026-09-02T19:26:00,M02,12.564,2.021,26.831,20.784,43.198
2026-09-02T19:27:00,M02,12.534,2.025,26.846,20.632,44.866
2026-09-02T19:28:00,M02,12.638,2.010,26.941,21.006,43.412
2026-09-02T19:29:00,M02,12.551,2.059,27.077,20.626,43.993
2026-09-02T19:30:00,M02,12.653,2.041,26.939,20.520,44.733
2026-09-02T19:31:00,M02,12.572,2.069,27.196,20.632,44.173
2026-09-02T19:32:00,M02,12.765,2.017,27.170,20.490,43.491
2026-09-02T19:33:00,M02,12.627,1.994,26.896,20.520,45.117
2026-09-02T19:34:00,M02,12.643,1.914,26.874,20.924,44.233
2026-09-02T19:35:00,M02,12.618,2.008,27.015,20.543,42.977
2026-09-02T19:36:00,M02,12.697,2.041,27.119,20.957,45.582
2026-09-02T19:37:00,M02,12.647,1.952,26.937,20.572,45.302
2026-09-02T19:38:00,M02,12.720,2.064,27.221,20.494,44.397
2026-09-02T19:39:00,M02,12.592,2.096,26.991,21.046,45.878
2026-09-02T19:40:00,M02,12.494,1.991,26.943,20.993,45.264
2026-09-02T19:41:00,M02,12.441,2.086,27.067,20.526,43.593
2026-09-02T19:42:00,M02,12.630,1.965,26.839,20.824,45.827
2026-09-02T19:43:00,M02,12.581,1.995,26.919,20.616,46.535
2026-09-02T19:44:00,M02,12.592,1.955,27.074,20.483,46.104
2026-09-02T19:45:00,M02,12.653,1.949,26.938,20.767,44.330
2026-09-02T19:46:00,M02,12.702,1.958,27.194,20.881,45.561
2026-09-02T19:47:00,M02,12.504,1.993,27.124,20.665,44.038
2026-09-02T19:48:00,M02,12.650,1.959,27.077,20.858,44.267
2026-09-02T19:49:00,M02,12.661,1.935,27.108,20.687,43.745
2026-09-02T19:50:00,M02,12.692,1.972,27.088,20.786,44.393
2026-09-02T19:51:00,M02,12.648,2.001,27.030,20.451,45.959
2026-09-02T19:52:00,M02,12.593,1.929,27.031,20.681,45.383
2026-09-02T19:53:00,M02,12.758,2.023,26.955,20.440,47.115
2026-09-02T19:54:00,M02,12.688,2.030,27.071,20.928,44.924
2026-09-02T19:55:00,M02,12.614,1.992,27.130,20.833,42.843
2026-09-02T19:56:00,M02,12.644,2.018,27.113,21.066,45.324
2026-09-02T19:57:00,M02,12.589,1.942,26.961,20.695,42.485
2026-09-02T19:58:00,M02,12.540,2.042,26.945,20.697,44.948
2026-09-02T19:59:00,M02,12.489,1.984,26.937,20.738,45.250
2026-09-02T20:00:00,M02,12.797,2.073,26.926,20.606,45.326
2026-09-02T20:01:00,M02,12.567,2.149,26.979,20.957,44.726
2026-09-02T20:02:00,M02,12.511,2.027,27.087,20.826,43.708
2026-09-02T20:03:00,M02,12.482,1.963,26.817,21.000,45.944
2026-09-02T20:04:00,M02,12.567,2.001,26.961,20.846,45.672
2026-09-02T20:05:00,M02,12.682,1.966,27.285,20.544,45.961
2026-09-02T20:06:00,M02,12.617,1.941,26.911,20.918,46.173
2026-09-02T20:07:00,M02,12.598,2.038,26.887,20.740,46.254
2026-09-02T20:08:00,M02,12.478,1.960,26.995,20.983,44.556
2026-09-02T20:09:00,M02,12.732,1.982,26.878,20.914,45.589
2026-09-02T20:10:00,M02,12.408,1.952,26.889,20.836,42.316
2026-09-02T20:11:00,M02,12.471,1.949,27.089,20.639,45.381
2026-09-02T20:12:00,M02,12.654,2.020,27.148,21.152,46.076
2026-09-02T20:13:00,M02,12.635,2.094,26.976,20.892,44.727
2026-09-02T20:14:00,M02,12.665,2.022,26.968,20.776,45.513
2026-09-02T20:15:00,M02,12.706,2.022,27.021,20.678,44.765
2026-09-02T20:16:00,M02,12.616,2.041,27.366,20.595,43.800
2026-09-02T20:17:00,M02,12.565,1.977,26.937,21.118,43.777
2026-09-02T20:18:00,M02,12.687,2.022,26.860,20.950,45.986
2026-09-02T20:19:00,M02,12.641,2.007,26.936,20.420,46.151
2026-09-02T20:20:00,M02,12.715,1.971,26.919,20.756,44.949
2026-09-02T20:21:00,M02,12.506,2.013,26.970,20.799,43.217
2026-09-02T20:22:00,M02,12.603,1.997,26.861,20.639,45.386
2026-09-02T20:23:00,M02,12.559,1.944,26.924,20.679,43.869
2026-09-02T20:24:00,M02,12.641,1.976,27.012,20.788,44.330
2026-09-02T20:25:00,M02,12.682,2.060,27.016,20.563,43.326
2026-09-02T20:26:00,M02,12.653,1.974,26.992,20.668,46.603
2026-09-02T20:27:00,M02,12.709,2.111,26.963,20.529,46.810
2026-09-02T20:28:00,M02,12.559,2.058,26.884,20.770,45.820
2026-09-02T20:29:00,M02,12.789,1.998,27.062,20.675,45.028
2026-09-02T20:30:00,M02,12.630,2.092,27.063,20.872,44.937
2026-09-02T20:31:00,M02,12.611,2.006,26.731,21.085,43.908
2026-09-02T20:32:00,M02,12.700,2.063,26.910,20.793,45.359
2026-09-02T20:33:00,M02,12.704,1.889,26.938,20.818,42.639
2026-09-02T20:34:00,M02,12.601,1.994,27.042,20.895,44.419
2026-09-02T20:35:00,M02,12.543,1.980,27.128,20.904,45.731
2026-09-02T20:36:00,M02,12.645,1.977,26.963,20.861,44.701
2026-09-02T20:37:00,M02,12.609,2.040,26.977,20.701,44.896
2026-09-02T20:38:00,M02,12.602,1.995,27.035,20.807,45.527
2026-09-02T20:39:00,M02,12.609,2.031,26.811,20.757,44.498
2026-09-02T20:40:00,M02,12.549,2.002,27.028,21.080,45.766
2026-09-02T20:41:00,M02,12.506,2.018,27.060,20.769,44.375
2026-09-02T20:42:00,M02,12.542,2.046,26.851,20.790,43.928
2026-09-02T20:43:00,M02,12.602,1.983,27.106,20.636,44.353
2026-09-02T20:44:00,M02,12.721,2.021,26.919,20.867,44.054
2026-09-02T20:45:00,M02,12.527,1.984,27.063,20.909,46.607
2026-09-02T20:46:00,M02,12.611,1.928,27.249,20.856,44.958
2026-09-02T20:47:00,M02,12.583,2.031,27.163,20.736,46.479
2026-09-02T20:48:00,M02,12.572,2.108,26.945,20.581,44.555
2026-09-02T20:49:00,M02,12.559,2.035,27.214,20.830,46.135
2026-09-02T20:50:00,M02,12.540,1.979,26.962,21.055,45.874
2026-09-02T20:51:00,M02,12.542,1.889,27.094,20.762,45.519
2026-09-02T20:52:00,M02,12.579,1.990,26.957,20.753,44.909
2026-09-02T20:53:00,M02,12.396,2.049,26.831,20.962,44.946
2026-09-02T20:54:00,M02,12.716,1.952,27.014,20.779,44.653
2026-09-02T20:55:00,M02,12.653,1.950,26.741,20.838,47.227
2026-09-02T20:56:00,M02,12.352,1.979,27.067,21.037,46.146
2026-09-02T20:57:00,M02,12.635,1.943,27.109,20.863,45.033
2026-09-02T20:58:00,M02,12.624,2.034,26.867,20.713,44.803
2026-09-02T20:59:00,M02,12.641,2.028,27.222,20.741,42.951
2026-09-02T21:00:00,M02,12.723,1.999,26.903,20.752,44.927
2026-09-02T21:01:00,M02,12.641,1.927,27.159,20.624,45.515
2026-09-02T21:02:00,M02,12.670,1.960,27.198,20.482,44.822
2026-09-02T21:03:00,M02,12.558,1.994,27.060,20.549,43.843
2026-09-02T21:04:00,M02,12.659,2.033,27.212,20.714,42.837
2026-09-02T21:05:00,M02,12.591,1.988,27.136,21.073,44.573
2026-09-02T21:06:00,M02,12.477,1.975,27.135,20.615,44.099
2026-09-02T21:07:00,M02,12.649,1.935,26.881,21.174,48.090
2026-09-02T21:08:00,M02,12.578,1.992,27.096,20.853,46.159
2026-09-02T21:09:00,M02,12.604,2.007,27.319,20.700,46.644
2026-09-02T21:10:00,M02,12.382,2.024,27.000,20.808,44.599
2026-09-02T21:11:00,M02,12.655,1.949,26.967,20.585,44.942
2026-09-02T21:12:00,M02,12.575,1.901,27.085,20.504,45.039
2026-09-02T21:13:00,M02,12.582,1.964,26.950,20.695,46.492
2026-09-02T21:14:00,M02,12.602,2.042,26.815,20.975,43.415
2026-09-02T21:15:00,M02,12.508,2.013,27.027,20.609,44.983
2026-09-02T21:16:00,M02,12.650,2.015,26.861,20.891,44.835
2026-09-02T21:17:00,M02,12.549,2.033,26.792,20.966,46.068
2026-09-02T21:18:00,M02,12.692,2.008,27.047,20.947,44.560
2026-09-02T21:19:00,M02,12.718,2.007,27.011,20.912,43.507
2026-09-02T21:20:00,M02,12.472,1.987,27.195,20.750,45.525
2026-09-02T21:21:00,M02,12.694,2.037,26.930,20.783,44.596
2026-09-02T21:22:00,M02,12.716,2.043,27.149,20.714,44.919
2026-09-02T21:23:00,M02,12.724,2.020,27.048,20.995,43.864
2026-09-02T21:24:00,M02,12.618,2.039,26.993,20.864,45.027
2026-09-02T21:25:00,M02,12.491,1.968,27.238,20.728,43.877
2026-09-02T21:26:00,M02,12.723,2.031,27.230,20.851,45.196
2026-09-02T21:27:00,M02,12.690,2.015,26.853,21.003,47.089
2026-09-02T21:28:00,M02,12.523,1.986,27.091,20.519,46.525
2026-09-02T21:29:00,M02,12.532,1.958,27.037,20.691,47.235
2026-09-02T21:30:00,M02,12.684,2.080,26.728,20.542,44.783
2026-09-02T21:31:00,M02,12.826,1.994,26.924,20.851,44.896
2026-09-02T21:32:00,M02,12.581,1.997,27.084,21.010,44.316
2026-09-02T21:33:00,M02,12.787,1.973,26.912,20.452,45.614
2026-09-02T21:34:00,M02,12.719,1.986,26.965,20.585,45.897
2026-09-02T21:35:00,M02,12.725,2.014,26.916,20.973,43.166
2026-09-02T21:36:00,M02,12.613,2.033,27.037,20.901,46.000
2026-09-02T21:37:00,M02,12.574,1.999,26.879,20.647,45.557
2026-09-02T21:38:00,M02,12.598,1.939,27.056,20.561,44.233
2026-09-02T21:39:00,M02,12.576,1.989,26.811,21.007,47.038
2026-09-02T21:40:00,M02,12.589,1.964,26.831,20.812,45.906
2026-09-02T21:41:00,M02,12.623,2.058,26.860,20.883,43.642
2026-09-02T21:42:00,M02,12.597,1.992,27.023,20.908,47.022
2026-09-02T21:43:00,M02,12.510,1.997,27.068,20.853,43.854
2026-09-02T21:44:00,M02,12.569,1.987,26.992,20.848,44.441
2026-09-02T21:45:00,M02,12.516,2.096,27.102,20.537,44.719
2026-09-02T21:46:00,M02,12.545,2.021,27.158,20.674,44.894
2026-09-02T21:47:00,M02,12.684,2.040,27.154,20.608,45.900
2026-09-02T21:48:00,M02,12.620,2.066,27.192,20.892,46.612
2026-09-02T21:49:00,M02,12.543,2.099,26.754,20.871,45.840
2026-09-02T21:50:00,M02,12.739,1.994,27.103,20.806,43.091
2026-09-02T21:51:00,M02,12.589,2.030,27.165,20.581,47.469
2026-09-02T21:52:00,M02,12.743,2.062,27.002,20.797,45.275
2026-09-02T21:53:00,M02,12.538,1.957,27.155,20.665,45.619
2026-09-02T21:54:00,M02,12.733,2.064,27.072,20.806,44.845
2026-09-02T21:55:00,M02,12.611,1.990,27.093,20.977,46.041
2026-09-02T21:56:00,M02,12.654,1.980,26.914,20.869,46.369
2026-09-02T21:57:00,M02,12.585,2.062,26.932,20.644,47.009
2026-09-02T21:58:00,M02,12.737,1.967,27.094,21.180,44.057
2026-09-02T21:59:00,M02,12.831,1.981,26.821,21.055,45.331
2026-09-02T22:00:00,M02,12.661,1.946,27.010,20.526,46.580
2026-09-02T22:01:00,M02,12.591,1.944,27.000,20.523,44.713
2026-09-02T22:02:00,M02,12.529,1.959,27.101,20.524,44.385
2026-09-02T22:03:00,M02,12.703,1.955,27.328,20.523,41.703
2026-09-02T22:04:00,M02,12.750,2.014,27.319,21.079,46.253
2026-09-02T22:05:00,M02,12.634,1.991,26.862,20.668,44.276
2026-09-02T22:06:00,M02,12.452,1.948,27.054,20.493,41.544
2026-09-02T22:07:00,M02,12.576,2.036,27.180,20.680,44.859
2026-09-02T22:08:00,M02,12.765,2.003,27.008,21.052,46.359
2026-09-02T22:09:00,M02,12.526,2.054,26.575,21.020,46.609
2026-09-02T22:10:00,M02,12.464,1.933,26.941,20.459,44.201
2026-09-02T22:11:00,M02,12.487,1.957,27.050,20.734,44.562
2026-09-02T22:12:00,M02,12.579,1.988,27.074,20.880,48.101
2026-09-02T22:13:00,M02,12.563,1.947,26.702,20.582,44.375
2026-09-02T22:14:00,M02,12.662,2.020,26.879,20.695,44.760
2026-09-02T22:15:00,M02,12.471,1.976,26.851,20.691,45.630
2026-09-02T22:16:00,M02,12.515,1.956,27.175,21.186,44.295
2026-09-02T22:17:00,M02,12.735,1.981,27.117,20.614,45.904
2026-09-02T22:18:00,M02,12.585,1.971,27.105,20.922,45.575
2026-09-02T22:19:00,M02,12.730,2.063,27.013,20.481,45.063
2026-09-02T22:20:00,M02,12.661,2.063,27.234,20.923,45.283
2026-09-02T22:21:00,M02,12.741,2.007,27.114,20.722,46.019
2026-09-02T22:22:00,M02,12.590,1.946,27.089,20.766,46.754
2026-09-02T22:23:00,M02,12.599,1.999,26.898,20.641,46.291
2026-09-02T22:24:00,M02,12.438,2.004,26.948,20.677,44.456
2026-09-02T22:25:00,M02,12.552,1.993,26.780,21.015,45.125
2026-09-02T22:26:00,M02,12.576,2.030,26.917,20.631,45.845
2026-09-02T22:27:00,M02,12.456,2.003,26.980,20.526,44.027
2026-09-02T22:28:00,M02,12.501,1.990,26.989,21.104,44.683
2026-09-02T22:29:00,M02,12.697,1.912,26.867,21.048,46.491
2026-09-02T22:30:00,M02,12.509,1.986,26.953,20.676,44.744
2026-09-02T22:31:00,M02,12.522,1.938,27.161,21.218,46.753
2026-09-02T22:32:00,M02,12.715,2.069,26.929,20.762,44.073
2026-09-02T22:33:00,M02,12.566,1.981,27.079,20.835,45.544
2026-09-02T22:34:00,M02,12.620,2.005,27.084,20.464,45.843
2026-09-02T22:35:00,M02,12.576,2.039,27.058,20.890,45.507
2026-09-02T22:36:00,M02,12.643,2.012,26.852,20.913,45.176
2026-09-02T22:37:00,M02,12.594,2.042,27.079,20.699,45.579
2026-09-02T22:38:00,M02,12.577,1.942,26.998,20.720,47.019
2026-09-02T22:39:00,M02,12.609,1.979,27.135,20.777,45.636
2026-09-02T22:40:00,M02,12.528,1.981,27.204,20.670,46.022
2026-09-02T22:41:00,M02,12.586,2.031,27.019,20.684,43.561
2026-09-02T22:42:00,M02,12.574,1.913,27.210,20.498,44.738
2026-09-02T22:43:00,M02,12.695,1.970,27.173,20.882,45.321
2026-09-02T22:44:00,M02,12.728,1.968,26.819,20.644,46.271
2026-09-02T22:45:00,M02,12.630,1.937,26.776,20.862,44.817
2026-09-02T22:46:00,M02,12.531,2.031,27.105,21.008,46.572
2026-09-02T22:47:00,M02,12.455,1.989,27.061,20.705,46.386
2026-09-02T22:48:00,M02,12.505,1.964,26.785,21.129,45.473
2026-09-02T22:49:00,M02,12.662,2.033,26.934,20.961,44.489
2026-09-02T22:50:00,M02,12.478,2.017,26.887,21.003,44.813
2026-09-02T22:51:00,M02,12.580,1.989,27.048,20.431,45.225
2026-09-02T22:52:00,M02,12.575,2.040,27.105,21.050,47.405
2026-09-02T22:53:00,M02,12.613,2.049,27.102,20.910,46.195
2026-09-02T22:54:00,M02,12.620,1.996,27.162,20.586,44.888
2026-09-02T22:55:00,M02,12.561,1.991,26.963,20.805,46.810
2026-09-02T22:56:00,M02,12.599,2.021,27.064,20.836,45.158
2026-09-02T22:57:00,M02,12.617,1.990,26.754,20.516,44.457
2026-09-02T22:58:00,M02,12.528,1.989,26.852,20.441,45.004
2026-09-02T22:59:00,M02,12.676,1.946,27.121,20.771,43.967
2026-09-02T23:00:00,M02,12.514,1.967,26.857,20.766,45.813
2026-09-02T23:01:00,M02,12.819,2.051,27.024,20.857,42.815
2026-09-02T23:02:00,M02,12.714,1.964,27.053,20.666,44.897
2026-09-02T23:03:00,M02,12.624,1.948,26.968,20.690,45.142
2026-09-02T23:04:00,M02,12.484,2.076,27.013,21.182,45.420
2026-09-02T23:05:00,M02,12.584,2.032,27.252,20.904,44.709
2026-09-02T23:06:00,M02,12.628,2.010,26.913,20.958,46.821
2026-09-02T23:07:00,M02,12.531,2.014,27.106,21.067,45.050
2026-09-02T23:08:00,M02,12.451,1.976,26.924,20.806,45.279
2026-09-02T23:09:00,M02,12.645,2.012,26.873,20.676,44.908
2026-09-02T23:10:00,M02,12.577,2.069,27.163,20.653,44.898
2026-09-02T23:11:00,M02,12.455,1.980,27.016,21.093,42.585
2026-09-02T23:12:00,M02,12.747,2.037,26.890,20.376,44.464
2026-09-02T23:13:00,M02,12.694,2.027,27.190,20.581,43.354
2026-09-02T23:14:00,M02,12.637,1.982,26.928,20.936,44.133
2026-09-02T23:15:00,M02,12.609,2.019,26.877,20.772,45.624
2026-09-02T23:16:00,M02,12.638,1.956,27.097,20.830,45.668
2026-09-02T23:17:00,M02,12.607,2.049,27.134,20.647,45.628
2026-09-02T23:18:00,M02,12.603,2.030,26.877,20.715,46.548
2026-09-02T23:19:00,M02,12.614,1.950,26.658,21.094,45.612
2026-09-02T23:20:00,M02,12.548,2.006,27.032,20.570,46.034
2026-09-02T23:21:00,M02,12.635,2.010,27.090,21.351,44.333
2026-09-02T23:22:00,M02,12.674,2.003,27.015,20.958,43.450
2026-09-02T23:23:00,M02,12.770,1.992,26.837,20.936,46.194
2026-09-02T23:24:00,M02,12.615,1.997,26.940,20.899,47.553
2026-09-02T23:25:00,M02,12.617,1.952,26.799,21.232,45.663
2026-09-02T23:26:00,M02,12.553,2.013,27.027,20.813,45.897
2026-09-02T23:27:00,M02,12.472,1.969,27.336,20.589,45.471
2026-09-02T23:28:00,M02,12.604,2.003,27.067,21.124,44.654
2026-09-02T23:29:00,M02,12.485,1.967,26.930,21.122,44.047
2026-09-02T23:30:00,M02,12.690,2.071,27.220,20.930,46.551
2026-09-02T23:31:00,M02,12.415,1.997,27.138,21.123,45.444
2026-09-02T23:32:00,M02,12.675,2.043,26.930,20.659,45.943
2026-09-02T23:33:00,M02,12.631,2.068,26.897,20.663,45.680
2026-09-02T23:34:00,M02,12.640,1.977,27.065,20.870,45.245
2026-09-02T23:35:00,M02,12.705,1.987,26.916,20.501,44.316
2026-09-02T23:36:00,M02,12.591,2.049,26.901,20.718,44.714
2026-09-02T23:37:00,M02,12.650,1.887,26.928,20.923,44.702
2026-09-02T23:38:00,M02,12.738,2.044,26.956,20.677,46.025
2026-09-02T23:39:00,M02,12.409,2.027,27.044,20.684,44.566
2026-09-02T23:40:00,M02,12.428,1.961,26.854,20.711,45.834
2026-09-02T23:41:00,M02,12.437,2.069,26.980,20.603,44.783
2026-09-02T23:42:00,M02,12.696,1.981,26.880,20.527,43.474
2026-09-02T23:43:00,M02,12.521,1.994,27.071,20.712,43.795
2026-09-02T23:44:00,M02,12.594,1.984,27.117,20.540,44.873
2026-09-02T23:45:00,M02,12.629,2.055,26.982,20.742,44.108
2026-09-02T23:46:00,M02,12.490,1.990,27.224,20.868,45.110
2026-09-02T23:47:00,M02,12.638,2.004,27.069,20.378,45.272
2026-09-02T23:48:00,M02,12.378,1.994,27.057,20.610,43.634
2026-09-02T23:49:00,M02,12.744,2.022,26.844,21.060,45.586
2026-09-02T23:50:00,M02,12.727,1.955,26.966,20.567,44.524
2026-09-02T23:51:00,M02,12.765,2.065,27.153,20.740,45.601
2026-09-02T23:52:00,M02,12.627,2.020,26.976,20.858,46.283
2026-09-02T23:53:00,M02,12.560,2.034,26.726,20.621,44.409
2026-09-02T23:54:00,M02,12.657,2.044,26.992,20.747,43.874
2026-09-02T23:55:00,M02,12.536,1.970,26.809,20.840,44.889
2026-09-02T23:56:00,M02,12.448,2.012,27.027,20.497,44.732
2026-09-02T23:57:00,M02,12.692,1.984,27.149,20.815,44.681
2026-09-02T23:58:00,M02,12.622,1.998,27.167,20.761,46.053
2026-09-02T23:59:00,M02,12.505,2.067,27.085,20.749,47.249
2026-09-03T00:00:00,M02,12.023,1.739,24.355,19.968,45.419
2026-09-03T00:01:00,M02,12.011,1.813,24.256,19.719,45.452
2026-09-03T00:02:00,M02,12.153,1.827,24.274,19.980,46.053
2026-09-03T00:03:00,M02,12.054,1.897,24.122,19.848,44.616
2026-09-03T00:04:00,M02,12.013,1.853,24.187,20.055,43.247
2026-09-03T00:05:00,M02,12.219,1.788,24.515,20.215,43.173
2026-09-03T00:06:00,M02,12.242,1.794,24.673,20.097,46.134
2026-09-03T00:07:00,M02,12.179,1.742,24.783,20.210,44.480
2026-09-03T00:08:00,M02,12.114,1.776,24.563,20.229,46.277
2026-09-03T00:09:00,M02,12.203,1.909,24.733,20.007,44.807
2026-09-03T00:10:00,M02,12.110,1.816,24.872,19.964,45.233
2026-09-03T00:11:00,M02,12.150,1.878,25.020,20.061,43.390
2026-09-03T00:12:00,M02,12.193,1.843,24.811,20.085,43.855
2026-09-03T00:13:00,M02,12.219,1.842,24.973,20.470,45.797
2026-09-03T00:14:00,M02,12.311,1.834,25.025,20.373,45.608
2026-09-03T00:15:00,M02,12.351,1.917,25.128,20.458,44.243
2026-09-03T00:16:00,M02,12.226,1.934,25.254,20.516,43.749
2026-09-03T00:17:00,M02,12.326,1.808,25.509,20.712,44.860
2026-09-03T00:18:00,M02,12.381,1.924,25.491,20.615,44.163
2026-09-03T00:19:00,M02,12.336,1.948,25.438,20.437,46.333
2026-09-03T00:20:00,M02,12.293,1.901,25.474,20.209,43.436
2026-09-03T00:21:00,M02,12.344,1.870,25.556,20.344,44.798
2026-09-03T00:22:00,M02,12.185,1.911,25.404,20.202,45.454
2026-09-03T00:23:00,M02,12.300,1.971,25.347,20.536,44.537
2026-09-03T00:24:00,M02,12.240,1.865,25.662,20.154,44.114
2026-09-03T00:25:00,M02,12.403,1.933,25.750,20.424,44.216
2026-09-03T00:26:00,M02,12.471,1.922,25.887,20.505,44.843
2026-09-03T00:27:00,M02,12.239,2.003,25.962,20.217,45.403
2026-09-03T00:28:00,M02,12.463,1.975,25.758,20.725,45.285
2026-09-03T00:29:00,M02,12.435,1.861,25.683,20.689,44.364
2026-09-03T00:30:00,M02,12.382,1.960,25.704,20.515,46.999
2026-09-03T00:31:00,M02,12.356,1.915,26.078,20.649,46.621
2026-09-03T00:32:00,M02,12.271,1.962,26.005,20.741,45.556
2026-09-03T00:33:00,M02,12.462,1.903,26.061,20.391,45.600
2026-09-03T00:34:00,M02,12.405,1.902,26.080,20.584,45.429
2026-09-03T00:35:00,M02,12.335,1.959,26.039,20.580,46.443
2026-09-03T00:36:00,M02,12.593,1.958,26.177,20.714,43.803
2026-09-03T00:37:00,M02,12.470,1.957,26.286,20.890,44.477
2026-09-03T00:38:00,M02,12.338,1.916,26.287,20.447,44.756
2026-09-03T00:39:00,M02,12.319,1.928,26.062,20.386,44.485
2026-09-03T00:40:00,M02,12.375,1.998,26.420,20.977,47.613
2026-09-03T00:41:00,M02,12.410,1.912,26.018,20.410,44.976
2026-09-03T00:42:00,M02,12.388,2.050,26.222,20.904,45.702
2026-09-03T00:43:00,M02,12.517,1.985,26.400,20.648,44.718
2026-09-03T00:44:00,M02,12.508,1.968,26.451,20.488,44.088
2026-09-03T00:45:00,M02,12.488,1.914,26.509,20.724,46.035
2026-09-03T00:46:00,M02,12.377,1.871,26.119,20.684,42.803
2026-09-03T00:47:00,M02,12.435,1.993,26.559,20.852,44.646
2026-09-03T00:48:00,M02,12.259,1.967,26.391,20.726,43.240
2026-09-03T00:49:00,M02,12.518,1.993,26.465,20.527,43.725
2026-09-03T00:50:00,M02,12.541,1.950,26.435,20.575,45.249
2026-09-03T00:51:00,M02,12.373,1.998,26.460,20.399,47.740
2026-09-03T00:52:00,M02,12.394,2.039,26.392,20.566,44.520
2026-09-03T00:53:00,M02,12.564,1.925,26.597,20.603,44.513
2026-09-03T00:54:00,M02,12.355,1.966,26.602,20.560,45.423
2026-09-03T00:55:00,M02,12.623,1.925,26.544,20.995,42.688
2026-09-03T00:56:00,M02,12.673,2.026,26.586,20.703,44.165
2026-09-03T00:57:00,M02,12.389,1.926,26.668,20.704,45.643
2026-09-03T00:58:00,M02,12.608,2.099,26.504,20.554,45.451
2026-09-03T00:59:00,M02,12.502,1.926,26.702,20.682,46.269
2026-09-03T01:00:00,M02,12.449,1.952,26.551,20.312,44.901
2026-09-03T01:01:00,M02,12.307,1.982,26.740,21.026,43.346
2026-09-03T01:02:00,M02,12.445,2.003,26.526,20.778,45.120
2026-09-03T01:03:00,M02,12.633,1.932,26.444,20.513,44.931
2026-09-03T01:04:00,M02,12.485,2.018,26.592,20.910,44.234
2026-09-03T01:05:00,M02,12.514,1.980,26.759,20.733,44.066
2026-09-03T01:06:00,M02,12.407,1.967,26.729,20.910,44.312
2026-09-03T01:07:00,M02,12.497,2.029,26.774,20.742,46.759
2026-09-03T01:08:00,M02,12.513,2.025,26.601,20.617,45.149
2026-09-03T01:09:00,M02,12.509,2.044,26.569,20.675,45.995
2026-09-03T01:10:00,M02,12.563,1.960,26.713,20.794,45.315
2026-09-03T01:11:00,M02,12.396,1.971,26.776,20.605,44.337
2026-09-03T01:12:00,M02,12.310,2.006,26.591,20.998,44.257
2026-09-03T01:13:00,M02,12.548,1.974,26.551,20.607,44.938
2026-09-03T01:14:00,M02,12.687,1.998,26.421,20.881,45.103
2026-09-03T01:15:00,M02,12.488,1.996,26.828,20.842,45.586
2026-09-03T01:16:00,M02,12.487,2.012,26.975,20.604,43.613
2026-09-03T01:17:00,M02,12.662,1.968,26.788,20.391,46.422
2026-09-03T01:18:00,M02,12.543,2.015,26.715,20.901,45.596
2026-09-03T01:19:00,M02,12.311,1.951,26.891,20.760,46.084
2026-09-03T01:20:00,M02,12.662,1.953,26.931,20.642,44.770
2026-09-03T01:21:00,M02,12.627,2.071,26.631,20.710,43.657
2026-09-03T01:22:00,M02,12.681,2.012,26.659,20.560,44.298
2026-09-03T01:23:00,M02,12.706,2.051,26.807,20.861,46.281
2026-09-03T01:24:00,M02,12.584,1.969,26.900,21.131,45.278
2026-09-03T01:25:00,M02,12.571,1.941,26.673,20.845,46.292
2026-09-03T01:26:00,M02,12.561,2.027,27.228,20.821,44.054
2026-09-03T01:27:00,M02,12.430,1.978,26.751,20.884,45.400
2026-09-03T01:28:00,M02,12.687,2.012,26.802,20.762,44.813
2026-09-03T01:29:00,M02,12.536,2.003,26.997,20.608,46.450
2026-09-03T01:30:00,M02,12.679,1.939,26.775,20.733,44.105
2026-09-03T01:31:00,M02,12.380,1.927,26.928,20.749,41.996
2026-09-03T01:32:00,M02,12.596,2.004,26.826,20.572,45.081
2026-09-03T01:33:00,M02,12.716,1.949,26.727,20.822,45.611
2026-09-03T01:34:00,M02,12.383,1.943,27.051,20.806,44.755
2026-09-03T01:35:00,M02,12.645,2.028,26.682,20.913,44.503
2026-09-03T01:36:00,M02,12.494,2.056,26.848,20.993,46.476
2026-09-03T01:37:00,M02,12.573,1.938,26.795,20.836,43.416
2026-09-03T01:38:00,M02,12.567,2.027,26.947,20.504,46.806
2026-09-03T01:39:00,M02,12.660,1.992,26.742,20.700,46.729
2026-09-03T01:40:00,M02,12.464,2.020,27.093,20.683,45.159
2026-09-03T01:41:00,M02,12.662,1.956,26.903,20.775,42.693
2026-09-03T01:42:00,M02,12.587,1.934,26.664,20.636,46.590
2026-09-03T01:43:00,M02,12.571,2.026,26.903,20.986,42.996
2026-09-03T01:44:00,M02,12.599,1.940,27.136,20.601,44.233
2026-09-03T01:45:00,M02,12.516,2.032,26.925,20.826,44.437
2026-09-03T01:46:00,M02,12.581,1.899,26.911,20.603,45.400
2026-09-03T01:47:00,M02,12.600,1.967,27.010,20.749,45.797
2026-09-03T01:48:00,M02,12.592,2.030,26.671,20.905,45.788
2026-09-03T01:49:00,M02,12.724,2.048,27.157,20.666,47.728
2026-09-03T01:50:00,M02,12.676,1.983,26.809,20.895,45.968
2026-09-03T01:51:00,M02,12.654,1.986,26.732,20.712,44.567
2026-09-03T01:52:00,M02,12.557,2.029,27.091,20.759,45.372
2026-09-03T01:53:00,M02,12.479,1.992,26.725,20.749,47.111
2026-09-03T01:54:00,M02,12.546,2.028,26.934,21.006,46.260
2026-09-03T01:55:00,M02,12.611,2.049,26.742,20.762,45.452
2026-09-03T01:56:00,M02,12.559,1.985,26.873,20.976,47.687
2026-09-03T01:57:00,M02,12.687,2.033,26.834,20.875,44.474
2026-09-03T01:58:00,M02,12.537,2.076,26.838,21.091,45.946
2026-09-03T01:59:00,M02,12.678,2.008,26.788,20.664,44.465
2026-09-03T02:00:00,M02,12.758,1.993,27.034,20.755,46.206
2026-09-03T02:01:00,M02,12.571,2.090,27.006,21.143,44.438
2026-09-03T02:02:00,M02,12.730,1.977,26.962,20.798,45.567
2026-09-03T02:03:00,M02,12.569,2.071,26.864,20.559,43.716
2026-09-03T02:04:00,M02,12.698,1.995,26.767,20.792,45.933
2026-09-03T02:05:00,M02,12.635,2.017,27.220,20.790,44.845
2026-09-03T02:06:00,M02,12.636,2.023,26.935,20.870,43.651
2026-09-03T02:07:00,M02,12.775,2.027,27.084,20.801,45.231
2026-09-03T02:08:00,M02,12.487,2.037,27.085,21.103,43.150
2026-09-03T02:09:00,M02,12.670,1.960,26.837,20.625,45.613
2026-09-03T02:10:00,M02,12.660,1.956,26.799,20.812,44.970
2026-09-03T02:11:00,M02,12.690,2.022,26.715,20.720,43.941
2026-09-03T02:12:00,M02,12.741,1.956,27.059,20.852,44.332
2026-09-03T02:13:00,M02,12.563,1.971,27.184,20.844,45.220
2026-09-03T02:14:00,M02,12.538,2.045,27.039,20.940,45.087
2026-09-03T02:15:00,M02,12.575,2.062,26.999,21.083,44.465
2026-09-03T02:16:00,M02,12.419,2.035,26.852,20.763,44.604
2026-09-03T02:17:00,M02,12.535,1.989,26.924,20.896,46.096
2026-09-03T02:18:00,M02,12.584,2.053,26.881,21.025,46.341
2026-09-03T02:19:00,M02,12.771,2.060,27.095,20.970,45.407
2026-09-03T02:20:00,M02,12.699,2.120,27.026,20.686,44.687
2026-09-03T02:21:00,M02,12.691,1.988,26.928,20.800,45.070
2026-09-03T02:22:00,M02,12.568,2.004,26.886,20.755,46.738
2026-09-03T02:23:00,M02,12.407,2.116,26.699,20.916,44.757
2026-09-03T02:24:00,M02,12.512,1.990,26.865,20.295,45.958
2026-09-03T02:25:00,M02,12.696,1.959,27.261,20.709,46.104
2026-09-03T02:26:00,M02,12.681,1.929,26.783,20.762,44.882
2026-09-03T02:27:00,M02,12.581,2.036,27.064,20.840,45.082
2026-09-03T02:28:00,M02,12.656,1.968,26.774,20.442,46.151
2026-09-03T02:29:00,M02,12.700,1.975,26.986,21.032,44.814
2026-09-03T02:30:00,M02,12.466,1.975,27.147,20.890,46.187
2026-09-03T02:31:00,M02,12.554,1.948,26.913,21.187,44.048
2026-09-03T02:32:00,M02,12.573,1.929,27.125,20.850,43.750
2026-09-03T02:33:00,M02,12.638,1.937,27.043,20.714,44.587
2026-09-03T02:34:00,M02,12.639,2.010,26.887,20.528,42.846
2026-09-03T02:35:00,M02,12.777,1.983,27.265,20.575,46.191
2026-09-03T02:36:00,M02,12.555,2.011,26.763,20.652,44.009
2026-09-03T02:37:00,M02,12.508,1.943,27.164,20.644,46.114
2026-09-03T02:38:00,M02,12.583,1.963,27.060,20.451,47.011
2026-09-03T02:39:00,M02,12.470,2.056,26.716,20.806,44.508
2026-09-03T02:40:00,M02,12.465,1.998,26.708,20.546,44.128
2026-09-03T02:41:00,M02,12.600,1.975,27.135,20.625,47.533
2026-09-03T02:42:00,M02,12.555,2.015,26.947,20.982,44.510
2026-09-03T02:43:00,M02,12.482,1.965,27.055,21.091,46.272
2026-09-03T02:44:00,M02,12.445,2.026,26.943,20.627,46.095
2026-09-03T02:45:00,M02,12.614,1.975,26.728,20.711,44.970
2026-09-03T02:46:00,M02,12.607,2.030,27.024,20.859,47.510
2026-09-03T02:47:00,M02,12.564,1.941,26.805,20.575,45.850
2026-09-03T02:48:00,M02,12.532,1.974,26.928,20.629,44.376
2026-09-03T02:49:00,M02,12.524,2.079,26.701,20.748,45.383
2026-09-03T02:50:00,M02,12.475,2.009,26.779,20.830,45.604
2026-09-03T02:51:00,M02,12.599,2.067,26.842,20.448,44.109
2026-09-03T02:52:00,M02,12.610,1.943,26.909,21.029,42.201
2026-09-03T02:53:00,M02,12.652,1.966,27.100,20.935,43.831
2026-09-03T02:54:00,M02,12.587,2.002,27.079,20.720,45.596
2026-09-03T02:55:00,M02,12.567,1.972,26.943,20.820,47.209
2026-09-03T02:56:00,M02,12.547,1.975,26.674,20.625,45.342
2026-09-03T02:57:00,M02,12.610,1.961,26.862,20.859,44.537
2026-09-03T02:58:00,M02,12.696,2.014,27.055,20.727,44.479
2026-09-03T02:59:00,M02,12.563,2.018,27.021,20.905,44.107
2026-09-03T03:00:00,M02,12.691,1.975,27.191,21.147,44.716
2026-09-03T03:01:00,M02,12.532,1.976,27.002,20.949,44.786
2026-09-03T03:02:00,M02,12.527,2.048,27.159,20.350,46.074
2026-09-03T03:03:00,M02,12.702,1.963,26.938,21.104,44.159
2026-09-03T03:04:00,M02,12.536,1.978,26.892,21.038,43.198
2026-09-03T03:05:00,M02,12.700,1.949,27.113,20.615,45.301
2026-09-03T03:06:00,M02,12.542,2.054,26.899,21.184,46.342
2026-09-03T03:07:00,M02,12.581,1.960,26.979,20.952,43.337
2026-09-03T03:08:00,M02,12.592,1.994,27.012,20.977,46.039
2026-09-03T03:09:00,M02,12.603,2.042,26.977,20.396,44.220
2026-09-03T03:10:00,M02,12.671,1.942,26.950,20.784,45.090
2026-09-03T03:11:00,M02,12.490,2.031,27.228,20.612,43.927
2026-09-03T03:12:00,M02,12.515,2.000,26.828,20.553,47.577
2026-09-03T03:13:00,M02,12.789,1.954,27.149,20.972,45.340
2026-09-03T03:14:00,M02,12.768,1.941,27.031,20.744,42.854
2026-09-03T03:15:00,M02,12.561,2.016,26.912,20.671,45.604
2026-09-03T03:16:00,M02,12.655,1.978,27.036,21.019,45.530
2026-09-03T03:17:00,M02,12.636,2.073,27.045,20.587,46.194
2026-09-03T03:18:00,M02,12.384,1.915,26.801,20.726,44.512
2026-09-03T03:19:00,M02,12.536,1.999,27.074,21.100,44.810
2026-09-03T03:20:00,M02,12.537,2.005,27.004,20.636,45.417
2026-09-03T03:21:00,M02,12.391,1.985,26.803,20.572,43.860
2026-09-03T03:22:00,M02,12.353,1.989,26.779,20.895,46.161
2026-09-03T03:23:00,M02,12.636,1.928,27.082,20.695,45.638
2026-09-03T03:24:00,M02,12.475,2.011,26.719,20.703,46.512
2026-09-03T03:25:00,M02,12.639,1.941,26.935,21.203,42.809
2026-09-03T03:26:00,M02,12.633,2.008,27.052,20.914,45.624
2026-09-03T03:27:00,M02,12.604,2.052,26.813,20.771,45.164
2026-09-03T03:28:00,M02,12.546,1.996,26.903,21.022,42.955
2026-09-03T03:29:00,M02,12.529,2.088,27.164,20.643,44.969
2026-09-03T03:30:00,M02,12.459,1.977,26.919,21.079,45.864
2026-09-03T03:31:00,M02,12.510,2.049,27.124,21.030,44.686
2026-09-03T03:32:00,M02,12.820,1.979,26.891,20.924,44.290
2026-09-03T03:33:00,M02,12.635,1.998,26.708,21.037,44.666
2026-09-03T03:34:00,M02,12.580,1.987,27.079,21.176,44.396
2026-09-03T03:35:00,M02,12.649,2.045,26.961,21.132,45.048
2026-09-03T03:36:00,M02,12.613,2.005,27.116,20.966,45.012
2026-09-03T03:37:00,M02,12.751,2.020,27.083,20.887,44.808
2026-09-03T03:38:00,M02,12.602,2.001,26.832,20.754,42.160
2026-09-03T03:39:00,M02,12.674,2.099,27.118,20.879,43.056
2026-09-03T03:40:00,M02,12.505,1.945,26.918,20.854,45.578
2026-09-03T03:41:00,M02,12.578,2.003,27.318,20.662,44.552
2026-09-03T03:42:00,M02,12.753,1.982,26.810,20.620,45.557
2026-09-03T03:43:00,M02,12.750,1.949,27.163,20.740,44.633
2026-09-03T03:44:00,M02,12.626,1.961,26.793,21.113,46.342
2026-09-03T03:45:00,M02,12.632,2.042,26.705,21.049,46.479
2026-09-03T03:46:00,M02,12.508,1.953,27.035,20.719,43.631
2026-09-03T03:47:00,M02,12.513,2.074,26.943,20.772,43.317
2026-09-03T03:48:00,M02,12.621,1.899,27.000,20.892,45.656
2026-09-03T03:49:00,M02,12.698,1.968,27.101,21.022,46.442
2026-09-03T03:50:00,M02,12.794,2.040,26.953,21.043,46.082
2026-09-03T03:51:00,M02,12.670,2.001,27.066,20.747,45.703
2026-09-03T03:52:00,M02,12.735,2.004,27.089,20.778,44.460
2026-09-03T03:53:00,M02,12.727,1.908,26.825,20.474,44.126
2026-09-03T03:54:00,M02,12.766,1.987,27.006,20.660,45.472
2026-09-03T03:55:00,M02,12.364,1.978,26.757,20.708,44.391
2026-09-03T03:56:00,M02,12.501,2.029,27.034,21.172,45.620
2026-09-03T03:57:00,M02,12.570,2.067,27.044,20.913,43.207
2026-09-03T03:58:00,M02,12.647,1.919,27.178,20.717,45.503
2026-09-03T03:59:00,M02,12.430,2.061,27.050,20.483,45.525
2026-09-03T04:00:00,M02,12.623,1.947,27.317,20.527,46.001
2026-09-03T04:01:00,M02,12.645,1.895,27.162,20.912,42.859
2026-09-03T04:02:00,M02,12.525,2.014,26.982,20.658,45.457
2026-09-03T04:03:00,M02,12.530,2.020,26.977,20.764,44.133
2026-09-03T04:04:00,M02,12.555,2.039,27.036,20.445,44.997
2026-09-03T04:05:00,M02,12.521,2.083,26.878,20.972,43.703
2026-09-03T04:06:00,M02,12.524,1.958,26.894,21.031,43.878
2026-09-03T04:07:00,M02,12.543,1.966,27.062,20.747,45.443
2026-09-03T04:08:00,M02,12.561,1.988,27.306,21.126,45.442
2026-09-03T04:09:00,M02,12.538,1.967,26.839,20.586,42.656
2026-09-03T04:10:00,M02,12.574,1.996,26.945,20.812,46.546
2026-09-03T04:11:00,M02,12.654,2.024,26.904,20.926,46.832
2026-09-03T04:12:00,M02,12.547,2.017,27.048,20.655,44.956
2026-09-03T04:13:00,M02,12.563,2.078,26.958,20.818,47.020
2026-09-03T04:14:00,M02,12.430,2.051,26.671,20.766,45.406
2026-09-03T04:15:00,M02,12.628,1.956,26.842,20.805,48.283
2026-09-03T04:16:00,M02,12.638,2.006,27.084,21.047,44.866
2026-09-03T04:17:00,M02,12.677,1.961,26.953,20.706,44.602
2026-09-03T04:18:00,M02,12.659,2.005,26.997,20.832,42.910
2026-09-03T04:19:00,M02,12.573,1.934,27.033,20.702,45.664
2026-09-03T04:20:00,M02,12.509,2.042,27.240,21.189,44.321
2026-09-03T04:21:00,M02,12.474,1.975,26.883,20.757,43.684
2026-09-03T04:22:00,M02,12.627,1.971,27.173,20.794,44.764
2026-09-03T04:23:00,M02,12.631,1.963,26.896,21.082,44.638
2026-09-03T04:24:00,M02,12.586,2.004,27.222,20.903,46.197
2026-09-03T04:25:00,M02,12.517,2.104,27.092,20.693,44.711
2026-09-03T04:26:00,M02,12.601,1.986,26.738,20.774,45.741
2026-09-03T04:27:00,M02,12.456,1.983,27.069,21.128,45.531
2026-09-03T04:28:00,M02,12.603,2.022,26.909,20.800,45.950
2026-09-03T04:29:00,M02,12.655,2.052,27.154,20.754,45.663
2026-09-03T04:30:00,M02,12.662,1.924,27.155,20.961,44.486
2026-09-03T04:31:00,M02,12.544,2.018,27.068,20.545,46.229
2026-09-03T04:32:00,M02,12.605,1.922,27.296,20.660,45.761
2026-09-03T04:33:00,M02,12.468,2.026,27.042,20.775,47.199
2026-09-03T04:34:00,M02,12.558,1.979,26.908,20.724,44.800
2026-09-03T04:35:00,M02,12.649,1.939,27.051,20.915,44.386
2026-09-03T04:36:00,M02,12.631,2.014,26.950,21.208,44.456
2026-09-03T04:37:00,M02,12.738,1.991,27.104,20.843,44.325
2026-09-03T04:38:00,M02,12.521,1.990,27.117,20.695,43.211
2026-09-03T04:39:00,M02,12.670,1.982,27.008,20.718,46.571
2026-09-03T04:40:00,M02,12.512,1.990,26.837,21.199,46.530
2026-09-03T04:41:00,M02,12.615,2.029,26.945,20.666,45.545
2026-09-03T04:42:00,M02,12.392,1.979,27.073,20.827,45.973
2026-09-03T04:43:00,M02,12.572,1.937,26.926,20.757,43.605
2026-09-03T04:44:00,M02,12.566,2.060,26.970,20.882,44.967
2026-09-03T04:45:00,M02,12.683,2.019,27.031,20.741,44.186
2026-09-03T04:46:00,M02,12.676,1.914,26.973,20.525,43.935
2026-09-03T04:47:00,M02,12.564,2.067,26.977,20.870,46.167
2026-09-03T04:48:00,M02,12.496,1.991,27.055,20.494,47.741
2026-09-03T04:49:00,M02,12.583,1.997,27.020,20.831,46.671
2026-09-03T04:50:00,M02,12.506,1.980,27.079,20.690,44.119
2026-09-03T04:51:00,M02,12.639,2.090,26.978,20.800,45.212
2026-09-03T04:52:00,M02,12.536,2.014,27.017,20.493,45.326
2026-09-03T04:53:00,M02,12.712,2.041,27.060,20.479,43.870
2026-09-03T04:54:00,M02,12.649,1.975,26.935,20.926,46.272
2026-09-03T04:55:00,M02,12.513,2.106,26.792,20.695,46.202
2026-09-03T04:56:00,M02,12.556,1.954,27.114,20.635,44.640
2026-09-03T04:57:00,M02,12.592,2.030,26.929,20.687,44.394
2026-09-03T04:58:00,M02,12.585,1.982,27.214,20.972,46.487
2026-09-03T04:59:00,M02,12.484,1.948,26.918,20.803,47.047
2026-09-03T05:00:00,M02,12.620,1.927,26.919,20.762,44.761
2026-09-03T05:01:00,M02,12.593,1.974,26.753,21.140,44.962
2026-09-03T05:02:00,M02,12.648,1.987,27.191,20.810,44.708
2026-09-03T05:03:00,M02,12.526,1.968,26.926,20.728,44.648
2026-09-03T05:04:00,M02,12.748,2.027,26.944,21.045,44.530
2026-09-03T05:05:00,M02,12.644,2.071,27.283,21.169,43.321
2026-09-03T05:06:00,M02,12.657,1.884,27.097,20.691,43.874
2026-09-03T05:07:00,M02,12.535,1.978,26.962,20.747,46.313
2026-09-03T05:08:00,M02,12.619,2.033,26.883,20.770,44.924
2026-09-03T05:09:00,M02,12.568,1.938,26.804,20.836,47.072
2026-09-03T05:10:00,M02,12.532,2.035,26.808,20.942,44.556
2026-09-03T05:11:00,M02,12.488,2.098,26.969,20.666,45.380
2026-09-03T05:12:00,M02,12.585,1.967,26.909,20.900,43.286
2026-09-03T05:13:00,M02,12.439,1.956,27.054,20.926,45.683
2026-09-03T05:14:00,M02,12.578,1.971,26.987,20.812,45.492
2026-09-03T05:15:00,M02,12.582,1.968,27.024,21.209,45.952
2026-09-03T05:16:00,M02,12.623,2.016,26.875,20.764,44.663
2026-09-03T05:17:00,M02,12.568,1.949,27.009,20.931,46.324
2026-09-03T05:18:00,M02,12.542,1.880,27.094,20.923,45.858
2026-09-03T05:19:00,M02,12.709,2.010,27.172,20.816,46.074
2026-09-03T05:20:00,M02,12.695,1.979,27.220,20.782,44.903
2026-09-03T05:21:00,M02,12.504,2.033,26.832,20.807,43.675
2026-09-03T05:22:00,M02,12.543,1.932,26.950,20.502,44.051
2026-09-03T05:23:00,M02,12.745,2.064,26.672,20.567,42.751
2026-09-03T05:24:00,M02,12.480,2.082,26.994,21.029,45.234
2026-09-03T05:25:00,M02,12.699,1.931,26.973,20.847,45.622
2026-09-03T05:26:00,M02,12.693,2.056,27.139,21.053,47.572
2026-09-03T05:27:00,M02,12.539,1.915,26.738,20.471,44.882
2026-09-03T05:28:00,M02,12.615,1.955,27.168,20.744,43.587
2026-09-03T05:29:00,M02,12.678,2.029,27.115,21.028,45.210
2026-09-03T05:30:00,M02,12.817,2.058,27.030,20.916,47.382
2026-09-03T05:31:00,M02,12.596,1.988,26.756,20.817,45.703
2026-09-03T05:32:00,M02,12.639,1.982,26.857,20.959,45.377
2026-09-03T05:33:00,M02,12.435,1.947,26.852,20.957,43.208
2026-09-03T05:34:00,M02,12.673,1.997,26.967,20.736,43.771
2026-09-03T05:35:00,M02,12.676,1.987,26.969,20.771,45.184
2026-09-03T05:36:00,M02,12.483,2.008,26.840,20.996,46.182
2026-09-03T05:37:00,M02,12.555,2.007,27.134,20.448,45.396
2026-09-03T05:38:00,M02,12.584,1.996,27.030,20.951,45.871
2026-09-03T05:39:00,M02,12.473,1.969,27.122,20.743,43.805
2026-09-03T05:40:00,M02,12.519,1.907,27.134,20.997,45.122
2026-09-03T05:41:00,M02,12.699,2.003,27.218,20.690,46.664
2026-09-03T05:42:00,M02,12.416,1.974,26.921,20.846,44.743
2026-09-03T05:43:00,M02,12.518,2.011,26.930,20.765,44.197
2026-09-03T05:44:00,M02,12.514,1.946,27.193,20.662,45.197
2026-09-03T05:45:00,M02,12.505,2.005,27.043,20.988,45.280
2026-09-03T05:46:00,M02,12.692,2.047,27.437,20.753,44.756
2026-09-03T05:47:00,M02,12.741,2.035,27.265,20.825,45.185
2026-09-03T05:48:00,M02,12.676,2.000,26.958,20.641,43.211
2026-09-03T05:49:00,M02,12.672,2.089,27.004,20.639,46.865
2026-09-03T05:50:00,M02,12.601,2.083,27.020,20.992,43.566
2026-09-03T05:51:00,M02,12.511,2.002,27.147,20.756,44.119
2026-09-03T05:52:00,M02,12.564,2.008,26.915,20.868,45.786
2026-09-03T05:53:00,M02,12.559,2.054,26.937,20.705,43.766
2026-09-03T05:54:00,M02,12.691,2.116,26.878,20.709,45.830
2026-09-03T05:55:00,M02,12.468,1.960,26.816,20.612,47.082
2026-09-03T05:56:00,M02,12.538,2.088,26.942,21.100,44.307
2026-09-03T05:57:00,M02,12.549,2.084,27.101,21.111,44.482
2026-09-03T05:58:00,M02,12.563,2.006,26.973,20.654,45.086
2026-09-03T05:59:00,M02,12.692,1.986,26.952,20.538,43.817
2026-09-03T06:00:00,M02,12.755,1.954,27.251,20.723,42.547
2026-09-03T06:01:00,M02,12.739,2.018,27.120,20.799,45.964
2026-09-03T06:02:00,M02,12.583,2.056,26.886,20.603,45.503
2026-09-03T06:03:00,M02,12.569,2.016,26.995,20.599,44.199
2026-09-03T06:04:00,M02,12.503,1.970,27.039,20.941,44.335
2026-09-03T06:05:00,M02,12.722,1.968,27.219,20.477,44.897
2026-09-03T06:06:00,M02,12.584,2.050,27.089,20.811,47.167
2026-09-03T06:07:00,M02,12.573,1.973,26.938,20.551,43.823
2026-09-03T06:08:00,M02,12.749,1.966,27.071,20.877,45.334
2026-09-03T06:09:00,M02,12.595,1.981,27.078,20.767,46.464
2026-09-03T06:10:00,M02,12.434,2.001,27.093,20.790,46.037
2026-09-03T06:11:00,M02,12.497,2.014,27.076,20.917,45.426
2026-09-03T06:12:00,M02,12.588,2.025,26.974,20.975,46.354
2026-09-03T06:13:00,M02,12.512,2.041,27.196,20.932,45.526
2026-09-03T06:14:00,M02,12.541,1.966,27.002,20.996,45.461
2026-09-03T06:15:00,M02,12.553,1.983,26.951,20.890,45.746
2026-09-03T06:16:00,M02,12.635,1.983,27.145,20.773,43.801
2026-09-03T06:17:00,M02,12.516,1.926,26.731,20.849,43.630
2026-09-03T06:18:00,M02,12.669,1.969,27.027,20.851,43.504
2026-09-03T06:19:00,M02,12.735,2.004,27.051,20.818,44.246
2026-09-03T06:20:00,M02,12.573,1.901,26.881,20.636,44.415
2026-09-03T06:21:00,M02,12.620,1.962,26.782,20.672,44.751
2026-09-03T06:22:00,M02,12.598,2.008,27.233,20.794,44.108
2026-09-03T06:23:00,M02,12.500,1.926,27.219,21.008,44.260
2026-09-03T06:24:00,M02,12.624,1.971,27.204,20.547,43.687
2026-09-03T06:25:00,M02,12.597,2.007,26.965,21.205,43.630
2026-09-03T06:26:00,M02,12.574,2.010,27.160,21.054,44.002
2026-09-03T06:27:00,M02,12.557,1.989,26.946,20.768,47.290
2026-09-03T06:28:00,M02,12.461,1.957,26.899,20.836,44.439
2026-09-03T06:29:00,M02,12.492,2.033,27.056,20.881,46.055
2026-09-03T06:30:00,M02,12.625,2.043,26.982,20.621,44.551
2026-09-03T06:31:00,M02,12.530,2.001,27.224,21.019,43.626
2026-09-03T06:32:00,M02,12.484,1.955,27.215,20.890,45.383
2026-09-03T06:33:00,M02,12.629,2.031,26.902,20.710,42.923
2026-09-03T06:34:00,M02,12.728,2.090,27.045,20.862,45.278
2026-09-03T06:35:00,M02,12.529,2.022,26.666,20.701,42.718
2026-09-03T06:36:00,M02,12.671,2.003,26.740,20.765,46.548
2026-09-03T06:37:00,M02,12.684,2.000,27.132,20.379,45.872
2026-09-03T06:38:00,M02,12.640,1.946,26.918,20.831,45.129
2026-09-03T06:39:00,M02,12.713,1.937,26.881,20.795,46.969
2026-09-03T06:40:00,M02,12.539,2.021,26.907,20.974,43.896
2026-09-03T06:41:00,M02,12.530,1.973,26.893,20.906,44.637
2026-09-03T06:42:00,M02,12.502,1.989,26.894,20.773,44.204
2026-09-03T06:43:00,M02,12.380,1.932,27.074,20.562,45.291
2026-09-03T06:44:00,M02,12.712,2.008,26.725,20.554,45.625
2026-09-03T06:45:00,M02,12.586,2.081,27.080,20.544,44.636
2026-09-03T06:46:00,M02,12.653,2.004,26.771,20.826,45.327
2026-09-03T06:47:00,M02,12.753,2.010,26.979,20.823,45.436
2026-09-03T06:48:00,M02,12.723,1.995,27.298,20.840,43.815
2026-09-03T06:49:00,M02,12.507,1.994,27.058,20.650,44.386
2026-09-03T06:50:00,M02,12.534,1.968,26.973,20.947,43.776
2026-09-03T06:51:00,M02,12.678,1.948,27.260,20.653,43.552
2026-09-03T06:52:00,M02,12.661,1.998,27.210,20.725,46.324
2026-09-03T06:53:00,M02,12.516,1.910,26.852,20.846,44.318
2026-09-03T06:54:00,M02,12.666,1.989,26.871,20.965,44.371
2026-09-03T06:55:00,M02,12.693,2.074,26.969,20.744,43.723
2026-09-03T06:56:00,M02,12.469,1.976,27.264,20.826,44.478
2026-09-03T06:57:00,M02,12.610,2.026,27.036,20.805,44.408
2026-09-03T06:58:00,M02,12.543,1.984,26.915,20.782,45.069
2026-09-03T06:59:00,M02,12.633,1.966,27.249,21.015,44.746
2026-09-03T07:00:00,M02,12.541,2.033,27.108,20.717,44.740
2026-09-03T07:01:00,M02,12.673,2.024,26.939,20.800,45.087
2026-09-03T07:02:00,M02,12.541,1.975,26.845,21.054,43.948
2026-09-03T07:03:00,M02,12.471,1.943,26.955,20.946,45.363
2026-09-03T07:04:00,M02,12.478,2.051,26.719,21.080,44.371
2026-09-03T07:05:00,M02,12.631,1.914,26.982,20.763,44.331
2026-09-03T07:06:00,M02,12.569,2.037,26.834,21.033,46.029
2026-09-03T07:07:00,M02,12.596,2.010,27.090,20.573,43.563
2026-09-03T07:08:00,M02,12.667,1.890,27.021,20.434,44.129
2026-09-03T07:09:00,M02,12.576,1.950,26.850,20.850,43.224
2026-09-03T07:10:00,M02,12.664,2.016,26.841,20.681,47.518
2026-09-03T07:11:00,M02,12.710,1.998,26.953,20.551,46.127
2026-09-03T07:12:00,M02,12.692,1.916,27.167,20.791,44.937
2026-09-03T07:13:00,M02,12.509,2.007,26.877,20.732,45.404
2026-09-03T07:14:00,M02,12.713,2.005,26.748,20.838,43.314
2026-09-03T07:15:00,M02,12.575,1.890,26.773,20.817,45.165
2026-09-03T07:16:00,M02,12.463,2.044,27.349,21.157,45.615
2026-09-03T07:17:00,M02,12.612,1.963,26.949,20.749,45.994
2026-09-03T07:18:00,M02,12.542,1.979,26.972,21.068,44.965
2026-09-03T07:19:00,M02,12.586,2.031,27.200,20.639,46.183
2026-09-03T07:20:00,M02,12.646,1.976,26.861,20.920,44.960
2026-09-03T07:21:00,M02,12.833,2.010,26.966,20.809,44.911
2026-09-03T07:22:00,M02,12.568,1.988,26.923,20.908,45.268
2026-09-03T07:23:00,M02,12.468,1.984,27.043,20.758,44.828
2026-09-03T07:24:00,M02,12.593,1.995,27.286,20.906,45.070
2026-09-03T07:25:00,M02,12.794,2.051,27.010,20.639,44.011
2026-09-03T07:26:00,M02,12.661,1.973,26.927,20.920,43.993
2026-09-03T07:27:00,M02,12.526,2.021,26.907,20.974,46.225
2026-09-03T07:28:00,M02,12.521,1.990,26.879,20.946,44.712
2026-09-03T07:29:00,M02,12.722,2.005,27.102,20.548,45.540
2026-09-03T07:30:00,M02,12.617,2.024,26.897,20.801,45.843
2026-09-03T07:31:00,M02,12.603,2.027,26.867,20.742,45.047
2026-09-03T07:32:00,M02,12.695,2.118,26.994,20.966,45.408
2026-09-03T07:33:00,M02,12.650,2.002,27.139,20.671,44.154
2026-09-03T07:34:00,M02,12.571,2.053,27.130,20.991,44.170
2026-09-03T07:35:00,M02,12.676,2.055,26.983,20.971,44.968
2026-09-03T07:36:00,M02,12.719,2.087,26.868,20.594,45.631
2026-09-03T07:37:00,M02,12.671,1.956,27.049,20.801,46.325
2026-09-03T07:38:00,M02,12.608,1.938,27.195,20.697,45.138
2026-09-03T07:39:00,M02,12.562,2.054,27.231,20.772,44.562
2026-09-03T07:40:00,M02,12.731,2.107,27.085,20.752,46.351
2026-09-03T07:41:00,M02,12.707,2.087,27.161,20.530,45.258
2026-09-03T07:42:00,M02,12.644,1.969,26.997,20.750,44.610
2026-09-03T07:43:00,M02,12.568,1.972,27.217,20.652,44.096
2026-09-03T07:44:00,M02,12.842,1.982,26.912,20.777,45.943
2026-09-03T07:45:00,M02,12.450,2.008,26.933,21.012,43.505
2026-09-03T07:46:00,M02,12.645,2.034,26.859,20.771,45.389
2026-09-03T07:47:00,M02,12.671,2.009,27.155,20.949,45.051
2026-09-03T07:48:00,M02,12.664,2.003,27.137,20.910,45.723
2026-09-03T07:49:00,M02,12.724,2.082,26.935,21.096,42.651
2026-09-03T07:50:00,M02,12.500,2.015,27.192,20.982,44.790
2026-09-03T07:51:00,M02,12.461,2.041,27.028,20.751,44.059
2026-09-03T07:52:00,M02,12.452,2.076,27.226,20.958,45.371
2026-09-03T07:53:00,M02,12.638,2.013,26.992,20.849,46.380
2026-09-03T07:54:00,M02,12.600,2.001,26.943,20.825,44.021
2026-09-03T07:55:00,M02,12.608,1.940,27.134,20.310,46.842
2026-09-03T07:56:00,M02,12.652,2.073,27.055,20.695,44.677
2026-09-03T07:57:00,M02,12.677,1.926,26.816,20.739,43.955
2026-09-03T07:58:00,M02,12.587,2.051,27.035,20.733,45.928
2026-09-03T07:59:00,M02,12.530,1.937,27.142,20.593,44.793
2026-09-03T08:00:00,M02,11.945,1.817,23.973,19.949,44.688
2026-09-03T08:01:00,M02,12.066,1.735,24.181,20.174,44.244
2026-09-03T08:02:00,M02,12.060,1.740,24.069,20.292,47.413
2026-09-03T08:03:00,M02,12.178,1.838,24.072,20.252,44.303
2026-09-03T08:04:00,M02,12.140,1.871,24.671,19.810,45.252
2026-09-03T08:05:00,M02,12.027,1.855,24.177,20.068,45.803
2026-09-03T08:06:00,M02,12.254,1.808,24.464,20.088,47.361
2026-09-03T08:07:00,M02,12.044,1.824,24.561,20.229,46.951
2026-09-03T08:08:00,M02,12.289,1.859,24.434,20.206,44.332
2026-09-03T08:09:00,M02,12.287,1.813,24.525,20.226,44.887
2026-09-03T08:10:00,M02,12.316,1.800,25.019,19.982,44.968
2026-09-03T08:11:00,M02,12.269,1.848,25.083,20.337,43.810
2026-09-03T08:12:00,M02,12.157,1.848,24.923,20.045,45.930
2026-09-03T08:13:00,M02,12.300,1.915,25.104,20.275,44.811
2026-09-03T08:14:00,M02,12.318,1.839,25.015,20.117,44.978
2026-09-03T08:15:00,M02,12.263,1.916,25.297,20.534,45.832
2026-09-03T08:16:00,M02,12.324,1.880,25.497,20.324,44.957
2026-09-03T08:17:00,M02,12.256,1.865,25.419,20.475,44.423
2026-09-03T08:18:00,M02,12.366,1.945,25.108,20.217,45.044
2026-09-03T08:19:00,M02,12.356,1.929,25.462,20.582,42.687
2026-09-03T08:20:00,M02,12.439,1.860,25.530,20.184,44.623
2026-09-03T08:21:00,M02,12.388,1.929,25.238,20.477,43.772
2026-09-03T08:22:00,M02,12.267,1.924,25.696,20.307,45.704
2026-09-03T08:23:00,M02,12.297,1.935,25.452,20.119,45.410
2026-09-03T08:24:00,M02,12.418,1.888,25.556,20.407,46.322
2026-09-03T08:25:00,M02,12.365,1.871,25.745,20.591,44.285
2026-09-03T08:26:00,M02,12.349,1.847,25.571,20.316,44.123
2026-09-03T08:27:00,M02,12.256,1.980,25.838,20.557,46.073
2026-09-03T08:28:00,M02,12.477,1.933,25.927,20.443,45.336
2026-09-03T08:29:00,M02,12.417,1.971,25.706,20.525,45.968
2026-09-03T08:30:00,M02,12.503,1.822,25.703,20.645,44.462
2026-09-03T08:31:00,M02,12.303,1.872,26.010,20.376,45.762
2026-09-03T08:32:00,M02,12.284,1.938,26.088,20.164,43.802
2026-09-03T08:33:00,M02,12.266,1.934,26.023,20.429,45.944
2026-09-03T08:34:00,M02,12.402,1.972,26.330,20.425,45.535
2026-09-03T08:35:00,M02,12.357,1.945,26.265,20.753,45.021
2026-09-03T08:36:00,M02,12.486,1.916,26.040,20.430,44.608
2026-09-03T08:37:00,M02,12.625,1.978,26.160,20.795,45.385
2026-09-03T08:38:00,M02,12.452,1.954,26.124,20.655,46.237
2026-09-03T08:39:00,M02,12.473,1.920,26.109,20.571,44.488
2026-09-03T08:40:00,M02,12.410,1.920,26.335,20.648,45.904
2026-09-03T08:41:00,M02,12.513,1.882,25.969,20.619,44.968
2026-09-03T08:42:00,M02,12.371,1.980,26.356,20.717,45.152
2026-09-03T08:43:00,M02,12.488,1.940,26.307,20.413,44.061
2026-09-03T08:44:00,M02,12.465,1.957,26.406,20.531,44.780
2026-09-03T08:45:00,M02,12.459,1.976,26.403,20.708,45.152
2026-09-03T08:46:00,M02,12.507,1.950,26.157,20.546,46.900
2026-09-03T08:47:00,M02,12.499,1.949,26.094,20.596,45.213
2026-09-03T08:48:00,M02,12.687,1.900,26.199,20.245,44.562
2026-09-03T08:49:00,M02,12.418,1.904,26.281,20.552,46.226
2026-09-03T08:50:00,M02,12.496,1.916,26.450,20.770,46.564
2026-09-03T08:51:00,M02,12.512,1.912,26.275,20.647,45.600
2026-09-03T08:52:00,M02,12.293,1.977,26.192,20.801,45.846
2026-09-03T08:53:00,M02,12.550,1.982,26.424,20.528,43.902
2026-09-03T08:54:00,M02,12.500,1.947,26.405,20.614,45.037
2026-09-03T08:55:00,M02,12.476,1.894,26.243,20.456,45.100
2026-09-03T08:56:00,M02,12.506,1.986,26.594,20.766,42.380
2026-09-03T08:57:00,M02,12.591,1.941,26.643,20.685,45.507
2026-09-03T08:58:00,M02,12.429,1.887,26.494,20.833,43.245
2026-09-03T08:59:00,M02,12.561,1.897,26.663,20.770,44.606
2026-09-03T09:00:00,M02,12.408,1.955,26.681,20.570,43.696
2026-09-03T09:01:00,M02,12.385,1.995,26.685,20.770,45.523
2026-09-03T09:02:00,M02,12.552,1.933,26.670,21.007,45.017
2026-09-03T09:03:00,M02,12.471,1.982,26.696,20.612,45.166
2026-09-03T09:04:00,M02,12.575,1.986,26.595,20.907,44.447
2026-09-03T09:05:00,M02,12.489,2.009,26.629,20.487,44.989
2026-09-03T09:06:00,M02,12.455,2.018,26.647,20.397,44.855
2026-09-03T09:07:00,M02,12.571,1.921,26.476,20.656,44.298
2026-09-03T09:08:00,M02,12.636,1.920,26.884,20.554,43.993
2026-09-03T09:09:00,M02,12.516,2.052,26.799,20.933,43.195
2026-09-03T09:10:00,M02,12.610,1.982,26.706,20.793,47.026
2026-09-03T09:11:00,M02,12.769,2.103,26.724,20.756,44.857
2026-09-03T09:12:00,M02,12.622,1.947,26.569,21.040,45.473
2026-09-03T09:13:00,M02,12.495,2.037,26.535,20.951,45.640
2026-09-03T09:14:00,M02,12.536,2.032,26.568,20.866,44.366
2026-09-03T09:15:00,M02,12.617,1.914,26.790,20.595,44.472
2026-09-03T09:16:00,M02,12.674,2.066,26.770,21.024,45.948
2026-09-03T09:17:00,M02,12.532,1.998,26.601,20.365,46.786
2026-09-03T09:18:00,M02,12.613,1.997,26.504,20.794,44.333
2026-09-03T09:19:00,M02,12.530,2.028,26.892,20.926,44.002
2026-09-03T09:20:00,M02,12.548,2.017,26.604,20.363,45.308
2026-09-03T09:21:00,M02,12.520,2.051,26.774,20.603,45.500
2026-09-03T09:22:00,M02,12.477,1.950,26.844,21.036,45.786
2026-09-03T09:23:00,M02,12.516,1.974,26.668,20.668,43.369
2026-09-03T09:24:00,M02,12.465,2.047,26.720,20.788,45.811
2026-09-03T09:25:00,M02,12.551,1.999,26.986,20.991,44.987
2026-09-03T09:26:00,M02,12.658,1.985,26.997,20.388,47.174
2026-09-03T09:27:00,M02,12.540,2.013,26.797,20.951,44.140
2026-09-03T09:28:00,M02,12.657,1.967,26.759,20.735,44.734
2026-09-03T09:29:00,M02,12.568,1.997,26.809,20.590,44.936
2026-09-03T09:30:00,M02,12.734,2.012,26.889,20.724,45.410
2026-09-03T09:31:00,M02,12.592,1.977,27.044,20.752,45.136
2026-09-03T09:32:00,M02,12.541,1.901,26.751,20.861,44.721
2026-09-03T09:33:00,M02,12.499,2.038,26.627,20.511,44.661
2026-09-03T09:34:00,M02,12.412,2.057,26.867,20.615,46.766
2026-09-03T09:35:00,M02,12.588,2.033,26.845,20.841,45.077
2026-09-03T09:36:00,M02,12.666,1.992,26.830,21.016,43.785
2026-09-03T09:37:00,M02,12.450,2.057,27.045,20.817,43.330
2026-09-03T09:38:00,M02,12.567,1.987,26.981,20.576,45.794
2026-09-03T09:39:00,M02,12.545,2.026,26.980,20.784,45.998
2026-09-03T09:40:00,M02,12.295,2.035,27.167,20.927,44.984
2026-09-03T09:41:00,M02,12.689,1.973,26.897,20.641,44.150
2026-09-03T09:42:00,M02,12.595,2.015,26.870,20.666,44.922
2026-09-03T09:43:00,M02,12.485,1.977,26.830,20.694,45.955
2026-09-03T09:44:00,M02,12.519,2.042,26.887,20.808,42.931
2026-09-03T09:45:00,M02,12.550,2.071,26.805,20.660,44.456
2026-09-03T09:46:00,M02,12.569,2.078,26.830,20.751,44.802
2026-09-03T09:47:00,M02,12.615,1.999,27.110,20.741,46.176
2026-09-03T09:48:00,M02,12.476,2.011,27.040,20.635,46.366
2026-09-03T09:49:00,M02,12.598,1.946,27.017,20.541,44.675
2026-09-03T09:50:00,M02,12.482,1.977,27.106,20.663,46.305
2026-09-03T09:51:00,M02,12.514,1.989,27.163,20.477,43.727
2026-09-03T09:52:00,M02,12.485,1.970,26.900,20.797,42.989
2026-09-03T09:53:00,M02,12.606,2.064,26.908,20.794,45.578
2026-09-03T09:54:00,M02,12.642,2.023,26.961,20.766,41.856
2026-09-03T09:55:00,M02,12.509,1.983,26.792,20.859,43.503
2026-09-03T09:56:00,M02,12.824,2.017,27.130,20.808,44.472
2026-09-03T09:57:00,M02,12.581,2.012,27.139,20.564,44.671
2026-09-03T09:58:00,M02,12.631,1.978,26.970,20.915,46.133
2026-09-03T09:59:00,M02,12.533,2.029,27.066,20.569,44.812
2026-09-03T10:00:00,M02,12.525,1.986,27.122,20.719,45.851
2026-09-03T10:01:00,M02,12.494,1.967,26.884,20.904,44.327
2026-09-03T10:02:00,M02,12.768,2.005,26.715,20.620,44.402
2026-09-03T10:03:00,M02,12.649,1.955,26.922,20.748,43.485
2026-09-03T10:04:00,M02,12.553,1.947,27.034,20.745,45.679
2026-09-03T10:05:00,M02,12.387,1.983,26.646,20.780,43.385
2026-09-03T10:06:00,M02,12.535,2.024,27.071,20.726,42.234
2026-09-03T10:07:00,M02,12.590,2.005,26.800,20.764,46.979
2026-09-03T10:08:00,M02,12.501,2.022,27.181,21.066,44.510
2026-09-03T10:09:00,M02,12.783,1.933,27.006,20.795,45.811
2026-09-03T10:10:00,M02,12.622,1.998,26.806,20.534,44.823
2026-09-03T10:11:00,M02,12.472,2.034,26.999,20.731,44.093
2026-09-03T10:12:00,M02,12.530,1.988,27.181,20.675,46.777
2026-09-03T10:13:00,M02,12.536,2.088,27.015,20.483,43.904
2026-09-03T10:14:00,M02,12.491,2.015,26.713,20.674,44.124
2026-09-03T10:15:00,M02,12.573,2.029,27.172,20.818,46.811
2026-09-03T10:16:00,M02,12.586,2.037,26.935,20.950,44.311
2026-09-03T10:17:00,M02,12.431,1.941,26.980,20.730,42.985
2026-09-03T10:18:00,M02,12.641,2.028,26.922,21.193,46.447
2026-09-03T10:19:00,M02,12.716,2.058,27.008,20.702,43.070
2026-09-03T10:20:00,M02,12.427,2.105,27.071,20.503,45.164
2026-09-03T10:21:00,M02,12.628,2.012,26.937,20.843,43.757
2026-09-03T10:22:00,M02,12.636,1.980,27.303,20.988,45.203
2026-09-03T10:23:00,M02,12.461,1.968,26.932,20.670,42.994
2026-09-03T10:24:00,M02,12.459,2.051,26.932,20.840,44.321
2026-09-03T10:25:00,M02,12.572,2.020,26.950,20.761,45.819
2026-09-03T10:26:00,M02,12.445,1.964,26.764,20.814,45.151
2026-09-03T10:27:00,M02,12.451,2.005,26.990,20.803,43.167
2026-09-03T10:28:00,M02,12.584,2.064,26.734,21.102,46.348
2026-09-03T10:29:00,M02,12.511,1.974,27.064,21.068,44.381
2026-09-03T10:30:00,M02,12.644,1.970,26.839,20.594,44.038
2026-09-03T10:31:00,M02,12.546,2.003,26.642,20.667,46.368
2026-09-03T10:32:00,M02,12.721,2.005,27.076,20.965,45.917
2026-09-03T10:33:00,M02,12.498,1.968,27.082,20.641,45.448
2026-09-03T10:34:00,M02,12.547,1.981,26.940,21.035,45.041
2026-09-03T10:35:00,M02,12.637,1.945,27.100,20.826,47.337
2026-09-03T10:36:00,M02,12.559,2.037,26.730,20.713,45.349
2026-09-03T10:37:00,M02,12.703,1.957,26.927,21.031,45.156
2026-09-03T10:38:00,M02,12.647,1.897,27.028,21.018,43.482
2026-09-03T10:39:00,M02,12.451,1.971,26.988,20.785,45.153
2026-09-03T10:40:00,M02,12.737,1.963,26.745,20.821,45.962
2026-09-03T10:41:00,M02,12.725,1.932,27.003,20.502,42.293
2026-09-03T10:42:00,M02,12.597,2.052,26.801,20.519,46.161
2026-09-03T10:43:00,M02,12.608,2.037,27.013,20.940,43.223
2026-09-03T10:44:00,M02,12.578,1.998,27.022,20.806,44.991
2026-09-03T10:45:00,M02,12.716,1.990,27.030,20.910,43.419
2026-09-03T10:46:00,M02,12.694,2.002,26.933,20.880,44.327
2026-09-03T10:47:00,M02,12.385,2.009,27.027,20.663,43.363
2026-09-03T10:48:00,M02,12.580,1.969,27.179,20.624,45.163
2026-09-03T10:49:00,M02,12.730,2.039,26.963,20.690,44.489
2026-09-03T10:50:00,M02,12.657,2.008,26.888,20.523,45.462
2026-09-03T10:51:00,M02,12.472,1.975,26.914,20.625,46.069
2026-09-03T10:52:00,M02,12.520,2.022,27.030,20.791,44.929
2026-09-03T10:53:00,M02,12.662,1.974,27.149,20.481,44.497
2026-09-03T10:54:00,M02,12.560,2.007,26.941,20.544,45.603
2026-09-03T10:55:00,M02,12.494,2.075,26.850,21.011,45.510
2026-09-03T10:56:00,M02,12.605,1.967,26.751,20.676,45.608
2026-09-03T10:57:00,M02,12.626,1.943,26.944,20.768,44.781
2026-09-03T10:58:00,M02,12.621,1.922,27.150,20.613,41.960
2026-09-03T10:59:00,M02,12.534,2.022,27.111,20.541,44.704
2026-09-03T11:00:00,M02,12.548,2.012,26.679,21.005,44.243
2026-09-03T11:01:00,M02,12.580,1.975,26.745,20.723,45.394
2026-09-03T11:02:00,M02,12.565,2.014,26.699,20.556,45.149
2026-09-03T11:03:00,M02,12.736,2.002,27.099,20.697,47.161
2026-09-03T11:04:00,M02,12.530,2.006,26.657,21.110,45.333
2026-09-03T11:05:00,M02,12.373,2.075,26.997,20.772,46.329
2026-09-03T11:06:00,M02,12.607,1.964,27.020,20.569,45.610
2026-09-03T11:07:00,M02,12.707,1.970,27.056,20.890,47.013
2026-09-03T11:08:00,M02,12.702,2.013,27.170,20.712,46.556
2026-09-03T11:09:00,M02,12.565,1.947,26.983,20.717,46.199
2026-09-03T11:10:00,M02,12.740,1.893,27.076,20.807,44.031
2026-09-03T11:11:00,M02,12.515,1.910,26.952,20.941,45.708
2026-09-03T11:12:00,M02,12.581,1.997,27.055,20.706,44.327
2026-09-03T11:13:00,M02,12.659,1.943,26.912,20.806,44.217
2026-09-03T11:14:00,M02,12.724,1.920,26.978,20.641,45.081
2026-09-03T11:15:00,M02,12.667,1.955,27.117,20.794,44.631
2026-09-03T11:16:00,M02,12.583,1.987,26.858,20.757,43.666
2026-09-03T11:17:00,M02,12.663,1.994,26.918,20.531,44.283
2026-09-03T11:18:00,M02,12.530,1.990,27.282,20.889,43.134
2026-09-03T11:19:00,M02,12.547,1.956,26.930,20.546,43.483
2026-09-03T11:20:00,M02,12.710,2.007,26.821,20.922,48.056
2026-09-03T11:21:00,M02,12.659,1.913,27.017,20.576,44.017
2026-09-03T11:22:00,M02,12.685,1.960,27.006,20.970,45.483
2026-09-03T11:23:00,M02,12.651,1.940,26.912,20.851,44.756
2026-09-03T11:24:00,M02,12.573,2.052,26.918,21.000,43.349
2026-09-03T11:25:00,M02,12.527,1.975,27.088,20.751,43.702
2026-09-03T11:26:00,M02,12.541,2.029,27.127,20.924,43.519
2026-09-03T11:27:00,M02,12.500,1.946,26.753,20.562,45.419
2026-09-03T11:28:00,M02,12.530,1.972,27.086,20.571,44.954
2026-09-03T11:29:00,M02,12.554,1.980,26.795,20.338,45.351
2026-09-03T11:30:00,M02,12.495,1.998,26.975,20.697,43.980
2026-09-03T11:31:00,M02,12.782,1.978,26.919,20.812,47.906
2026-09-03T11:32:00,M02,12.643,2.046,26.739,21.024,44.283
2026-09-03T11:33:00,M02,12.539,2.032,26.946,20.820,45.401
2026-09-03T11:34:00,M02,12.559,2.008,26.754,20.714,43.967
2026-09-03T11:35:00,M02,12.519,2.003,27.010,20.841,46.371
2026-09-03T11:36:00,M02,12.670,1.927,27.052,21.131,45.898
2026-09-03T11:37:00,M02,12.483,1.991,26.966,20.646,45.975
2026-09-03T11:38:00,M02,12.414,2.011,26.886,20.865,45.237
2026-09-03T11:39:00,M02,12.640,2.028,27.130,20.592,44.932
2026-09-03T11:40:00,M02,12.536,2.007,26.912,20.619,43.542
2026-09-03T11:41:00,M02,12.889,1.961,27.162,20.875,46.074
2026-09-03T11:42:00,M02,12.636,1.972,26.839,20.478,46.046
2026-09-03T11:43:00,M02,12.459,2.028,27.065,20.920,43.591
2026-09-03T11:44:00,M02,12.585,1.935,27.176,21.007,47.056
2026-09-03T11:45:00,M02,12.704,2.052,27.123,20.577,46.028
2026-09-03T11:46:00,M02,12.616,1.974,27.160,20.950,44.221
2026-09-03T11:47:00,M02,12.719,1.936,27.080,20.497,41.465
2026-09-03T11:48:00,M02,12.518,1.982,27.082,20.925,42.655
2026-09-03T11:49:00,M02,12.478,1.930,27.057,20.689,45.885
2026-09-03T11:50:00,M02,12.735,2.056,26.839,20.482,44.909
2026-09-03T11:51:00,M02,12.448,1.955,27.023,20.578,42.976
2026-09-03T11:52:00,M02,12.630,2.019,26.845,21.044,43.981
2026-09-03T11:53:00,M02,12.563,2.048,27.049,20.813,45.228
2026-09-03T11:54:00,M02,12.563,1.948,26.651,20.753,45.518
2026-09-03T11:55:00,M02,12.609,1.992,27.046,20.788,45.804
2026-09-03T11:56:00,M02,12.608,1.984,27.285,20.801,44.299
2026-09-03T11:57:00,M02,12.616,1.968,27.277,20.965,44.964
2026-09-03T11:58:00,M02,12.524,1.883,26.876,20.658,44.114
2026-09-03T11:59:00,M02,12.564,2.010,26.868,20.415,45.121
2026-09-03T12:00:00,M02,12.626,2.059,27.051,20.470,45.316
2026-09-03T12:01:00,M02,12.656,1.968,26.754,20.922,45.817
2026-09-03T12:02:00,M02,12.588,2.015,27.105,20.638,43.344
2026-09-03T12:03:00,M02,12.574,1.942,26.928,20.908,46.322
2026-09-03T12:04:00,M02,12.537,2.072,26.937,20.674,44.809
2026-09-03T12:05:00,M02,12.661,2.003,26.969,20.665,43.630
2026-09-03T12:06:00,M02,12.607,1.977,26.929,20.604,45.065
2026-09-03T12:07:00,M02,12.687,2.073,27.258,20.894,46.401
2026-09-03T12:08:00,M02,12.572,2.008,26.965,21.054,43.338
2026-09-03T12:09:00,M02,12.582,2.018,26.939,20.791,43.795
2026-09-03T12:10:00,M02,12.604,1.953,26.840,20.674,44.098
2026-09-03T12:11:00,M02,12.377,2.014,27.012,20.700,44.924
2026-09-03T12:12:00,M02,12.683,2.035,27.037,20.879,45.124
2026-09-03T12:13:00,M02,12.577,2.004,27.148,20.916,44.667
2026-09-03T12:14:00,M02,12.515,2.018,27.093,20.819,44.365
2026-09-03T12:15:00,M02,12.492,2.072,26.935,20.816,44.225
2026-09-03T12:16:00,M02,12.428,1.979,27.227,20.928,44.522
2026-09-03T12:17:00,M02,12.542,1.998,27.255,21.117,44.301
2026-09-03T12:18:00,M02,12.649,1.966,27.038,20.914,44.776
2026-09-03T12:19:00,M02,12.685,2.021,26.898,20.901,45.007
2026-09-03T12:20:00,M02,12.579,2.022,26.847,20.793,45.527
2026-09-03T12:21:00,M02,12.784,1.978,27.134,20.655,45.285
2026-09-03T12:22:00,M02,12.554,1.940,26.802,20.863,45.334
2026-09-03T12:23:00,M02,12.611,2.064,27.153,20.872,44.631
2026-09-03T12:24:00,M02,12.660,1.924,26.889,20.744,44.896
2026-09-03T12:25:00,M02,12.489,2.026,26.952,20.952,45.451
2026-09-03T12:26:00,M02,12.623,1.969,26.919,20.803,44.319
2026-09-03T12:27:00,M02,12.799,2.042,26.949,20.535,45.182
2026-09-03T12:28:00,M02,12.597,1.901,27.134,20.453,45.896
2026-09-03T12:29:00,M02,12.564,2.019,27.023,21.096,46.549
2026-09-03T12:30:00,M02,12.612,2.009,27.111,20.741,44.737
2026-09-03T12:31:00,M02,12.481,1.929,26.823,20.650,46.799
2026-09-03T12:32:00,M02,12.715,1.985,26.845,20.831,43.807
2026-09-03T12:33:00,M02,12.831,2.057,27.235,20.575,46.696
2026-09-03T12:34:00,M02,12.605,1.993,26.995,20.798,43.606
2026-09-03T12:35:00,M02,12.514,2.100,27.098,21.027,46.773
2026-09-03T12:36:00,M02,12.692,1.918,26.950,20.783,48.087
2026-09-03T12:37:00,M02,12.854,1.993,26.879,20.897,46.237
2026-09-03T12:38:00,M02,12.692,1.974,27.001,20.889,44.873
2026-09-03T12:39:00,M02,12.653,1.961,26.887,20.683,45.580
2026-09-03T12:40:00,M02,12.617,2.032,27.061,20.299,44.862
2026-09-03T12:41:00,M02,12.675,1.957,26.984,21.121,43.612
2026-09-03T12:42:00,M02,12.667,1.980,26.727,20.916,43.996
2026-09-03T12:43:00,M02,12.539,1.987,26.900,20.765,45.579
2026-09-03T12:44:00,M02,12.586,1.923,27.045,20.437,44.431
2026-09-03T12:45:00,M02,12.654,2.027,26.980,20.797,44.636
2026-09-03T12:46:00,M02,12.527,1.951,27.057,20.777,44.853
2026-09-03T12:47:00,M02,12.600,2.073,26.922,21.028,43.996
2026-09-03T12:48:00,M02,12.622,2.065,26.826,20.872,44.039
2026-09-03T12:49:00,M02,12.495,2.052,26.993,21.020,46.809
2026-09-03T12:50:00,M02,12.614,1.917,26.747,20.695,46.673
2026-09-03T12:51:00,M02,12.570,2.002,26.877,20.553,44.908
2026-09-03T12:52:00,M02,12.642,1.975,26.979,20.857,44.539
2026-09-03T12:53:00,M02,12.673,2.017,26.789,20.591,45.267
2026-09-03T12:54:00,M02,12.711,2.063,27.184,21.237,45.913
2026-09-03T12:55:00,M02,12.650,2.044,27.082,21.062,44.220
2026-09-03T12:56:00,M02,12.603,1.970,26.820,20.959,45.139
2026-09-03T12:57:00,M02,12.531,1.993,27.031,20.772,42.815
2026-09-03T12:58:00,M02,12.740,2.013,26.980,20.860,43.113
2026-09-03T12:59:00,M02,12.634,2.002,27.067,20.620,44.800
2026-09-03T13:00:00,M02,12.670,2.018,27.043,20.644,43.468
2026-09-03T13:01:00,M02,12.610,1.993,26.820,21.086,43.813
2026-09-03T13:02:00,M02,12.671,1.999,27.156,20.792,44.721
2026-09-03T13:03:00,M02,12.586,1.982,26.982,20.843,45.865
2026-09-03T13:04:00,M02,12.657,2.072,26.941,20.888,45.029
2026-09-03T13:05:00,M02,12.563,1.952,27.116,20.640,44.167
2026-09-03T13:06:00,M02,12.618,1.975,26.959,20.813,44.635
2026-09-03T13:07:00,M02,12.545,2.058,26.869,21.023,44.554
2026-09-03T13:08:00,M02,12.684,1.922,27.063,20.687,46.148
2026-09-03T13:09:00,M02,12.787,1.998,26.807,20.938,45.008
2026-09-03T13:10:00,M02,12.654,2.023,27.025,20.895,45.218
2026-09-03T13:11:00,M02,12.525,1.983,27.138,20.869,45.070
2026-09-03T13:12:00,M02,12.602,1.984,26.822,20.946,44.384
2026-09-03T13:13:00,M02,12.528,2.037,27.152,20.772,46.625
2026-09-03T13:14:00,M02,12.654,1.956,27.055,20.715,43.274
2026-09-03T13:15:00,M02,12.548,1.957,27.208,21.110,42.764
2026-09-03T13:16:00,M02,12.654,1.981,26.798,20.590,45.235
2026-09-03T13:17:00,M02,12.547,1.968,27.217,20.953,43.530
2026-09-03T13:18:00,M02,12.558,2.086,27.205,20.619,45.100
2026-09-03T13:19:00,M02,12.703,1.992,27.197,21.048,45.957
2026-09-03T13:20:00,M02,12.595,1.958,26.817,20.943,45.815
2026-09-03T13:21:00,M02,12.609,1.935,26.929,20.597,45.009
2026-09-03T13:22:00,M02,12.513,2.014,26.825,20.683,45.616
2026-09-03T13:23:00,M02,12.554,2.027,27.178,20.679,46.268
2026-09-03T13:24:00,M02,12.780,1.950,27.061,20.502,47.219
2026-09-03T13:25:00,M02,12.551,2.028,26.855,20.967,45.006
2026-09-03T13:26:00,M02,12.569,2.085,27.097,20.697,47.047
2026-09-03T13:27:00,M02,12.403,1.921,26.919,20.783,43.702
2026-09-03T13:28:00,M02,12.587,2.011,27.128,20.854,46.477
2026-09-03T13:29:00,M02,12.634,1.991,26.959,20.621,43.483
2026-09-03T13:30:00,M02,12.638,1.978,27.125,20.749,44.276
2026-09-03T13:31:00,M02,12.598,1.978,26.879,20.657,46.130
2026-09-03T13:32:00,M02,12.486,1.936,26.791,20.854,45.669
2026-09-03T13:33:00,M02,12.719,2.050,26.695,20.740,45.916
2026-09-03T13:34:00,M02,12.672,2.051,27.028,20.428,45.344
2026-09-03T13:35:00,M02,12.570,1.987,27.031,20.409,44.358
2026-09-03T13:36:00,M02,12.552,1.959,27.069,20.919,44.015
2026-09-03T13:37:00,M02,12.567,2.050,26.906,21.107,43.937
2026-09-03T13:38:00,M02,12.721,2.001,26.884,20.689,45.503
2026-09-03T13:39:00,M02,12.693,2.073,27.218,20.851,45.453
2026-09-03T13:40:00,M02,12.661,1.975,27.027,21.323,45.270
2026-09-03T13:41:00,M02,12.592,2.029,26.916,20.875,44.851
2026-09-03T13:42:00,M02,12.467,1.956,26.953,20.695,42.889
2026-09-03T13:43:00,M02,12.583,1.982,27.041,20.687,46.141
2026-09-03T13:44:00,M02,12.560,2.014,27.132,20.743,45.345
2026-09-03T13:45:00,M02,12.592,1.976,27.307,20.732,44.614
2026-09-03T13:46:00,M02,12.494,2.084,27.083,20.984,42.964
2026-09-03T13:47:00,M02,12.498,2.082,27.023,20.799,45.729
2026-09-03T13:48:00,M02,12.812,1.940,26.717,20.821,45.157
2026-09-03T13:49:00,M02,12.567,1.999,26.902,20.732,46.213
2026-09-03T13:50:00,M02,12.697,1.945,27.017,21.017,44.969
2026-09-03T13:51:00,M02,12.680,2.047,27.154,20.501,43.743
2026-09-03T13:52:00,M02,12.444,2.012,27.002,20.790,45.046
2026-09-03T13:53:00,M02,12.537,1.957,27.025,20.827,44.037
2026-09-03T13:54:00,M02,12.556,2.021,27.001,20.758,45.088
2026-09-03T13:55:00,M02,12.762,1.964,26.926,20.531,46.346
2026-09-03T13:56:00,M02,12.667,1.972,27.320,20.695,44.706
2026-09-03T13:57:00,M02,12.733,2.006,26.846,21.068,44.516
2026-09-03T13:58:00,M02,12.646,2.017,27.031,20.846,44.096
2026-09-03T13:59:00,M02,12.539,1.943,27.113,20.843,45.807
2026-09-03T14:00:00,M02,12.606,1.920,26.981,20.818,45.858
2026-09-03T14:01:00,M02,12.666,1.989,27.064,21.051,45.881
2026-09-03T14:02:00,M02,12.675,2.056,27.258,20.987,44.145
2026-09-03T14:03:00,M02,12.643,2.002,27.193,20.518,44.283
2026-09-03T14:04:00,M02,12.540,2.023,26.822,20.800,45.844
2026-09-03T14:05:00,M02,12.664,1.937,27.194,20.876,43.446
2026-09-03T14:06:00,M02,12.628,1.939,27.129,20.792,45.315
2026-09-03T14:07:00,M02,12.566,2.036,27.144,20.869,43.166
2026-09-03T14:08:00,M02,12.682,2.005,27.108,20.800,43.789
2026-09-03T14:09:00,M02,12.619,1.955,26.854,20.529,44.792
2026-09-03T14:10:00,M02,12.579,2.015,27.197,20.895,45.100
2026-09-03T14:11:00,M02,12.614,1.959,26.998,20.674,44.148
2026-09-03T14:12:00,M02,12.537,2.032,27.252,20.696,46.326
2026-09-03T14:13:00,M02,12.646,2.038,27.042,20.865,48.287
2026-09-03T14:14:00,M02,12.576,2.047,27.007,20.778,44.465
2026-09-03T14:15:00,M02,12.739,1.974,26.898,20.757,46.623
2026-09-03T14:16:00,M02,12.575,2.058,26.870,20.999,47.036
2026-09-03T14:17:00,M02,12.766,2.042,26.887,20.290,45.276
2026-09-03T14:18:00,M02,12.540,2.043,26.712,21.150,44.126
2026-09-03T14:19:00,M02,12.607,2.028,27.242,20.585,44.592
2026-09-03T14:20:00,M02,12.618,2.008,26.969,20.776,46.218
2026-09-03T14:21:00,M02,12.647,2.029,27.145,20.622,46.418
2026-09-03T14:22:00,M02,12.693,1.954,26.854,20.760,44.940
2026-09-03T14:23:00,M02,12.585,2.037,26.883,20.884,45.770
2026-09-03T14:24:00,M02,12.514,1.995,26.950,20.676,45.899
2026-09-03T14:25:00,M02,12.607,2.008,26.655,20.834,46.674
2026-09-03T14:26:00,M02,12.645,2.011,27.035,20.758,43.968
2026-09-03T14:27:00,M02,12.536,1.987,27.005,21.041,43.543
2026-09-03T14:28:00,M02,12.647,1.981,26.858,20.687,43.811
2026-09-03T14:29:00,M02,12.618,1.978,26.896,20.863,45.655
2026-09-03T14:30:00,M02,12.732,1.970,27.221,20.858,43.155
2026-09-03T14:31:00,M02,12.524,1.958,26.914,20.718,45.553
2026-09-03T14:32:00,M02,12.600,2.020,26.915,21.056,43.657
2026-09-03T14:33:00,M02,12.630,1.999,26.917,20.732,45.155
2026-09-03T14:34:00,M02,12.693,1.948,26.921,20.817,46.055
2026-09-03T14:35:00,M02,12.556,2.059,26.839,20.718,45.405
2026-09-03T14:36:00,M02,12.425,1.952,26.962,20.536,45.406
2026-09-03T14:37:00,M02,12.632,2.014,26.896,20.752,44.967
2026-09-03T14:38:00,M02,12.627,2.025,27.022,20.832,45.718
2026-09-03T14:39:00,M02,12.655,2.012,27.205,20.892,42.711
2026-09-03T14:40:00,M02,12.705,1.986,27.144,20.981,45.501
2026-09-03T14:41:00,M02,12.589,1.946,26.988,20.726,43.688
2026-09-03T14:42:00,M02,12.630,2.027,27.143,20.809,45.888
2026-09-03T14:43:00,M02,12.575,1.982,26.791,20.776,45.745
2026-09-03T14:44:00,M02,12.570,1.967,27.172,21.030,47.184
2026-09-03T14:45:00,M02,12.650,2.031,26.994,21.056,46.518
2026-09-03T14:46:00,M02,12.662,2.072,27.063,20.866,44.896
2026-09-03T14:47:00,M02,12.546,1.978,26.811,20.789,42.698
2026-09-03T14:48:00,M02,12.646,2.016,26.968,20.764,44.994
2026-09-03T14:49:00,M02,12.607,1.987,27.038,20.898,45.504
2026-09-03T14:50:00,M02,12.563,2.085,26.535,20.590,42.601
2026-09-03T14:51:00,M02,12.475,1.985,26.756,20.744,44.186
2026-09-03T14:52:00,M02,12.571,2.100,27.040,20.930,44.738
2026-09-03T14:53:00,M02,12.604,1.974,27.091,20.712,46.701
2026-09-03T14:54:00,M02,12.468,2.012,27.064,21.042,44.771
2026-09-03T14:55:00,M02,12.643,1.889,26.799,20.947,44.247
2026-09-03T14:56:00,M02,12.682,2.058,27.170,20.600,43.966
2026-09-03T14:57:00,M02,12.571,1.912,27.274,20.620,44.993
2026-09-03T14:58:00,M02,12.697,1.958,26.880,20.858,45.664
2026-09-03T14:59:00,M02,12.710,2.045,27.215,21.026,44.694
2026-09-03T15:00:00,M02,12.610,2.065,26.937,20.868,44.971
2026-09-03T15:01:00,M02,12.557,2.013,27.036,21.086,43.989
2026-09-03T15:02:00,M02,12.591,1.949,27.036,20.799,46.378
2026-09-03T15:03:00,M02,12.635,2.028,26.922,21.000,43.948
2026-09-03T15:04:00,M02,12.775,1.964,26.860,20.885,45.502
2026-09-03T15:05:00,M02,12.608,1.923,27.023,20.931,44.763
2026-09-03T15:06:00,M02,12.602,1.994,27.104,20.598,45.936
2026-09-03T15:07:00,M02,12.596,1.994,26.867,20.671,43.943
2026-09-03T15:08:00,M02,12.484,1.966,26.935,20.718,44.093
2026-09-03T15:09:00,M02,12.435,1.969,26.887,20.836,44.330
2026-09-03T15:10:00,M02,12.578,1.901,27.032,20.737,45.248
2026-09-03T15:11:00,M02,12.551,1.992,26.636,20.583,44.606
2026-09-03T15:12:00,M02,12.476,2.035,26.793,20.731,45.522
2026-09-03T15:13:00,M02,12.488,2.032,26.967,20.800,44.157
2026-09-03T15:14:00,M02,12.714,2.057,26.827,20.634,46.947
2026-09-03T15:15:00,M02,12.577,1.975,27.031,20.752,44.236
2026-09-03T15:16:00,M02,12.395,1.962,27.186,20.751,42.910
2026-09-03T15:17:00,M02,12.520,1.992,27.169,20.990,46.574
2026-09-03T15:18:00,M02,12.617,1.875,26.801,20.918,44.214
2026-09-03T15:19:00,M02,12.610,1.945,26.979,20.714,44.645
2026-09-03T15:20:00,M02,12.595,2.026,26.932,20.517,45.744
2026-09-03T15:21:00,M02,12.659,1.961,26.988,20.404,46.859
2026-09-03T15:22:00,M02,12.488,1.936,26.763,20.778,45.056
2026-09-03T15:23:00,M02,12.416,2.009,27.050,20.634,45.067
2026-09-03T15:24:00,M02,12.446,1.911,26.797,20.840,45.343
2026-09-03T15:25:00,M02,12.447,1.986,26.873,20.883,45.145
2026-09-03T15:26:00,M02,12.650,1.908,26.970,20.787,45.065
2026-09-03T15:27:00,M02,12.698,1.939,27.001,20.618,46.545
2026-09-03T15:28:00,M02,12.366,1.946,27.012,20.705,46.223
2026-09-03T15:29:00,M02,12.511,2.020,26.917,20.990,45.700
2026-09-03T15:30:00,M02,12.605,1.944,27.008,20.812,45.151
2026-09-03T15:31:00,M02,12.603,1.955,26.991,20.662,44.689
2026-09-03T15:32:00,M02,12.750,2.022,27.159,20.819,45.631
2026-09-03T15:33:00,M02,12.545,1.973,27.208,20.561,45.714
2026-09-03T15:34:00,M02,12.548,1.992,26.927,20.929,44.564
2026-09-03T15:35:00,M02,12.681,2.053,26.737,20.222,46.614
2026-09-03T15:36:00,M02,12.581,2.012,27.447,20.937,44.914
2026-09-03T15:37:00,M02,12.576,2.028,26.853,20.655,45.576
2026-09-03T15:38:00,M02,12.621,2.025,27.036,20.807,44.765
2026-09-03T15:39:00,M02,12.604,2.068,27.149,20.552,44.106
2026-09-03T15:40:00,M02,12.583,1.938,27.012,20.590,45.278
2026-09-03T15:41:00,M02,12.572,2.023,26.984,21.197,45.230
2026-09-03T15:42:00,M02,12.484,2.046,27.032,20.943,46.279
2026-09-03T15:43:00,M02,12.447,1.953,27.222,20.570,43.427
2026-09-03T15:44:00,M02,12.668,1.972,27.014,20.869,43.343
2026-09-03T15:45:00,M02,12.742,2.085,27.000,20.901,45.573
2026-09-03T15:46:00,M02,12.703,1.979,27.075,20.522,45.140
2026-09-03T15:47:00,M02,12.537,2.046,26.917,20.689,45.113
2026-09-03T15:48:00,M02,12.452,2.046,27.144,20.727,42.249
2026-09-03T15:49:00,M02,12.591,1.936,27.042,20.996,44.953
2026-09-03T15:50:00,M02,12.622,1.974,27.042,20.911,44.881
2026-09-03T15:51:00,M02,12.546,2.042,27.112,20.939,45.200
2026-09-03T15:52:00,M02,12.743,2.006,26.997,20.543,44.482
2026-09-03T15:53:00,M02,12.625,2.021,26.975,20.806,44.566
2026-09-03T15:54:00,M02,12.689,1.971,26.884,20.756,45.128
2026-09-03T15:55:00,M02,12.478,1.920,26.824,20.964,45.902
2026-09-03T15:56:00,M02,12.612,2.050,27.114,20.833,44.856
2026-09-03T15:57:00,M02,12.736,2.055,26.918,20.863,46.569
2026-09-03T15:58:00,M02,12.650,1.989,27.216,20.825,44.062
2026-09-03T15:59:00,M02,12.376,2.068,27.145,20.671,43.450
2026-09-03T16:00:00,M02,11.899,1.739,23.795,20.306,46.242
2026-09-03T16:01:00,M02,12.035,1.833,24.117,19.696,44.222
2026-09-03T16:02:00,M02,12.102,1.818,24.318,19.827,47.663
2026-09-03T16:03:00,M02,12.189,1.896,24.117,19.862,43.282
2026-09-03T16:04:00,M02,11.946,1.850,24.447,20.156,46.677
2026-09-03T16:05:00,M02,11.943,1.793,24.473,19.661,44.667
2026-09-03T16:06:00,M02,12.143,1.827,24.317,20.318,42.984
2026-09-03T16:07:00,M02,12.057,1.883,24.766,20.257,45.565
2026-09-03T16:08:00,M02,12.117,1.837,24.682,20.373,45.965
2026-09-03T16:09:00,M02,12.386,1.847,24.751,20.172,45.404
2026-09-03T16:10:00,M02,12.206,1.865,24.877,19.948,44.846
2026-09-03T16:11:00,M02,12.190,1.851,24.914,20.000,46.487
2026-09-03T16:12:00,M02,12.261,1.868,24.934,20.399,43.916
2026-09-03T16:13:00,M02,12.211,1.912,25.014,20.148,45.341
2026-09-03T16:14:00,M02,12.221,1.942,24.951,20.026,46.360
2026-09-03T16:15:00,M02,12.261,1.851,25.194,20.604,45.988
2026-09-03T16:16:00,M02,12.451,1.814,25.219,19.903,44.662
2026-09-03T16:17:00,M02,12.392,1.876,25.209,20.410,44.387
2026-09-03T16:18:00,M02,12.204,1.896,25.457,20.227,44.580
2026-09-03T16:19:00,M02,12.245,1.824,25.536,20.512,45.644
2026-09-03T16:20:00,M02,12.309,1.963,25.734,20.623,46.061
2026-09-03T16:21:00,M02,12.262,1.853,25.368,20.595,46.835
2026-09-03T16:22:00,M02,12.466,1.952,25.465,20.688,44.828
2026-09-03T16:23:00,M02,12.424,1.958,25.974,20.239,44.614
2026-09-03T16:24:00,M02,12.363,1.891,25.917,20.193,45.424
2026-09-03T16:25:00,M02,12.394,1.936,25.649,20.625,44.843
2026-09-03T16:26:00,M02,12.105,1.949,25.592,20.288,43.637
2026-09-03T16:27:00,M02,12.353,1.931,25.701,20.163,46.270
2026-09-03T16:28:00,M02,12.376,1.921,25.635,20.427,43.900
2026-09-03T16:29:00,M02,12.287,2.014,25.743,20.507,47.571
2026-09-03T16:30:00,M02,12.246,1.849,25.740,20.634,45.523
2026-09-03T16:31:00,M02,12.187,1.905,26.056,20.589,44.194
2026-09-03T16:32:00,M02,12.460,1.963,25.892,20.390,43.974
2026-09-03T16:33:00,M02,12.428,1.967,25.972,20.559,45.293
2026-09-03T16:34:00,M02,12.341,1.950,26.061,20.710,45.663
2026-09-03T16:35:00,M02,12.323,1.912,26.148,20.791,44.831
2026-09-03T16:36:00,M02,12.608,1.954,26.321,20.651,44.542
2026-09-03T16:37:00,M02,12.281,1.900,26.084,20.569,45.940
2026-09-03T16:38:00,M02,12.454,1.911,26.072,20.641,44.909
2026-09-03T16:39:00,M02,12.404,1.979,26.021,20.485,44.636
2026-09-03T16:40:00,M02,12.541,1.969,26.244,20.682,46.835
2026-09-03T16:41:00,M02,12.390,1.916,26.569,20.424,43.694
2026-09-03T16:42:00,M02,12.325,1.987,26.267,20.682,45.401
2026-09-03T16:43:00,M02,12.567,1.934,26.321,20.044,45.874
2026-09-03T16:44:00,M02,12.468,2.022,26.271,20.451,44.961
2026-09-03T16:45:00,M02,12.424,1.981,26.293,20.573,43.745
2026-09-03T16:46:00,M02,12.518,1.962,26.901,20.775,43.919
2026-09-03T16:47:00,M02,12.460,1.886,26.246,20.570,46.562
2026-09-03T16:48:00,M02,12.447,1.855,26.503,20.865,45.919
2026-09-03T16:49:00,M02,12.404,1.948,26.684,20.741,47.094
2026-09-03T16:50:00,M02,12.496,1.937,26.328,20.734,43.293
2026-09-03T16:51:00,M02,12.463,1.995,26.308,20.336,43.832
2026-09-03T16:52:00,M02,12.485,1.896,26.378,20.627,43.801
2026-09-03T16:53:00,M02,12.542,1.935,26.613,20.837,46.578
2026-09-03T16:54:00,M02,12.577,2.001,26.568,20.837,43.574
2026-09-03T16:55:00,M02,12.514,1.989,26.483,20.884,44.079
2026-09-03T16:56:00,M02,12.565,1.928,26.628,20.626,44.607
2026-09-03T16:57:00,M02,12.437,1.935,26.272,20.844,46.632
2026-09-03T16:58:00,M02,12.490,1.953,26.522,20.283,45.561
2026-09-03T16:59:00,M02,12.507,1.904,26.526,20.781,45.493
2026-09-03T17:00:00,M02,12.569,1.976,26.713,20.562,44.338
2026-09-03T17:01:00,M02,12.572,1.962,26.480,20.872,46.986
2026-09-03T17:02:00,M02,12.521,1.992,26.620,20.761,44.261
2026-09-03T17:03:00,M02,12.434,1.896,26.860,20.901,44.130
2026-09-03T17:04:00,M02,12.517,2.010,26.606,20.621,44.204
2026-09-03T17:05:00,M02,12.622,1.962,26.434,20.443,44.425
2026-09-03T17:06:00,M02,12.489,1.935,26.738,20.548,46.282
2026-09-03T17:07:00,M02,12.638,1.956,26.570,20.683,44.183
2026-09-03T17:08:00,M02,12.653,1.988,26.543,20.809,44.644
2026-09-03T17:09:00,M02,12.503,1.978,26.612,20.596,43.734
2026-09-03T17:10:00,M02,12.569,1.999,26.754,20.360,44.676
2026-09-03T17:11:00,M02,12.553,1.896,26.622,20.827,43.218
2026-09-03T17:12:00,M02,12.671,1.975,26.823,20.710,46.016
2026-09-03T17:13:00,M02,12.356,1.963,26.689,20.950,47.379
2026-09-03T17:14:00,M02,12.674,1.985,26.649,20.867,46.358
2026-09-03T17:15:00,M02,12.445,1.972,26.858,20.583,45.446
2026-09-03T17:16:00,M02,12.559,2.033,26.998,20.642,44.701
2026-09-03T17:17:00,M02,12.597,1.943,26.869,20.802,44.379
2026-09-03T17:18:00,M02,12.614,2.057,26.819,20.719,47.404
2026-09-03T17:19:00,M02,12.610,1.961,26.930,20.707,44.478
2026-09-03T17:20:00,M02,12.499,1.882,27.127,20.449,45.312
2026-09-03T17:21:00,M02,12.529,2.047,26.724,20.834,43.781
2026-09-03T17:22:00,M02,12.582,1.975,26.852,20.602,44.378
2026-09-03T17:23:00,M02,12.498,1.965,26.795,20.637,44.443
2026-09-03T17:24:00,M02,12.597,2.015,27.041,20.770,45.881
2026-09-03T17:25:00,M02,12.567,1.962,26.745,20.059,44.122
2026-09-03T17:26:00,M02,12.574,1.942,26.954,20.707,44.940
2026-09-03T17:27:00,M02,12.460,1.961,26.705,20.797,45.886
2026-09-03T17:28:00,M02,12.782,2.084,26.867,20.736,45.453
2026-09-03T17:29:00,M02,12.415,2.016,26.786,20.799,45.494
2026-09-03T17:30:00,M02,12.698,1.998,26.741,20.896,45.162
2026-09-03T17:31:00,M02,12.476,1.968,26.982,20.898,44.217
2026-09-03T17:32:00,M02,12.683,1.954,26.849,20.982,45.007
2026-09-03T17:33:00,M02,12.591,1.911,26.795,21.027,46.102
2026-09-03T17:34:00,M02,12.531,2.087,26.889,20.840,45.538
2026-09-03T17:35:00,M02,12.722,1.994,26.943,20.601,44.348
2026-09-03T17:36:00,M02,12.674,2.030,26.941,20.368,46.799
2026-09-03T17:37:00,M02,12.577,1.936,26.845,20.620,45.961
2026-09-03T17:38:00,M02,12.506,1.958,26.884,20.754,45.328
2026-09-03T17:39:00,M02,12.552,2.058,27.003,20.780,45.481
2026-09-03T17:40:00,M02,12.586,1.981,27.006,20.730,43.867
2026-09-03T17:41:00,M02,12.722,1.974,26.984,20.826,46.286
2026-09-03T17:42:00,M02,12.569,2.049,26.890,20.923,44.894
2026-09-03T17:43:00,M02,12.732,2.041,26.775,20.840,46.456
2026-09-03T17:44:00,M02,12.707,2.023,26.648,20.464,44.598
2026-09-03T17:45:00,M02,12.752,2.045,26.971,20.765,45.116
2026-09-03T17:46:00,M02,12.686,1.955,26.715,20.971,44.640
2026-09-03T17:47:00,M02,12.632,2.070,26.932,20.768,45.567
2026-09-03T17:48:00,M02,12.648,2.018,27.021,20.842,43.727
2026-09-03T17:49:00,M02,12.608,1.992,27.071,21.025,44.340
2026-09-03T17:50:00,M02,12.671,1.969,27.005,20.777,46.580
2026-09-03T17:51:00,M02,12.537,2.017,27.028,20.675,43.764
2026-09-03T17:52:00,M02,12.691,1.964,26.916,20.842,45.580
2026-09-03T17:53:00,M02,12.562,1.974,26.920,20.686,43.799
2026-09-03T17:54:00,M02,12.491,1.983,26.610,20.885,44.185
2026-09-03T17:55:00,M02,12.399,1.892,26.939,20.762,43.942
2026-09-03T17:56:00,M02,12.472,2.061,27.167,20.561,44.583
2026-09-03T17:57:00,M02,12.739,2.047,27.077,20.827,44.217
2026-09-03T17:58:00,M02,12.757,1.982,26.873,21.076,43.190
2026-09-03T17:59:00,M02,12.434,2.066,26.988,20.798,46.482
2026-09-03T18:00:00,M02,12.671,1.985,27.137,20.575,43.772
2026-09-03T18:01:00,M02,12.747,1.969,26.992,20.823,45.389
2026-09-03T18:02:00,M02,12.680,1.999,26.942,20.998,45.569
2026-09-03T18:03:00,M02,12.574,1.967,27.026,20.782,45.325
2026-09-03T18:04:00,M02,12.548,2.077,26.984,20.342,44.716
2026-09-03T18:05:00,M02,12.671,1.990,27.305,21.001,46.749
2026-09-03T18:06:00,M02,12.640,2.045,27.034,21.081,43.062
2026-09-03T18:07:00,M02,12.512,1.986,26.991,20.779,44.970
2026-09-03T18:08:00,M02,12.589,1.979,26.994,21.175,44.350
2026-09-03T18:09:00,M02,12.621,1.949,27.212,20.850,45.658
2026-09-03T18:10:00,M02,12.508,2.040,27.058,20.862,44.269
2026-09-03T18:11:00,M02,12.553,2.037,26.997,20.755,46.887
2026-09-03T18:12:00,M02,12.589,1.990,26.933,20.601,43.641
2026-09-03T18:13:00,M02,12.544,2.013,26.956,20.979,47.399
2026-09-03T18:14:00,M02,12.564,1.938,26.712,20.483,44.124
2026-09-03T18:15:00,M02,12.691,2.064,27.154,20.664,46.240
2026-09-03T18:16:00,M02,12.594,1.998,26.875,20.509,46.072
2026-09-03T18:17:00,M02,12.667,2.012,26.894,21.021,45.314
2026-09-03T18:18:00,M02,12.503,2.038,26.787,20.442,45.389
2026-09-03T18:19:00,M02,12.657,1.908,26.927,20.622,45.228
2026-09-03T18:20:00,M02,12.570,2.039,27.018,20.621,45.610
2026-09-03T18:21:00,M02,12.664,2.012,26.994,20.783,45.429
2026-09-03T18:22:00,M02,12.752,2.064,26.922,20.738,43.876
2026-09-03T18:23:00,M02,12.709,1.963,27.074,20.980,43.886
2026-09-03T18:24:00,M02,12.452,2.066,26.924,20.599,44.080
2026-09-03T18:25:00,M02,12.541,2.020,27.091,20.645,45.063
2026-09-03T18:26:00,M02,12.520,1.999,26.897,21.033,44.444
2026-09-03T18:27:00,M02,12.708,2.001,27.025,20.783,45.550
2026-09-03T18:28:00,M02,12.504,1.940,26.749,20.822,46.498
2026-09-03T18:29:00,M02,12.595,2.059,26.753,20.695,45.980
2026-09-03T18:30:00,M02,12.562,1.971,27.001,20.784,46.617
2026-09-03T18:31:00,M02,12.602,2.047,27.074,20.445,44.408
2026-09-03T18:32:00,M02,12.705,1.982,26.908,20.742,43.940
2026-09-03T18:33:00,M02,12.756,1.984,26.933,20.533,44.892
2026-09-03T18:34:00,M02,12.708,2.030,26.887,21.035,45.428
2026-09-03T18:35:00,M02,12.502,2.065,27.039,20.911,45.257
2026-09-03T18:36:00,M02,12.507,2.042,27.023,20.944,46.028
2026-09-03T18:37:00,M02,12.507,1.983,26.828,20.548,46.246
2026-09-03T18:38:00,M02,12.485,2.003,26.958,20.793,44.044
2026-09-03T18:39:00,M02,12.605,1.983,27.044,20.726,45.192
2026-09-03T18:40:00,M02,12.600,1.996,27.082,21.048,46.902
2026-09-03T18:41:00,M02,12.629,1.924,26.935,20.666,45.184
2026-09-03T18:42:00,M02,12.683,1.995,27.006,20.755,45.617
2026-09-03T18:43:00,M02,12.558,1.993,27.027,20.777,43.849
2026-09-03T18:44:00,M02,12.546,1.975,26.783,20.719,45.189
2026-09-03T18:45:00,M02,12.647,1.989,26.916,20.796,43.745
2026-09-03T18:46:00,M02,12.690,1.987,27.056,20.742,46.184
2026-09-03T18:47:00,M02,12.534,1.944,27.026,20.743,45.989
2026-09-03T18:48:00,M02,12.447,2.081,27.077,20.991,44.916
2026-09-03T18:49:00,M02,12.668,2.014,26.957,21.094,45.383
2026-09-03T18:50:00,M02,12.499,2.026,27.085,20.658,44.205
2026-09-03T18:51:00,M02,12.694,2.051,27.088,21.109,44.983
2026-09-03T18:52:00,M02,12.695,2.049,27.139,20.647,45.774
2026-09-03T18:53:00,M02,12.605,2.035,26.832,20.869,45.001
2026-09-03T18:54:00,M02,12.560,1.911,26.765,20.728,45.781
2026-09-03T18:55:00,M02,12.512,2.060,27.025,20.662,44.821
2026-09-03T18:56:00,M02,12.546,2.063,26.916,20.742,44.395
2026-09-03T18:57:00,M02,12.542,1.958,27.204,20.593,44.867
2026-09-03T18:58:00,M02,12.513,1.988,26.820,20.923,45.262
2026-09-03T18:59:00,M02,12.588,2.004,27.235,20.779,43.527
2026-09-03T19:00:00,M02,12.620,2.006,27.133,20.479,44.014
2026-09-03T19:01:00,M02,12.622,1.989,26.801,20.911,43.527
2026-09-03T19:02:00,M02,12.761,1.993,26.827,20.959,44.062
2026-09-03T19:03:00,M02,12.757,2.064,27.043,20.894,45.448
2026-09-03T19:04:00,M02,12.593,1.953,27.078,20.808,45.618
2026-09-03T19:05:00,M02,12.657,2.004,26.901,20.932,43.837
2026-09-03T19:06:00,M02,12.703,1.969,27.101,20.718,45.662
2026-09-03T19:07:00,M02,12.562,2.003,27.176,20.661,44.856
2026-09-03T19:08:00,M02,12.658,1.997,26.826,20.689,44.086
2026-09-03T19:09:00,M02,12.585,2.017,27.003,20.712,44.805
2026-09-03T19:10:00,M02,12.675,1.962,26.907,20.792,47.436
2026-09-03T19:11:00,M02,12.643,1.948,27.040,20.805,45.535
2026-09-03T19:12:00,M02,12.744,1.942,26.889,20.751,44.443
2026-09-03T19:13:00,M02,12.670,2.001,27.008,21.104,45.140
2026-09-03T19:14:00,M02,12.607,2.007,26.994,20.865,45.002
2026-09-03T19:15:00,M02,12.484,1.932,27.009,20.973,45.554
2026-09-03T19:16:00,M02,12.474,1.972,26.784,21.111,46.022
2026-09-03T19:17:00,M02,12.702,2.003,26.923,20.620,47.138
2026-09-03T19:18:00,M02,12.583,2.089,27.149,20.932,45.469
2026-09-03T19:19:00,M02,12.579,2.017,26.800,20.517,45.390
2026-09-03T19:20:00,M02,12.636,2.015,26.989,20.796,44.909
2026-09-03T19:21:00,M02,12.641,2.056,27.108,20.793,43.207
2026-09-03T19:22:00,M02,12.645,2.011,27.047,20.672,44.872
2026-09-03T19:23:00,M02,12.442,2.004,27.234,20.668,42.856
2026-09-03T19:24:00,M02,12.691,1.947,27.018,20.796,46.204
2026-09-03T19:25:00,M02,12.701,1.927,27.310,20.454,45.970
2026-09-03T19:26:00,M02,12.481,1.950,27.088,20.815,44.281
2026-09-03T19:27:00,M02,12.648,1.955,26.887,20.956,46.954
2026-09-03T19:28:00,M02,12.638,2.053,27.059,20.536,43.769
2026-09-03T19:29:00,M02,12.576,2.014,27.093,20.832,45.783
2026-09-03T19:30:00,M02,12.548,2.006,26.757,20.932,44.383
2026-09-03T19:31:00,M02,12.526,1.991,27.141,20.819,44.569
2026-09-03T19:32:00,M02,12.520,1.966,26.895,21.154,45.209
2026-09-03T19:33:00,M02,12.632,1.945,26.912,20.887,45.405
2026-09-03T19:34:00,M02,12.495,2.034,26.915,20.899,45.983
2026-09-03T19:35:00,M02,12.691,1.971,27.021,20.690,43.221
2026-09-03T19:36:00,M02,12.625,2.027,26.840,20.657,47.537
2026-09-03T19:37:00,M02,12.815,1.996,26.991,20.600,44.454
2026-09-03T19:38:00,M02,12.585,2.084,26.870,20.461,45.213
2026-09-03T19:39:00,M02,12.623,1.934,26.993,21.073,46.003
2026-09-03T19:40:00,M02,12.529,1.984,26.702,20.900,45.593
2026-09-03T19:41:00,M02,12.721,1.919,27.192,20.958,45.052
2026-09-03T19:42:00,M02,12.449,2.001,27.054,20.822,45.433
2026-09-03T19:43:00,M02,12.625,1.970,27.096,20.803,44.761
2026-09-03T19:44:00,M02,12.605,1.957,26.989,20.936,45.620
2026-09-03T19:45:00,M02,12.560,1.973,27.138,20.736,44.620
2026-09-03T19:46:00,M02,12.457,2.023,27.275,20.807,46.600
2026-09-03T19:47:00,M02,12.617,2.011,26.954,20.711,43.680
2026-09-03T19:48:00,M02,12.663,1.964,27.081,20.676,46.583
2026-09-03T19:49:00,M02,12.576,2.041,27.017,20.498,45.125
2026-09-03T19:50:00,M02,12.609,1.942,26.966,20.576,47.150
2026-09-03T19:51:00,M02,12.672,1.945,26.951,20.812,44.326
2026-09-03T19:52:00,M02,12.625,1.978,26.952,20.855,46.815
2026-09-03T19:53:00,M02,12.571,1.988,27.035,20.499,45.246
2026-09-03T19:54:00,M02,12.604,2.051,27.092,21.007,44.597
2026-09-03T19:55:00,M02,12.500,2.071,26.822,20.968,44.986
2026-09-03T19:56:00,M02,12.600,1.978,27.194,20.755,46.014
2026-09-03T19:57:00,M02,12.473,2.074,26.982,20.917,45.909
2026-09-03T19:58:00,M02,12.472,2.045,26.855,20.712,43.539
2026-09-03T19:59:00,M02,12.611,2.096,26.968,20.790,44.898
2026-09-03T20:00:00,M02,12.714,2.000,26.947,21.089,44.104
2026-09-03T20:01:00,M02,12.579,2.031,27.200,20.941,43.424
2026-09-03T20:02:00,M02,12.655,1.896,26.920,21.033,44.020
2026-09-03T20:03:00,M02,12.679,1.826,26.810,20.802,45.690
2026-09-03T20:04:00,M02,12.541,2.059,27.032,20.605,46.091
2026-09-03T20:05:00,M02,12.725,1.988,27.033,20.906,43.859
2026-09-03T20:06:00,M02,12.584,1.960,26.968,20.910,46.954
2026-09-03T20:07:00,M02,12.547,1.999,26.885,20.412,43.632
2026-09-03T20:08:00,M02,12.512,1.962,27.028,20.782,45.998
2026-09-03T20:09:00,M02,12.571,2.043,27.008,20.947,46.119
2026-09-03T20:10:00,M02,12.662,1.984,26.944,20.832,43.144
2026-09-03T20:11:00,M02,12.517,2.006,27.288,21.004,44.222
2026-09-03T20:12:00,M02,12.696,2.004,27.083,20.864,44.088
2026-09-03T20:13:00,M02,12.570,2.008,27.119,20.954,45.803
2026-09-03T20:14:00,M02,12.715,2.015,27.067,20.748,44.102
2026-09-03T20:15:00,M02,12.691,1.994,27.147,20.551,44.413
2026-09-03T20:16:00,M02,12.494,2.002,27.031,20.795,43.215
2026-09-03T20:17:00,M02,12.429,1.991,27.141,20.608,45.609
2026-09-03T20:18:00,M02,12.645,2.042,27.025,20.727,45.399
2026-09-03T20:19:00,M02,12.464,2.049,26.747,20.661,45.607
2026-09-03T20:20:00,M02,12.540,1.969,27.058,20.820,42.994
2026-09-03T20:21:00,M02,12.594,1.964,27.088,20.964,44.706
2026-09-03T20:22:00,M02,12.546,2.013,26.738,20.942,45.619
2026-09-03T20:23:00,M02,12.583,2.007,27.262,20.562,44.822
2026-09-03T20:24:00,M02,12.765,1.977,26.997,20.863,46.545
2026-09-03T20:25:00,M02,12.609,2.086,27.259,20.962,45.259
2026-09-03T20:26:00,M02,12.522,1.975,26.983,21.027,44.761
2026-09-03T20:27:00,M02,12.556,1.976,27.201,20.818,44.282
2026-09-03T20:28:00,M02,12.606,2.018,26.897,21.016,45.834
2026-09-03T20:29:00,M02,12.603,1.909,27.095,20.896,43.392
2026-09-03T20:30:00,M02,12.684,1.974,27.118,20.937,46.070
2026-09-03T20:31:00,M02,12.577,2.033,27.145,20.824,46.898
2026-09-03T20:32:00,M02,12.545,2.035,27.037,20.568,44.200
2026-09-03T20:33:00,M02,12.565,2.024,26.782,20.756,45.167
2026-09-03T20:34:00,M02,12.681,1.934,26.965,20.730,45.392
2026-09-03T20:35:00,M02,12.738,2.019,26.889,20.492,42.391
2026-09-03T20:36:00,M02,12.514,2.014,27.176,20.709,45.191
2026-09-03T20:37:00,M02,12.537,1.983,27.013,20.823,45.212
2026-09-03T20:38:00,M02,12.645,1.975,26.873,20.483,45.669
2026-09-03T20:39:00,M02,12.592,2.025,27.043,20.565,47.508
2026-09-03T20:40:00,M02,12.655,2.029,27.004,20.810,45.985
2026-09-03T20:41:00,M02,12.385,2.086,27.100,20.850,44.472
2026-09-03T20:42:00,M02,12.453,2.021,27.181,20.773,44.422
2026-09-03T20:43:00,M02,12.660,2.001,26.924,20.849,45.577
2026-09-03T20:44:00,M02,12.631,1.963,26.937,20.930,45.425
2026-09-03T20:45:00,M02,12.638,1.989,26.998,20.479,43.787
2026-09-03T20:46:00,M02,12.572,1.945,26.990,20.659,41.571
2026-09-03T20:47:00,M02,12.483,2.031,27.102,20.813,45.859
2026-09-03T20:48:00,M02,12.453,2.035,26.918,20.859,43.534
2026-09-03T20:49:00,M02,12.622,1.954,26.696,21.004,43.324
2026-09-03T20:50:00,M02,12.579,1.993,26.966,20.660,45.207
2026-09-03T20:51:00,M02,12.563,1.983,26.757,20.588,44.812
2026-09-03T20:52:00,M02,12.516,2.027,27.032,20.768,45.282
2026-09-03T20:53:00,M02,12.486,1.909,26.960,20.657,44.966
2026-09-03T20:54:00,M02,12.652,2.016,27.133,20.831,45.520
2026-09-03T20:55:00,M02,12.703,1.966,26.821,20.726,43.949
2026-09-03T20:56:00,M02,12.470,1.966,26.914,20.738,46.599
2026-09-03T20:57:00,M02,12.528,2.106,27.137,20.790,44.239
2026-09-03T20:58:00,M02,12.534,1.985,26.967,21.195,45.287
2026-09-03T20:59:00,M02,12.616,2.034,27.108,20.920,45.414
2026-09-03T21:00:00,M02,12.604,1.985,27.112,20.553,46.790
2026-09-03T21:01:00,M02,12.588,1.987,27.346,20.690,44.557
2026-09-03T21:02:00,M02,12.369,2.005,26.841,20.860,44.415
2026-09-03T21:03:00,M02,12.668,1.988,27.103,20.756,45.100
2026-09-03T21:04:00,M02,12.685,2.014,26.848,20.621,43.916
2026-09-03T21:05:00,M02,12.718,2.056,26.904,21.046,45.426
2026-09-03T21:06:00,M02,12.552,2.043,26.839,20.757,44.211
2026-09-03T21:07:00,M02,12.811,1.956,26.806,21.043,45.495
2026-09-03T21:08:00,M02,12.444,1.945,27.097,20.771,47.681
2026-09-03T21:09:00,M02,12.672,2.014,26.935,20.962,45.484
2026-09-03T21:10:00,M02,12.639,1.980,27.265,20.609,45.962
2026-09-03T21:11:00,M02,12.655,1.963,26.973,20.479,45.677
2026-09-03T21:12:00,M02,12.494,1.985,27.072,20.646,44.021
2026-09-03T21:13:00,M02,12.679,2.008,26.936,20.415,44.678
2026-09-03T21:14:00,M02,12.600,2.057,26.754,20.332,43.857
2026-09-03T21:15:00,M02,12.700,1.975,27.035,20.866,44.720
2026-09-03T21:16:00,M02,12.604,2.000,27.176,20.592,43.034
2026-09-03T21:17:00,M02,12.612,1.959,27.213,20.793,45.817
2026-09-03T21:18:00,M02,12.667,1.973,26.878,20.710,44.229
2026-09-03T21:19:00,M02,12.415,2.070,27.116,20.542,44.814
2026-09-03T21:20:00,M02,12.651,1.932,27.127,20.447,44.683
2026-09-03T21:21:00,M02,12.514,2.049,27.213,20.530,45.279
2026-09-03T21:22:00,M02,12.518,2.025,27.027,20.811,44.482
2026-09-03T21:23:00,M02,12.695,1.972,26.961,20.726,45.811
2026-09-03T21:24:00,M02,12.574,2.003,27.084,20.706,43.909
2026-09-03T21:25:00,M02,12.488,2.076,26.860,20.801,45.315
2026-09-03T21:26:00,M02,12.568,1.988,26.909,20.527,43.738
2026-09-03T21:27:00,M02,12.664,2.031,27.091,21.131,43.255
2026-09-03T21:28:00,M02,12.490,2.035,27.283,20.843,44.206
2026-09-03T21:29:00,M02,12.534,2.021,27.073,20.692,44.148
2026-09-03T21:30:00,M02,12.625,1.960,27.036,21.121,43.286
2026-09-03T21:31:00,M02,12.666,2.027,26.992,21.218,43.498
2026-09-03T21:32:00,M02,12.516,2.027,26.967,20.949,45.238
2026-09-03T21:33:00,M02,12.518,2.006,26.721,20.748,46.111
2026-09-03T21:34:00,M02,12.627,2.019,26.936,20.772,45.234
2026-09-03T21:35:00,M02,12.600,1.974,27.224,20.839,44.197
2026-09-03T21:36:00,M02,12.570,1.983,27.032,21.051,45.731
2026-09-03T21:37:00,M02,12.600,1.960,26.694,20.951,44.046
2026-09-03T21:38:00,M02,12.573,2.070,26.749,20.957,46.201
2026-09-03T21:39:00,M02,12.529,2.072,27.084,20.608,45.147
2026-09-03T21:40:00,M02,12.419,2.031,27.061,20.555,45.212
2026-09-03T21:41:00,M02,12.635,2.030,27.108,20.681,44.449
2026-09-03T21:42:00,M02,12.562,2.012,27.091,20.895,43.317
2026-09-03T21:43:00,M02,12.568,1.991,27.114,20.782,43.259
2026-09-03T21:44:00,M02,12.616,2.013,26.948,20.785,45.743
2026-09-03T21:45:00,M02,12.534,2.064,26.976,20.763,44.785
2026-09-03T21:46:00,M02,12.487,2.001,27.115,20.683,46.564
2026-09-03T21:47:00,M02,12.513,1.990,26.983,21.203,44.933
2026-09-03T21:48:00,M02,12.552,1.994,27.065,20.651,44.961
2026-09-03T21:49:00,M02,12.715,2.015,27.046,20.726,46.081
2026-09-03T21:50:00,M02,12.663,1.982,27.259,20.528,43.086
2026-09-03T21:51:00,M02,12.658,2.025,27.072,20.855,45.641
2026-09-03T21:52:00,M02,12.685,2.018,27.136,21.072,42.719
2026-09-03T21:53:00,M02,12.595,2.049,26.843,20.851,46.451
2026-09-03T21:54:00,M02,12.711,2.114,27.135,20.856,44.574
2026-09-03T21:55:00,M02,12.601,2.016,27.250,20.854,44.383
2026-09-03T21:56:00,M02,12.621,1.964,27.130,20.765,44.647
2026-09-03T21:57:00,M02,12.576,1.960,27.086,20.676,45.417
2026-09-03T21:58:00,M02,12.625,2.060,26.943,20.568,44.562
2026-09-03T21:59:00,M02,12.585,1.892,27.338,21.024,45.875
2026-09-03T22:00:00,M02,12.623,1.982,26.925,20.695,44.194
2026-09-03T22:01:00,M02,12.969,2.039,26.782,20.925,45.440
2026-09-03T22:02:00,M02,12.544,1.933,26.768,20.801,44.741
2026-09-03T22:03:00,M02,12.697,2.010,27.138,20.786,44.099
2026-09-03T22:04:00,M02,12.605,1.988,26.949,20.959,44.037
2026-09-03T22:05:00,M02,12.662,2.008,27.049,20.767,43.616
2026-09-03T22:06:00,M02,12.563,1.959,26.996,21.053,44.881
2026-09-03T22:07:00,M02,12.629,2.054,27.328,21.393,43.777
2026-09-03T22:08:00,M02,12.507,1.962,26.737,20.857,45.785
2026-09-03T22:09:00,M02,12.513,2.015,27.016,21.050,46.986
2026-09-03T22:10:00,M02,12.625,2.002,26.936,21.229,44.413
2026-09-03T22:11:00,M02,12.631,2.011,26.994,20.622,47.105
2026-09-03T22:12:00,M02,12.555,2.071,27.032,20.839,45.147
2026-09-03T22:13:00,M02,12.543,1.979,27.094,20.776,45.073
2026-09-03T22:14:00,M02,12.482,1.969,27.177,20.774,44.563
2026-09-03T22:15:00,M02,12.651,2.003,27.096,21.082,45.495
2026-09-03T22:16:00,M02,12.767,2.059,26.891,21.108,43.920
2026-09-03T22:17:00,M02,12.577,2.005,26.746,20.599,44.347
2026-09-03T22:18:00,M02,12.705,2.018,26.818,20.554,44.151
2026-09-03T22:19:00,M02,12.589,1.970,27.075,20.826,43.910
2026-09-03T22:20:00,M02,12.654,2.054,27.215,21.000,45.286
2026-09-03T22:21:00,M02,12.555,1.990,26.898,20.736,45.174
2026-09-03T22:22:00,M02,12.632,2.044,26.862,20.630,45.258
2026-09-03T22:23:00,M02,12.626,1.957,26.803,20.914,45.411
2026-09-03T22:24:00,M02,12.646,1.987,27.082,20.823,45.739
2026-09-03T22:25:00,M02,12.533,2.033,27.062,20.848,46.569
2026-09-03T22:26:00,M02,12.738,1.947,26.922,20.587,44.651
2026-09-03T22:27:00,M02,12.597,1.927,26.738,20.518,44.081
2026-09-03T22:28:00,M02,12.449,2.043,27.050,20.826,43.786
2026-09-03T22:29:00,M02,12.554,2.012,26.887,20.673,44.678
2026-09-03T22:30:00,M02,12.749,2.022,26.940,20.432,47.438
2026-09-03T22:31:00,M02,12.481,2.022,26.665,20.971,45.962
2026-09-03T22:32:00,M02,12.676,2.091,27.211,20.543,45.338
2026-09-03T22:33:00,M02,12.707,2.103,27.272,20.807,45.586
2026-09-03T22:34:00,M02,12.615,1.940,26.874,20.745,44.158
2026-09-03T22:35:00,M02,12.721,1.999,26.947,21.023,45.162
2026-09-03T22:36:00,M02,12.731,2.033,27.017,20.753,45.339
2026-09-03T22:37:00,M02,12.570,1.970,27.134,20.769,42.049
2026-09-03T22:38:00,M02,12.573,2.065,26.849,20.583,45.669
2026-09-03T22:39:00,M02,12.762,2.036,26.820,20.963,45.883
2026-09-03T22:40:00,M02,12.636,2.022,27.120,20.921,45.938
2026-09-03T22:41:00,M02,12.492,1.945,27.149,20.732,44.332
2026-09-03T22:42:00,M02,12.509,1.973,27.074,20.722,45.331
2026-09-03T22:43:00,M02,12.534,2.024,26.864,21.039,44.852
2026-09-03T22:44:00,M02,12.508,1.991,26.995,20.995,42.560
2026-09-03T22:45:00,M02,12.632,1.911,27.215,20.586,45.878
2026-09-03T22:46:00,M02,12.593,1.971,26.869,20.664,45.069
2026-09-03T22:47:00,M02,12.593,1.941,27.073,20.802,44.249
2026-09-03T22:48:00,M02,12.626,1.934,26.850,20.594,43.954
2026-09-03T22:49:00,M02,12.528,2.070,27.367,20.892,45.268
2026-09-03T22:50:00,M02,12.664,1.979,26.867,20.485,42.557
2026-09-03T22:51:00,M02,12.454,2.007,26.920,20.859,44.451
2026-09-03T22:52:00,M02,12.546,2.038,26.799,21.127,43.338
2026-09-03T22:53:00,M02,12.600,2.030,26.866,20.821,44.456
2026-09-03T22:54:00,M02,12.469,2.003,27.141,20.572,44.087
2026-09-03T22:55:00,M02,12.700,2.075,27.004,20.682,46.283
2026-09-03T22:56:00,M02,12.576,2.001,26.969,20.572,44.847
2026-09-03T22:57:00,M02,12.590,1.971,27.280,20.858,47.358
2026-09-03T22:58:00,M02,12.550,2.019,26.929,20.660,43.248
2026-09-03T22:59:00,M02,12.709,1.938,26.813,20.865,46.069
2026-09-03T23:00:00,M02,12.614,1.957,27.049,20.619,48.071
2026-09-03T23:01:00,M02,12.750,1.982,27.194,20.801,45.551
2026-09-03T23:02:00,M02,12.631,2.063,26.928,20.839,44.362
2026-09-03T23:03:00,M02,12.601,1.975,27.070,20.383,43.920
2026-09-03T23:04:00,M02,12.676,1.991,26.988,20.924,44.169
2026-09-03T23:05:00,M02,12.697,1.977,26.958,20.546,45.160
2026-09-03T23:06:00,M02,12.511,2.026,27.035,20.713,45.545
2026-09-03T23:07:00,M02,12.728,2.032,26.787,20.811,43.362
2026-09-03T23:08:00,M02,12.636,2.025,27.096,20.953,46.218
2026-09-03T23:09:00,M02,12.725,2.002,26.826,21.086,46.801
2026-09-03T23:10:00,M02,12.580,2.036,26.944,20.878,45.197
2026-09-03T23:11:00,M02,12.633,1.939,27.178,21.238,45.277
2026-09-03T23:12:00,M02,12.466,1.952,27.077,21.131,44.659
2026-09-03T23:13:00,M02,12.613,1.967,26.930,20.988,45.223
2026-09-03T23:14:00,M02,12.656,2.014,26.985,20.681,44.600
2026-09-03T23:15:00,M02,12.578,2.004,26.849,21.005,46.816
2026-09-03T23:16:00,M02,12.647,1.957,26.871,20.997,44.236
2026-09-03T23:17:00,M02,12.638,1.966,27.094,20.908,43.717
2026-09-03T23:18:00,M02,12.525,1.970,26.980,21.037,44.659
2026-09-03T23:19:00,M02,12.660,1.996,27.160,20.706,44.633
2026-09-03T23:20:00,M02,12.503,2.022,26.953,20.850,45.844
2026-09-03T23:21:00,M02,12.649,2.048,26.856,20.679,46.666
2026-09-03T23:22:00,M02,12.680,1.956,26.928,20.269,44.289
2026-09-03T23:23:00,M02,12.507,2.015,27.138,20.723,44.291
2026-09-03T23:24:00,M02,12.602,2.045,26.914,20.595,45.455
2026-09-03T23:25:00,M02,12.662,2.018,27.118,20.720,46.619
2026-09-03T23:26:00,M02,12.681,1.958,26.947,20.470,44.119
2026-09-03T23:27:00,M02,12.572,1.955,27.216,20.885,45.424
2026-09-03T23:28:00,M02,12.651,2.031,27.152,20.864,46.525
2026-09-03T23:29:00,M02,12.470,2.050,26.846,20.862,45.815
2026-09-03T23:30:00,M02,12.592,1.987,26.995,20.652,45.050
2026-09-03T23:31:00,M02,12.615,2.007,26.997,20.771,45.012
2026-09-03T23:32:00,M02,12.646,2.015,26.846,20.786,45.391
2026-09-03T23:33:00,M02,12.437,1.981,27.085,20.595,43.834
2026-09-03T23:34:00,M02,12.634,2.071,26.842,20.751,45.316
2026-09-03T23:35:00,M02,12.569,2.045,27.046,21.128,43.098
2026-09-03T23:36:00,M02,12.739,1.947,26.957,20.792,44.333
2026-09-03T23:37:00,M02,12.745,1.923,27.086,20.986,45.846
2026-09-03T23:38:00,M02,12.582,1.991,27.084,20.898,44.534
2026-09-03T23:39:00,M02,12.536,2.063,27.118,20.761,44.001
2026-09-03T23:40:00,M02,12.638,2.135,26.917,20.927,44.282
2026-09-03T23:41:00,M02,12.712,2.042,27.116,20.956,43.657
2026-09-03T23:42:00,M02,12.475,2.048,27.281,20.828,44.773
2026-09-03T23:43:00,M02,12.777,1.876,27.126,20.994,43.685
2026-09-03T23:44:00,M02,12.557,1.914,26.899,20.468,44.931
2026-09-03T23:45:00,M02,12.526,2.015,27.149,20.623,42.878
2026-09-03T23:46:00,M02,12.765,1.932,26.826,20.609,46.320
2026-09-03T23:47:00,M02,12.491,2.023,26.992,20.952,43.345
2026-09-03T23:48:00,M02,12.565,2.066,27.017,20.855,44.827
2026-09-03T23:49:00,M02,12.503,2.096,27.040,21.020,44.992
2026-09-03T23:50:00,M02,12.582,2.015,27.072,20.797,46.510
2026-09-03T23:51:00,M02,12.577,1.978,27.005,20.795,45.331
2026-09-03T23:52:00,M02,12.803,1.963,27.106,20.757,44.544
2026-09-03T23:53:00,M02,12.553,1.983,27.080,20.977,46.458
2026-09-03T23:54:00,M02,12.542,2.016,27.129,20.702,45.254
2026-09-03T23:55:00,M02,12.627,2.051,26.839,20.851,44.238
2026-09-03T23:56:00,M02,12.591,2.046,27.056,20.738,44.889
2026-09-03T23:57:00,M02,12.686,2.010,27.047,20.705,43.483
2026-09-03T23:58:00,M02,12.715,2.041,26.920,20.972,44.919
2026-09-03T23:59:00,M02,12.716,1.929,27.159,20.971,44.862
2026-09-04T00:00:00,M02,11.933,1.808,24.190,19.858,45.001
2026-09-04T00:01:00,M02,12.047,1.775,24.180,19.964,43.791
2026-09-04T00:02:00,M02,12.090,1.857,24.294,19.898,45.617
2026-09-04T00:03:00,M02,12.072,1.831,24.105,20.046,44.750
2026-09-04T00:04:00,M02,12.035,1.797,24.462,20.222,45.243
2026-09-04T00:05:00,M02,12.096,1.815,24.456,20.201,46.079
2026-09-04T00:06:00,M02,12.186,1.842,24.582,20.072,46.219
2026-09-04T00:07:00,M02,12.053,1.789,24.381,20.252,44.050
2026-09-04T00:08:00,M02,12.057,1.775,24.677,20.149,47.249
2026-09-04T00:09:00,M02,12.297,1.854,24.868,20.122,45.694
2026-09-04T00:10:00,M02,12.174,1.859,25.049,20.279,44.004
2026-09-04T00:11:00,M02,12.121,1.909,24.812,20.176,44.252
2026-09-04T00:12:00,M02,12.241,1.827,25.048,20.503,45.678
2026-09-04T00:13:00,M02,12.248,1.736,24.967,20.481,43.369
2026-09-04T00:14:00,M02,12.190,1.861,25.082,19.815,44.849
2026-09-04T00:15:00,M02,12.216,1.927,25.061,20.112,44.643
2026-09-04T00:16:00,M02,12.273,1.795,25.156,20.218,44.799
2026-09-04T00:17:00,M02,12.356,1.871,24.990,20.161,46.395
2026-09-04T00:18:00,M02,12.335,1.941,25.366,20.473,45.082
2026-09-04T00:19:00,M02,12.425,1.860,25.431,20.606,43.531
2026-09-04T00:20:00,M02,12.262,1.906,25.504,20.233,44.994
2026-09-04T00:21:00,M02,12.328,1.900,25.568,20.596,45.547
2026-09-04T00:22:00,M02,12.507,1.857,25.765,20.295,47.629
2026-09-04T00:23:00,M02,12.363,1.968,25.419,20.299,44.005
2026-09-04T00:24:00,M02,12.360,1.922,25.788,20.657,45.201
2026-09-04T00:25:00,M02,12.361,1.926,25.844,20.557,45.656
2026-09-04T00:26:00,M02,12.377,1.929,25.820,20.182,45.378
2026-09-04T00:27:00,M02,12.282,1.897,25.996,20.457,44.826
2026-09-04T00:28:00,M02,12.324,1.883,25.847,20.359,45.930
2026-09-04T00:29:00,M02,12.305,1.959,26.115,20.630,43.716
2026-09-04T00:30:00,M02,12.307,1.822,25.859,20.700,43.437
2026-09-04T00:31:00,M02,12.381,1.903,25.739,20.488,43.725
2026-09-04T00:32:00,M02,12.482,1.949,26.112,20.681,42.879
2026-09-04T00:33:00,M02,12.269,1.940,26.417,20.228,44.562
2026-09-04T00:34:00,M02,12.514,1.887,25.944,20.369,43.139
2026-09-04T00:35:00,M02,12.504,1.936,26.034,20.352,44.497
2026-09-04T00:36:00,M02,12.517,1.919,25.981,20.817,45.024
2026-09-04T00:37:00,M02,12.543,1.953,26.239,20.658,44.334
2026-09-04T00:38:00,M02,12.311,1.960,26.364,20.504,46.780
2026-09-04T00:39:00,M02,12.376,1.948,26.291,20.831,46.701
2026-09-04T00:40:00,M02,12.428,1.959,26.344,20.654,44.548
2026-09-04T00:41:00,M02,12.361,1.914,26.075,20.608,46.782
2026-09-04T00:42:00,M02,12.441,1.939,26.151,20.572,44.053
2026-09-04T00:43:00,M02,12.319,2.044,26.294,20.590,45.307
2026-09-04T00:44:00,M02,12.599,1.962,26.139,20.283,45.459
2026-09-04T00:45:00,M02,12.584,1.923,26.291,20.633,45.099
2026-09-04T00:46:00,M02,12.422,1.888,26.535,20.784,45.884
2026-09-04T00:47:00,M02,12.486,1.897,26.416,20.591,43.710
2026-09-04T00:48:00,M02,12.493,1.952,26.640,20.499,44.527
2026-09-04T00:49:00,M02,12.557,1.944,26.671,20.919,44.493
2026-09-04T00:50:00,M02,12.539,2.030,26.256,20.983,43.813
2026-09-04T00:51:00,M02,12.494,1.967,26.583,20.826,44.521
2026-09-04T00:52:00,M02,12.589,1.970,26.643,20.516,43.716
2026-09-04T00:53:00,M02,12.585,1.978,26.489,20.400,45.850
2026-09-04T00:54:00,M02,12.436,1.997,26.256,20.638,43.905
2026-09-04T00:55:00,M02,12.469,2.059,26.463,20.463,45.257
2026-09-04T00:56:00,M02,12.501,1.973,26.406,20.874,44.409
2026-09-04T00:57:00,M02,12.582,2.008,26.666,20.648,47.346
2026-09-04T00:58:00,M02,12.438,1.923,26.687,20.744,47.716
2026-09-04T00:59:00,M02,12.655,1.998,26.488,20.578,44.674
2026-09-04T01:00:00,M02,12.630,1.971,26.595,20.584,44.365
2026-09-04T01:01:00,M02,12.512,1.971,26.569,20.643,45.682
2026-09-04T01:02:00,M02,12.420,1.897,26.878,20.588,45.231
2026-09-04T01:03:00,M02,12.499,2.002,26.751,20.597,46.252
2026-09-04T01:04:00,M02,12.737,1.961,26.719,20.763,47.711
2026-09-04T01:05:00,M02,12.463,2.020,26.730,20.736,45.949
2026-09-04T01:06:00,M02,12.463,1.995,26.928,20.788,44.349
2026-09-04T01:07:00,M02,12.565,1.992,26.543,20.456,46.787
2026-09-04T01:08:00,M02,12.482,2.019,26.870,20.935,43.449
2026-09-04T01:09:00,M02,12.557,1.911,26.532,20.868,45.432
2026-09-04T01:10:00,M02,12.559,2.077,26.818,20.740,46.754
2026-09-04T01:11:00,M02,12.448,1.954,26.752,20.809,44.365
2026-09-04T01:12:00,M02,12.658,1.961,26.660,20.787,45.637
2026-09-04T01:13:00,M02,12.622,1.998,26.949,20.441,47.084
2026-09-04T01:14:00,M02,12.538,2.020,26.821,20.786,43.592
2026-09-04T01:15:00,M02,12.585,2.019,26.594,20.697,45.782
2026-09-04T01:16:00,M02,12.534,1.944,26.758,20.567,45.039
2026-09-04T01:17:00,M02,12.666,2.023,26.854,20.873,44.866
2026-09-04T01:18:00,M02,12.435,2.083,26.747,20.677,44.055
2026-09-04T01:19:00,M02,12.509,1.987,26.821,20.852,43.633
2026-09-04T01:20:00,M02,12.550,1.828,26.813,20.499,48.244
2026-09-04T01:21:00,M02,12.627,1.995,26.924,20.914,44.329
2026-09-04T01:22:00,M02,12.467,1.996,26.934,20.838,43.778
2026-09-04T01:23:00,M02,12.522,1.933,26.807,21.032,44.588
2026-09-04T01:24:00,M02,12.717,1.980,26.716,20.698,43.429
2026-09-04T01:25:00,M02,12.607,1.958,26.910,20.926,45.684
2026-09-04T01:26:00,M02,12.716,1.995,26.917,20.762,43.794
2026-09-04T01:27:00,M02,12.693,2.058,26.949,20.546,44.319
2026-09-04T01:28:00,M02,12.630,2.042,26.831,20.800,47.101
2026-09-04T01:29:00,M02,12.427,2.063,26.917,20.628,46.164
2026-09-04T01:30:00,M02,12.656,1.964,26.901,20.987,43.641
2026-09-04T01:31:00,M02,12.592,2.005,26.835,20.793,45.202
2026-09-04T01:32:00,M02,12.503,1.985,26.954,20.914,45.751
2026-09-04T01:33:00,M02,12.461,2.039,27.052,20.926,43.806
2026-09-04T01:34:00,M02,12.654,1.979,27.015,20.776,41.791
2026-09-04T01:35:00,M02,12.505,1.975,26.824,20.672,45.468
2026-09-04T01:36:00,M02,12.676,2.062,27.035,20.909,45.092
2026-09-04T01:37:00,M02,12.687,2.011,26.928,20.721,44.250
2026-09-04T01:38:00,M02,12.657,2.047,26.890,20.527,44.332
2026-09-04T01:39:00,M02,12.463,2.022,26.851,20.509,46.856
2026-09-04T01:40:00,M02,12.545,2.048,27.174,20.646,42.800
2026-09-04T01:41:00,M02,12.705,2.005,27.054,20.646,45.605
2026-09-04T01:42:00,M02,12.624,1.971,26.954,20.783,44.776
2026-09-04T01:43:00,M02,12.660,2.010,26.985,20.745,44.573
2026-09-04T01:44:00,M02,12.476,2.096,26.808,20.730,47.094
2026-09-04T01:45:00,M02,12.730,1.997,27.089,20.972,46.992
2026-09-04T01:46:00,M02,12.486,1.999,26.900,20.703,45.044
2026-09-04T01:47:00,M02,12.583,2.041,27.092,20.682,44.528
2026-09-04T01:48:00,M02,12.600,1.997,26.848,20.934,43.902
2026-09-04T01:49:00,M02,12.493,2.007,26.782,20.884,42.892
2026-09-04T01:50:00,M02,12.647,1.999,26.897,20.744,47.011
2026-09-04T01:51:00,M02,12.529,1.993,26.921,21.054,45.226
2026-09-04T01:52:00,M02,12.639,1.985,26.890,20.874,45.644
2026-09-04T01:53:00,M02,12.692,2.067,26.783,20.943,46.303
2026-09-04T01:54:00,M02,12.723,2.017,26.770,20.795,45.288
2026-09-04T01:55:00,M02,12.635,2.057,26.849,20.535,44.280
2026-09-04T01:56:00,M02,12.478,2.018,26.981,20.939,45.406
2026-09-04T01:57:00,M02,12.552,1.967,26.716,20.709,45.749
2026-09-04T01:58:00,M02,12.503,2.008,26.998,20.994,45.093
2026-09-04T01:59:00,M02,12.560,1.976,27.000,20.878,44.503
2026-09-04T02:00:00,M02,12.647,1.966,26.888,20.718,45.432
2026-09-04T02:01:00,M02,12.640,2.045,27.264,20.725,44.179
2026-09-04T02:02:00,M02,12.593,2.035,26.793,20.634,45.267
2026-09-04T02:03:00,M02,12.442,2.082,26.910,21.050,46.815
2026-09-04T02:04:00,M02,12.615,1.995,26.840,20.977,45.313
2026-09-04T02:05:00,M02,12.558,2.005,26.969,20.853,45.189
2026-09-04T02:06:00,M02,12.576,1.979,27.040,20.593,46.106
2026-09-04T02:07:00,M02,12.628,1.974,26.957,20.499,45.529
2026-09-04T02:08:00,M02,12.512,1.970,26.770,20.415,45.686
2026-09-04T02:09:00,M02,12.801,1.998,26.887,20.802,44.640
2026-09-04T02:10:00,M02,12.639,1.945,27.075,20.540,46.108
2026-09-04T02:11:00,M02,12.663,2.022,27.133,21.178,45.314
2026-09-04T02:12:00,M02,12.782,1.970,26.910,20.722,45.047
2026-09-04T02:13:00,M02,12.439,1.989,27.013,21.079,47.302
2026-09-04T02:14:00,M02,12.597,2.024,27.167,20.846,42.518
2026-09-04T02:15:00,M02,12.615,2.051,26.791,20.889,46.178
2026-09-04T02:16:00,M02,12.688,2.031,27.057,20.746,44.884
2026-09-04T02:17:00,M02,12.600,1.989,26.697,21.088,45.936
2026-09-04T02:18:00,M02,12.582,1.953,26.861,20.650,45.734
2026-09-04T02:19:00,M02,12.466,1.947,26.868,20.854,46.938
2026-09-04T02:20:00,M02,12.583,1.941,26.947,20.668,45.290
2026-09-04T02:21:00,M02,12.648,1.899,26.915,20.920,45.251
2026-09-04T02:22:00,M02,12.485,1.967,27.078,21.160,43.394
2026-09-04T02:23:00,M02,12.554,2.012,26.879,20.516,44.713
2026-09-04T02:24:00,M02,12.786,1.958,26.963,20.723,45.245
2026-09-04T02:25:00,M02,12.558,1.981,26.992,21.102,46.801
2026-09-04T02:26:00,M02,12.672,1.995,27.061,20.783,44.057
2026-09-04T02:27:00,M02,12.773,1.994,26.980,20.735,44.779
2026-09-04T02:28:00,M02,12.675,1.988,26.881,20.595,46.347
2026-09-04T02:29:00,M02,12.603,1.998,26.587,20.824,46.192
2026-09-04T02:30:00,M02,12.547,2.010,27.013,20.919,44.366
2026-09-04T02:31:00,M02,12.593,1.965,26.895,20.647,46.298
2026-09-04T02:32:00,M02,12.559,2.013,27.176,20.643,45.768
2026-09-04T02:33:00,M02,12.608,2.002,26.875,20.857,46.332
2026-09-04T02:34:00,M02,12.728,1.914,26.974,20.503,45.856
2026-09-04T02:35:00,M02,12.671,2.096,26.796,20.959,44.505
2026-09-04T02:36:00,M02,12.686,1.973,26.783,20.745,44.818
2026-09-04T02:37:00,M02,12.686,1.957,27.099,20.781,45.845
2026-09-04T02:38:00,M02,12.735,1.922,26.917,20.819,45.653
2026-09-04T02:39:00,M02,12.615,1.976,26.967,20.667,44.894
2026-09-04T02:40:00,M02,12.516,1.961,26.868,20.757,46.451
2026-09-04T02:41:00,M02,12.635,2.070,26.802,20.758,42.789
2026-09-04T02:42:00,M02,12.605,1.965,26.915,20.659,45.805
2026-09-04T02:43:00,M02,12.516,2.032,27.058,21.006,44.031
2026-09-04T02:44:00,M02,12.636,2.070,26.832,20.871,44.522
2026-09-04T02:45:00,M02,12.639,2.017,26.908,20.842,42.991
2026-09-04T02:46:00,M02,12.599,2.006,26.901,20.680,44.118
2026-09-04T02:47:00,M02,12.585,1.968,26.945,20.850,42.033
2026-09-04T02:48:00,M02,12.733,1.964,26.721,20.754,45.418
2026-09-04T02:49:00,M02,12.671,2.029,27.086,20.493,45.992
2026-09-04T02:50:00,M02,12.746,2.033,26.823,20.810,44.440
2026-09-04T02:51:00,M02,12.722,1.928,26.942,20.578,46.013
2026-09-04T02:52:00,M02,12.615,1.946,26.749,20.700,46.716
2026-09-04T02:53:00,M02,12.514,1.925,26.996,20.989,45.326
2026-09-04T02:54:00,M02,12.545,2.113,27.106,20.920,45.464
2026-09-04T02:55:00,M02,12.810,1.974,26.987,20.834,43.623
2026-09-04T02:56:00,M02,12.620,2.067,26.850,20.699,45.238
2026-09-04T02:57:00,M02,12.657,1.992,26.997,20.764,45.581
2026-09-04T02:58:00,M02,12.591,2.009,26.899,20.567,43.793
2026-09-04T02:59:00,M02,12.527,2.052,27.117,21.050,44.879
2026-09-04T03:00:00,M02,12.617,1.947,26.928,20.800,44.467
2026-09-04T03:01:00,M02,12.432,2.051,26.939,20.647,44.324
2026-09-04T03:02:00,M02,12.525,2.079,26.913,20.453,45.628
2026-09-04T03:03:00,M02,12.686,2.018,26.904,20.589,44.983
2026-09-04T03:04:00,M02,12.704,1.970,27.043,20.881,47.735
2026-09-04T03:05:00,M02,12.634,2.046,27.107,21.054,44.937
2026-09-04T03:06:00,M02,12.581,2.002,27.026,20.746,45.252
2026-09-04T03:07:00,M02,12.580,2.049,26.773,20.533,44.149
2026-09-04T03:08:00,M02,12.647,1.947,27.304,20.733,44.203
2026-09-04T03:09:00,M02,12.669,2.052,27.158,20.820,44.239
2026-09-04T03:10:00,M02,12.515,1.964,26.924,20.919,46.273
2026-09-04T03:11:00,M02,12.618,2.005,26.838,20.919,46.734
2026-09-04T03:12:00,M02,12.531,1.979,27.213,20.471,46.752
2026-09-04T03:13:00,M02,12.488,2.014,26.888,20.929,45.700
2026-09-04T03:14:00,M02,12.588,2.020,27.166,20.773,44.583
2026-09-04T03:15:00,M02,12.478,2.018,26.976,20.844,44.830
2026-09-04T03:16:00,M02,12.449,1.965,26.708,20.663,44.244
2026-09-04T03:17:00,M02,12.469,1.937,27.068,20.428,44.746
2026-09-04T03:18:00,M02,12.594,2.020,27.091,20.520,45.679
2026-09-04T03:19:00,M02,12.646,2.038,27.058,20.759,45.065
2026-09-04T03:20:00,M02,12.629,1.996,27.099,20.635,42.960
2026-09-04T03:21:00,M02,12.574,1.957,27.076,20.786,44.810
2026-09-04T03:22:00,M02,12.703,1.988,26.920,20.921,46.539
2026-09-04T03:23:00,M02,12.764,2.005,27.077,20.541,42.528
2026-09-04T03:24:00,M02,12.648,1.953,27.049,20.806,45.377
2026-09-04T03:25:00,M02,12.653,1.941,27.142,20.895,44.651
2026-09-04T03:26:00,M02,12.457,2.008,27.172,21.065,47.856
2026-09-04T03:27:00,M02,12.747,2.010,26.879,20.863,45.320
2026-09-04T03:28:00,M02,12.546,1.988,27.152,20.664,45.174
2026-09-04T03:29:00,M02,12.646,2.010,26.921,20.673,44.321
2026-09-04T03:30:00,M02,12.593,1.999,27.075,20.460,44.015
2026-09-04T03:31:00,M02,12.554,1.995,26.968,20.821,46.752
2026-09-04T03:32:00,M02,12.537,2.020,27.103,20.779,44.968
2026-09-04T03:33:00,M02,12.674,2.068,27.154,20.733,45.690
2026-09-04T03:34:00,M02,12.592,2.000,27.118,20.718,45.060
2026-09-04T03:35:00,M02,12.511,1.986,26.879,20.723,43.442
2026-09-04T03:36:00,M02,12.517,2.004,26.621,20.954,45.230
2026-09-04T03:37:00,M02,12.710,1.988,26.888,21.144,46.296
2026-09-04T03:38:00,M02,12.576,1.938,26.876,20.617,45.740
2026-09-04T03:39:00,M02,12.539,2.024,26.785,20.821,45.505
2026-09-04T03:40:00,M02,12.557,1.937,27.001,20.880,45.043
2026-09-04T03:41:00,M02,12.600,1.953,27.309,20.730,43.997
2026-09-04T03:42:00,M02,12.461,1.975,27.004,20.754,44.616
2026-09-04T03:43:00,M02,12.589,1.941,26.913,20.835,45.016
2026-09-04T03:44:00,M02,12.646,1.975,27.133,20.715,45.381
2026-09-04T03:45:00,M02,12.543,2.002,27.101,20.778,43.542
2026-09-04T03:46:00,M02,12.488,1.986,26.971,20.878,45.624
2026-09-04T03:47:00,M02,12.594,1.944,26.901,20.810,44.093
2026-09-04T03:48:00,M02,12.674,1.985,26.852,20.605,45.343
2026-09-04T03:49:00,M02,12.534,1.957,27.144,20.919,44.008
2026-09-04T03:50:00,M02,12.660,1.985,27.013,21.146,44.096
2026-09-04T03:51:00,M02,12.499,1.971,26.978,21.157,43.683
2026-09-04T03:52:00,M02,12.676,1.950,27.086,20.533,44.559
2026-09-04T03:53:00,M02,12.551,2.096,27.121,21.129,43.599
2026-09-04T03:54:00,M02,12.465,2.087,26.981,21.027,44.970
2026-09-04T03:55:00,M02,12.566,1.951,26.785,21.181,45.456
2026-09-04T03:56:00,M02,12.458,2.017,26.972,20.983,43.801
2026-09-04T03:57:00,M02,12.456,1.956,27.135,21.025,46.416
2026-09-04T03:58:00,M02,12.567,2.048,26.913,21.036,43.184
2026-09-04T03:59:00,M02,12.740,1.975,27.175,20.799,43.628
2026-09-04T04:00:00,M02,12.621,1.945,26.948,20.950,45.130
2026-09-04T04:01:00,M02,12.450,1.953,26.970,20.481,46.195
2026-09-04T04:02:00,M02,12.576,1.977,26.930,20.904,44.270
2026-09-04T04:03:00,M02,12.570,2.016,26.806,20.733,45.192
2026-09-04T04:04:00,M02,12.647,2.062,27.029,20.864,44.728
2026-09-04T04:05:00,M02,12.456,2.011,27.092,20.724,44.627
2026-09-04T04:06:00,M02,12.535,1.910,27.247,20.859,44.187
2026-09-04T04:07:00,M02,12.477,2.054,26.903,20.487,45.596
2026-09-04T04:08:00,M02,12.696,1.969,26.908,20.827,44.296
2026-09-04T04:09:00,M02,12.533,1.961,26.999,20.742,42.816
2026-09-04T04:10:00,M02,12.658,1.935,27.139,20.675,43.492
2026-09-04T04:11:00,M02,12.533,2.053,27.047,20.827,44.189
2026-09-04T04:12:00,M02,12.777,2.058,26.938,20.664,46.151
2026-09-04T04:13:00,M02,12.662,1.999,27.019,20.332,44.700
2026-09-04T04:14:00,M02,12.586,1.990,27.015,20.756,43.205
2026-09-04T04:15:00,M02,12.675,2.043,26.874,20.801,46.207
2026-09-04T04:16:00,M02,12.571,1.951,27.038,20.811,45.530
2026-09-04T04:17:00,M02,12.709,2.002,26.959,20.841,45.952
2026-09-04T04:18:00,M02,12.646,2.014,27.205,20.940,44.197
2026-09-04T04:19:00,M02,12.647,1.975,26.628,20.692,43.654
2026-09-04T04:20:00,M02,12.650,2.011,26.973,20.854,46.693
2026-09-04T04:21:00,M02,12.790,1.976,26.811,20.555,44.801
2026-09-04T04:22:00,M02,12.619,2.061,27.075,20.622,44.957
2026-09-04T04:23:00,M02,12.627,1.980,27.082,20.994,44.038
2026-09-04T04:24:00,M02,12.547,2.071,27.104,21.103,48.973
2026-09-04T04:25:00,M02,12.548,1.936,26.903,20.912,46.888
2026-09-04T04:26:00,M02,12.700,2.025,26.812,20.452,45.859
2026-09-04T04:27:00,M02,12.698,1.957,26.927,20.955,46.976
2026-09-04T04:28:00,M02,12.513,2.000,27.134,20.715,43.506
2026-09-04T04:29:00,M02,12.514,2.086,27.040,20.682,46.333
2026-09-04T04:30:00,M02,12.478,2.029,27.143,20.733,43.967
2026-09-04T04:31:00,M02,12.759,1.966,27.174,20.529,44.441
2026-09-04T04:32:00,M02,12.467,1.948,27.104,20.916,45.355
2026-09-04T04:33:00,M02,12.663,1.967,27.210,20.395,46.287
2026-09-04T04:34:00,M02,12.622,2.053,26.954,20.442,45.250
2026-09-04T04:35:00,M02,12.536,1.966,26.925,20.819,44.438
2026-09-04T04:36:00,M02,12.631,2.048,26.904,20.672,44.445
2026-09-04T04:37:00,M02,12.532,2.046,26.798,20.593,45.534
2026-09-04T04:38:00,M02,12.629,2.038,27.033,20.588,45.485
2026-09-04T04:39:00,M02,12.533,1.973,27.039,20.862,46.377
2026-09-04T04:40:00,M02,12.639,1.983,27.017,20.770,44.983
2026-09-04T04:41:00,M02,12.614,1.962,27.094,21.008,43.298
2026-09-04T04:42:00,M02,12.622,2.021,27.028,20.771,44.960
2026-09-04T04:43:00,M02,12.510,2.050,27.129,20.945,44.335
2026-09-04T04:44:00,M02,12.555,2.001,26.875,20.875,46.449
2026-09-04T04:45:00,M02,12.512,1.992,26.974,20.866,43.513
2026-09-04T04:46:00,M02,12.510,1.951,27.117,20.580,47.263
2026-09-04T04:47:00,M02,12.674,1.942,27.067,20.889,45.526
2026-09-04T04:48:00,M02,12.493,2.003,27.031,20.816,43.450
2026-09-04T04:49:00,M02,12.625,2.015,26.867,20.911,44.940
2026-09-04T04:50:00,M02,12.605,2.039,26.696,21.190,45.105
2026-09-04T04:51:00,M02,12.725,2.061,26.803,20.584,46.503
2026-09-04T04:52:00,M02,12.607,1.994,26.926,20.838,46.260
2026-09-04T04:53:00,M02,12.518,2.029,26.853,20.639,45.279
2026-09-04T04:54:00,M02,12.816,1.963,26.957,20.870,47.857
2026-09-04T04:55:00,M02,12.692,2.010,26.979,20.806,46.321
2026-09-04T04:56:00,M02,12.569,1.977,26.984,20.778,44.444
2026-09-04T04:57:00,M02,12.675,1.976,27.011,20.954,44.372
2026-09-04T04:58:00,M02,12.582,2.028,27.236,20.659,44.723
2026-09-04T04:59:00,M02,12.609,1.987,27.209,20.692,44.571
2026-09-04T05:00:00,M02,12.643,2.048,26.992,21.198,44.268
2026-09-04T05:01:00,M02,12.625,1.961,27.239,21.028,46.412
2026-09-04T05:02:00,M02,12.391,1.935,26.851,21.016,45.305
2026-09-04T05:03:00,M02,12.524,2.052,27.082,20.636,44.035
2026-09-04T05:04:00,M02,12.522,1.888,26.846,21.041,43.705
2026-09-04T05:05:00,M02,12.563,1.961,26.843,20.386,44.032
2026-09-04T05:06:00,M02,12.700,2.016,26.863,20.849,43.651
2026-09-04T05:07:00,M02,12.618,2.024,26.886,21.171,45.669
2026-09-04T05:08:00,M02,12.689,1.986,27.030,20.710,45.146
2026-09-04T05:09:00,M02,12.650,2.048,27.143,21.065,44.643
2026-09-04T05:10:00,M02,12.616,1.958,26.892,20.528,43.956
2026-09-04T05:11:00,M02,12.603,2.009,27.043,20.408,46.250
2026-09-04T05:12:00,M02,12.623,2.027,27.139,20.949,44.289
2026-09-04T05:13:00,M02,12.606,2.029,27.130,20.776,44.621
2026-09-04T05:14:00,M02,12.602,1.966,27.030,20.861,43.484
2026-09-04T05:15:00,M02,12.655,1.991,27.090,20.955,42.843
2026-09-04T05:16:00,M02,12.584,2.000,26.876,20.732,44.873
2026-09-04T05:17:00,M02,12.654,1.966,26.967,20.497,44.504
2026-09-04T05:18:00,M02,12.620,1.989,27.220,20.919,46.019
2026-09-04T05:19:00,M02,12.589,1.989,26.875,20.537,43.976
2026-09-04T05:20:00,M02,12.676,2.036,27.065,20.855,44.678
2026-09-04T05:21:00,M02,12.423,1.880,27.080,20.602,46.462
2026-09-04T05:22:00,M02,12.501,1.997,27.088,20.943,46.007
2026-09-04T05:23:00,M02,12.702,1.981,27.375,20.874,45.491
2026-09-04T05:24:00,M02,12.644,2.069,26.976,20.736,45.137
2026-09-04T05:25:00,M02,12.564,1.996,26.921,20.847,47.299
2026-09-04T05:26:00,M02,12.500,1.967,27.209,21.010,43.249
2026-09-04T05:27:00,M02,12.507,2.070,26.817,20.912,43.854
2026-09-04T05:28:00,M02,12.574,1.988,26.864,21.334,45.696
2026-09-04T05:29:00,M02,12.500,1.995,26.921,20.791,46.101
2026-09-04T05:30:00,M02,12.708,1.875,26.928,20.929,45.787
2026-09-04T05:31:00,M02,12.529,1.996,27.028,20.557,46.474
2026-09-04T05:32:00,M02,12.690,2.020,27.183,20.575,44.802
2026-09-04T05:33:00,M02,12.587,1.939,26.957,20.601,45.705
2026-09-04T05:34:00,M02,12.726,1.986,26.963,20.854,43.732
2026-09-04T05:35:00,M02,12.687,1.959,26.901,20.507,45.167
2026-09-04T05:36:00,M02,12.606,2.050,26.802,20.756,45.367
2026-09-04T05:37:00,M02,12.496,2.008,27.133,20.902,44.861
2026-09-04T05:38:00,M02,12.482,2.016,27.276,20.859,45.846
2026-09-04T05:39:00,M02,12.561,2.046,27.127,20.780,42.289
2026-09-04T05:40:00,M02,12.538,2.054,26.950,20.831,45.419
2026-09-04T05:41:00,M02,12.600,2.003,27.057,20.773,44.828
2026-09-04T05:42:00,M02,12.596,2.007,27.016,20.723,45.568
2026-09-04T05:43:00,M02,12.594,1.920,26.715,20.732,45.982
2026-09-04T05:44:00,M02,12.597,1.946,26.898,21.308,44.787
2026-09-04T05:45:00,M02,12.611,2.047,27.037,20.793,44.019
2026-09-04T05:46:00,M02,12.669,2.113,27.016,20.606,44.768
2026-09-04T05:47:00,M02,12.755,2.017,26.919,20.631,43.313
2026-09-04T05:48:00,M02,12.477,1.945,26.794,21.054,45.943
2026-09-04T05:49:00,M02,12.562,2.047,26.925,20.610,44.787
2026-09-04T05:50:00,M02,12.682,1.986,27.025,20.572,45.979
2026-09-04T05:51:00,M02,12.647,2.013,26.787,20.799,44.941
2026-09-04T05:52:00,M02,12.607,2.018,26.846,20.863,46.198
2026-09-04T05:53:00,M02,12.642,2.018,26.836,20.728,44.120
2026-09-04T05:54:00,M02,12.405,1.990,26.918,20.944,43.998
2026-09-04T05:55:00,M02,12.683,2.018,27.291,20.997,43.458
2026-09-04T05:56:00,M02,12.671,2.013,26.985,20.652,42.802
2026-09-04T05:57:00,M02,12.686,1.929,27.142,20.704,43.554
2026-09-04T05:58:00,M02,12.736,1.982,26.905,20.767,44.067
2026-09-04T05:59:00,M02,12.498,2.080,26.798,20.983,45.237
2026-09-04T06:00:00,M02,12.666,1.971,27.092,21.126,45.316
2026-09-04T06:01:00,M02,12.587,2.007,26.961,20.677,46.425
2026-09-04T06:02:00,M02,12.728,2.018,26.825,20.503,43.556
2026-09-04T06:03:00,M02,12.537,2.061,26.889,20.746,43.552
2026-09-04T06:04:00,M02,12.409,1.960,26.843,20.654,43.866
2026-09-04T06:05:00,M02,12.626,2.043,27.174,20.638,44.006
2026-09-04T06:06:00,M02,12.533,1.999,26.763,20.760,46.483
2026-09-04T06:07:00,M02,12.613,2.018,26.924,20.768,46.254
2026-09-04T06:08:00,M02,12.452,2.004,26.977,20.829,45.195
2026-09-04T06:09:00,M02,12.609,2.101,27.151,20.783,42.795
2026-09-04T06:10:00,M02,12.816,2.053,27.070,20.984,43.476
2026-09-04T06:11:00,M02,12.632,1.984,26.970,20.898,44.701
2026-09-04T06:12:00,M02,12.578,1.946,26.954,21.015,46.567
2026-09-04T06:13:00,M02,12.539,1.945,26.852,20.897,44.170
2026-09-04T06:14:00,M02,12.717,1.936,26.957,20.339,45.131
2026-09-04T06:15:00,M02,12.689,2.018,26.990,20.732,46.531
2026-09-04T06:16:00,M02,12.710,1.990,27.053,20.802,44.908
2026-09-04T06:17:00,M02,12.619,2.043,27.174,20.592,45.638
2026-09-04T06:18:00,M02,12.731,2.050,27.044,20.769,44.598
2026-09-04T06:19:00,M02,12.672,2.027,26.949,20.838,45.207
2026-09-04T06:20:00,M02,12.498,2.088,27.052,20.996,45.046
2026-09-04T06:21:00,M02,12.435,1.992,27.057,20.774,42.846
2026-09-04T06:22:00,M02,12.494,2.026,27.126,20.797,45.942
2026-09-04T06:23:00,M02,12.640,2.066,27.438,20.764,43.638
2026-09-04T06:24:00,M02,12.482,2.019,26.862,20.442,45.750
2026-09-04T06:25:00,M02,12.631,1.996,26.870,20.694,45.280
2026-09-04T06:26:00,M02,12.612,2.043,27.134,20.986,45.960
2026-09-04T06:27:00,M02,12.581,1.964,27.159,20.775,43.492
2026-09-04T06:28:00,M02,12.772,1.945,26.818,20.702,46.755
2026-09-04T06:29:00,M02,12.677,2.017,27.104,20.578,46.187
2026-09-04T06:30:00,M02,12.507,1.956,27.009,20.697,45.610
2026-09-04T06:31:00,M02,12.726,2.030,27.028,20.628,45.655
2026-09-04T06:32:00,M02,12.717,2.038,27.210,20.800,45.421
2026-09-04T06:33:00,M02,12.654,2.035,27.145,21.058,47.195
2026-09-04T06:34:00,M02,12.564,1.984,26.988,21.103,45.371
2026-09-04T06:35:00,M02,12.563,2.025,26.914,20.638,45.263
2026-09-04T06:36:00,M02,12.804,1.969,26.710,21.082,44.291
2026-09-04T06:37:00,M02,12.407,2.013,26.863,20.936,44.534
2026-09-04T06:38:00,M02,12.556,2.005,27.262,20.816,45.446
2026-09-04T06:39:00,M02,12.645,2.132,26.687,20.791,45.306
2026-09-04T06:40:00,M02,12.528,1.918,27.025,20.843,45.462
2026-09-04T06:41:00,M02,12.686,1.983,26.942,20.783,44.583
2026-09-04T06:42:00,M02,12.583,1.953,26.790,21.170,45.336
2026-09-04T06:43:00,M02,12.616,1.946,26.578,20.444,45.783
2026-09-04T06:44:00,M02,12.683,1.946,27.205,20.997,44.870
2026-09-04T06:45:00,M02,12.595,1.853,26.775,21.091,43.757
2026-09-04T06:46:00,M02,12.529,1.981,26.977,20.750,44.327
2026-09-04T06:47:00,M02,12.455,2.032,27.021,20.780,45.388
2026-09-04T06:48:00,M02,12.557,2.025,27.198,20.668,46.469
2026-09-04T06:49:00,M02,12.650,2.002,26.868,20.976,45.504
2026-09-04T06:50:00,M02,12.569,2.085,27.135,20.767,43.597
2026-09-04T06:51:00,M02,12.609,2.045,26.829,20.753,44.611
2026-09-04T06:52:00,M02,12.658,2.052,27.190,20.598,45.289
2026-09-04T06:53:00,M02,12.632,1.986,26.884,20.860,43.115
2026-09-04T06:54:00,M02,12.653,2.032,26.880,20.892,45.898
2026-09-04T06:55:00,M02,12.657,2.060,26.943,20.725,44.171
2026-09-04T06:56:00,M02,12.656,1.923,27.132,20.693,46.009
2026-09-04T06:57:00,M02,12.665,1.972,27.045,20.529,42.063
2026-09-04T06:58:00,M02,12.560,2.017,26.966,20.836,44.743
2026-09-04T06:59:00,M02,12.582,2.024,26.762,21.176,44.267
2026-09-04T07:00:00,M02,12.709,2.105,26.957,20.859,44.142
2026-09-04T07:01:00,M02,12.475,2.026,26.957,20.494,45.115
2026-09-04T07:02:00,M02,12.555,2.085,26.815,20.717,46.709
2026-09-04T07:03:00,M02,12.689,1.923,26.880,20.925,45.140
2026-09-04T07:04:00,M02,12.727,1.966,26.753,20.815,45.690
2026-09-04T07:05:00,M02,12.733,2.021,27.130,20.745,45.881
2026-09-04T07:06:00,M02,12.596,2.014,27.155,21.019,44.012
2026-09-04T07:07:00,M02,12.460,1.926,26.987,20.708,43.752
2026-09-04T07:08:00,M02,12.612,1.929,27.116,20.828,45.262
2026-09-04T07:09:00,M02,12.558,2.050,27.000,20.630,46.054
2026-09-04T07:10:00,M02,12.729,1.993,27.078,20.773,43.360
2026-09-04T07:11:00,M02,12.721,1.947,26.757,20.758,45.970
2026-09-04T07:12:00,M02,12.597,2.089,27.229,21.065,46.025
2026-09-04T07:13:00,M02,12.562,1.971,27.002,20.739,44.266
2026-09-04T07:14:00,M02,12.696,1.982,27.100,20.875,43.285
2026-09-04T07:15:00,M02,12.605,1.981,27.026,20.896,43.941
2026-09-04T07:16:00,M02,12.538,2.019,26.867,20.632,44.045
2026-09-04T07:17:00,M02,12.528,1.943,27.069,20.766,44.955
2026-09-04T07:18:00,M02,12.684,1.967,27.042,21.307,43.881
2026-09-04T07:19:00,M02,12.728,2.042,27.010,20.981,45.556
2026-09-04T07:20:00,M02,12.649,1.948,26.907,20.971,45.570
2026-09-04T07:21:00,M02,12.555,2.064,26.971,20.719,43.869
2026-09-04T07:22:00,M02,12.704,2.038,27.211,20.770,45.541
2026-09-04T07:23:00,M02,12.676,1.976,26.787,20.991,44.378
2026-09-04T07:24:00,M02,12.692,1.983,26.916,20.575,42.756
2026-09-04T07:25:00,M02,12.714,1.912,26.831,20.960,45.054
2026-09-04T07:26:00,M02,12.601,2.085,26.897,20.910,44.571
2026-09-04T07:27:00,M02,12.507,2.009,27.135,20.826,43.651
2026-09-04T07:28:00,M02,12.494,2.036,26.914,20.728,45.898
2026-09-04T07:29:00,M02,12.589,2.034,27.056,21.101,45.141
2026-09-04T07:30:00,M02,12.666,1.961,26.723,20.691,43.628
2026-09-04T07:31:00,M02,12.507,1.980,26.929,20.917,45.281
2026-09-04T07:32:00,M02,12.473,2.009,26.807,20.830,45.312
2026-09-04T07:33:00,M02,12.438,2.036,26.973,20.581,45.148
2026-09-04T07:34:00,M02,12.661,2.018,26.883,20.656,46.136
2026-09-04T07:35:00,M02,12.508,2.062,27.080,20.841,46.950
2026-09-04T07:36:00,M02,12.540,1.999,26.780,20.591,44.663
2026-09-04T07:37:00,M02,12.526,2.012,26.972,20.566,44.220
2026-09-04T07:38:00,M02,12.563,1.910,27.142,20.399,45.205
2026-09-04T07:39:00,M02,12.643,1.935,27.050,20.867,47.380
2026-09-04T07:40:00,M02,12.631,2.006,27.117,20.797,44.370
2026-09-04T07:41:00,M02,12.505,2.005,27.032,20.812,44.479
2026-09-04T07:42:00,M02,12.773,1.950,27.107,20.942,45.486
2026-09-04T07:43:00,M02,12.486,1.991,26.728,21.167,43.512
2026-09-04T07:44:00,M02,12.595,1.964,27.111,20.632,46.833
2026-09-04T07:45:00,M02,12.567,2.029,27.236,20.613,43.928
2026-09-04T07:46:00,M02,12.560,1.956,27.095,20.488,44.370
2026-09-04T07:47:00,M02,12.715,1.929,27.027,20.767,44.744
2026-09-04T07:48:00,M02,12.685,1.982,27.111,20.925,43.564
2026-09-04T07:49:00,M02,12.580,2.016,27.076,20.961,45.211
2026-09-04T07:50:00,M02,12.532,2.003,26.993,20.850,44.176
2026-09-04T07:51:00,M02,12.607,1.976,26.899,20.983,44.181
2026-09-04T07:52:00,M02,12.574,2.055,27.018,21.094,43.513
2026-09-04T07:53:00,M02,12.647,1.974,26.882,20.735,43.228
2026-09-04T07:54:00,M02,12.644,2.017,26.895,20.965,45.253
2026-09-04T07:55:00,M02,12.548,2.013,26.898,20.874,46.486
2026-09-04T07:56:00,M02,12.611,1.982,27.228,20.771,45.510
2026-09-04T07:57:00,M02,12.669,2.074,27.055,20.942,45.540
2026-09-04T07:58:00,M02,12.571,2.011,26.872,20.785,44.826
2026-09-04T07:59:00,M02,12.659,2.016,26.960,21.065,46.014
2026-09-04T08:00:00,M02,12.007,1.801,24.190,20.196,45.399
2026-09-04T08:01:00,M02,11.922,1.786,24.255,19.811,46.144
2026-09-04T08:02:00,M02,12.047,1.852,24.021,20.072,46.421
2026-09-04T08:03:00,M02,12.113,1.821,24.372,20.201,44.243
2026-09-04T08:04:00,M02,12.112,1.802,24.338,20.150,45.690
2026-09-04T08:05:00,M02,12.206,1.808,24.625,19.957,45.128
2026-09-04T08:06:00,M02,12.132,1.848,24.690,20.268,44.298
2026-09-04T08:07:00,M02,12.096,1.832,24.515,19.811,45.368
2026-09-04T08:08:00,M02,12.260,1.785,24.738,20.435,44.233
2026-09-04T08:09:00,M02,12.132,1.884,24.515,20.014,45.490
2026-09-04T08:10:00,M02,12.111,1.878,25.103,20.570,42.137
2026-09-04T08:11:00,M02,12.336,1.809,24.859,20.378,45.024
2026-09-04T08:12:00,M02,12.211,1.821,24.972,20.353,44.776
2026-09-04T08:13:00,M02,12.289,1.900,25.290,20.612,44.048
2026-09-04T08:14:00,M02,12.134,1.923,24.975,20.120,43.644
2026-09-04T08:15:00,M02,12.262,1.886,25.044,20.314,42.924
2026-09-04T08:16:00,M02,12.229,1.819,25.216,20.082,45.267
2026-09-04T08:17:00,M02,12.327,1.951,25.151,20.312,42.781
2026-09-04T08:18:00,M02,12.353,1.846,25.374,20.627,42.560
2026-09-04T08:19:00,M02,12.357,1.904,25.139,20.096,44.550
2026-09-04T08:20:00,M02,12.273,1.898,25.339,20.613,43.488
2026-09-04T08:21:00,M02,12.217,1.877,25.369,20.528,45.998
2026-09-04T08:22:00,M02,12.326,1.867,25.975,20.744,45.164
2026-09-04T08:23:00,M02,12.246,1.919,25.569,20.336,46.924
2026-09-04T08:24:00,M02,12.280,1.916,25.464,20.536,43.948
2026-09-04T08:25:00,M02,12.510,1.895,25.638,20.342,45.639
2026-09-04T08:26:00,M02,12.263,1.991,25.630,20.599,44.759
2026-09-04T08:27:00,M02,12.189,1.960,25.863,20.322,42.906
2026-09-04T08:28:00,M02,12.301,1.912,25.931,20.509,43.885
2026-09-04T08:29:00,M02,12.493,1.957,26.095,20.273,45.655
2026-09-04T08:30:00,M02,12.408,1.934,25.959,20.266,46.407
2026-09-04T08:31:00,M02,12.495,1.938,25.954,20.796,46.220
2026-09-04T08:32:00,M02,12.448,2.007,26.047,20.294,46.157
2026-09-04T08:33:00,M02,12.366,1.951,26.100,20.537,45.192
2026-09-04T08:34:00,M02,12.402,1.930,26.138,20.546,46.714
2026-09-04T08:35:00,M02,12.534,1.939,25.896,20.624,45.518
2026-09-04T08:36:00,M02,12.405,1.945,26.039,20.635,44.814
2026-09-04T08:37:00,M02,12.587,1.906,26.262,20.968,45.602
2026-09-04T08:38:00,M02,12.510,1.928,26.032,20.153,43.995
2026-09-04T08:39:00,M02,12.449,1.925,26.020,20.456,44.557
2026-09-04T08:40:00,M02,12.387,1.874,26.073,20.892,44.900
2026-09-04T08:41:00,M02,12.507,2.023,26.396,20.230,44.052
2026-09-04T08:42:00,M02,12.468,1.928,26.133,20.569,45.584
2026-09-04T08:43:00,M02,12.516,1.925,26.338,20.548,45.358
2026-09-04T08:44:00,M02,12.418,1.967,26.223,20.618,44.775
2026-09-04T08:45:00,M02,12.420,1.950,26.411,21.091,45.225
2026-09-04T08:46:00,M02,12.356,1.985,26.204,20.854,46.711
2026-09-04T08:47:00,M02,12.471,1.930,26.395,20.863,43.271
2026-09-04T08:48:00,M02,12.589,2.015,26.311,20.743,45.846
2026-09-04T08:49:00,M02,12.477,1.999,26.336,20.517,45.369
2026-09-04T08:50:00,M02,12.336,1.976,26.383,20.792,44.027
2026-09-04T08:51:00,M02,12.481,1.933,26.310,20.710,45.515
2026-09-04T08:52:00,M02,12.576,1.967,26.415,20.654,43.486
2026-09-04T08:53:00,M02,12.462,1.990,26.486,20.846,45.697
2026-09-04T08:54:00,M02,12.421,2.061,26.612,20.419,46.237
2026-09-04T08:55:00,M02,12.374,1.929,26.541,20.344,46.116
2026-09-04T08:56:00,M02,12.530,2.022,26.767,20.851,45.685
2026-09-04T08:57:00,M02,12.454,1.941,26.456,20.760,45.138
2026-09-04T08:58:00,M02,12.409,1.917,26.336,20.741,45.314
2026-09-04T08:59:00,M02,12.513,1.969,26.402,20.404,44.436
2026-09-04T09:00:00,M02,12.606,1.961,26.516,20.755,45.482
2026-09-04T09:01:00,M02,12.601,1.948,26.354,20.394,43.795
2026-09-04T09:02:00,M02,12.579,1.965,26.953,20.868,44.987
2026-09-04T09:03:00,M02,12.457,1.955,26.603,20.672,46.587
2026-09-04T09:04:00,M02,12.573,1.894,26.528,20.681,43.415
2026-09-04T09:05:00,M02,12.491,1.914,26.840,20.476,46.774
2026-09-04T09:06:00,M02,12.417,1.965,26.580,20.866,46.459
2026-09-04T09:07:00,M02,12.389,1.965,26.768,20.888,45.030
2026-09-04T09:08:00,M02,12.532,1.996,26.737,20.737,45.782
2026-09-04T09:09:00,M02,12.618,1.930,26.793,20.351,45.043
2026-09-04T09:10:00,M02,12.528,1.960,26.608,20.897,43.687
2026-09-04T09:11:00,M02,12.495,2.013,26.855,20.679,45.412
2026-09-04T09:12:00,M02,12.635,1.994,26.580,20.508,46.214
2026-09-04T09:13:00,M02,12.505,2.065,26.910,20.741,43.278
2026-09-04T09:14:00,M02,12.581,1.960,26.639,20.966,43.439
2026-09-04T09:15:00,M02,12.489,1.926,26.442,20.654,43.455
2026-09-04T09:16:00,M02,12.668,1.968,26.926,20.937,45.627
2026-09-04T09:17:00,M02,12.503,1.989,26.711,20.872,43.122
2026-09-04T09:18:00,M02,12.587,1.964,26.870,20.545,44.759
2026-09-04T09:19:00,M02,12.655,2.017,26.919,20.903,45.918
2026-09-04T09:20:00,M02,12.508,1.931,27.041,20.771,45.193
2026-09-04T09:21:00,M02,12.568,1.920,26.881,20.856,41.824
2026-09-04T09:22:00,M02,12.698,2.004,26.663,20.846,45.061
2026-09-04T09:23:00,M02,12.518,2.033,26.655,20.274,46.761
2026-09-04T09:24:00,M02,12.482,1.996,26.913,20.651,44.627
2026-09-04T09:25:00,M02,12.552,1.987,26.606,20.747,45.219
2026-09-04T09:26:00,M02,12.652,1.933,27.022,21.335,44.443
2026-09-04T09:27:00,M02,12.459,1.864,27.136,20.860,45.170
2026-09-04T09:28:00,M02,12.414,2.124,26.694,20.823,45.188
2026-09-04T09:29:00,M02,12.597,2.002,27.007,20.754,45.920
2026-09-04T09:30:00,M02,12.509,2.052,26.840,21.021,44.347
2026-09-04T09:31:00,M02,12.660,1.968,26.725,20.661,45.315
2026-09-04T09:32:00,M02,12.632,1.992,26.932,20.841,45.394
2026-09-04T09:33:00,M02,12.585,2.040,26.800,20.762,44.882
2026-09-04T09:34:00,M02,12.471,1.956,27.007,20.877,45.991
2026-09-04T09:35:00,M02,12.630,1.998,26.728,20.670,44.871
2026-09-04T09:36:00,M02,12.701,2.044,26.804,20.838,45.140
2026-09-04T09:37:00,M02,12.501,1.925,26.772,20.676,43.061
2026-09-04T09:38:00,M02,12.651,2.000,26.850,20.625,45.007
2026-09-04T09:39:00,M02,12.713,1.989,26.955,20.863,45.726
2026-09-04T09:40:00,M02,12.513,1.968,26.999,20.846,44.886
2026-09-04T09:41:00,M02,12.612,1.984,26.727,20.606,46.788
2026-09-04T09:42:00,M02,12.417,2.065,26.654,20.847,47.116
2026-09-04T09:43:00,M02,12.562,1.992,26.727,20.763,45.239
2026-09-04T09:44:00,M02,12.621,1.997,26.755,20.990,44.370
2026-09-04T09:45:00,M02,12.651,1.927,26.958,20.434,45.197
2026-09-04T09:46:00,M02,12.618,1.927,27.034,20.695,43.622
2026-09-04T09:47:00,M02,12.650,2.070,26.893,20.625,45.541
2026-09-04T09:48:00,M02,12.514,2.031,26.916,20.711,44.539
2026-09-04T09:49:00,M02,12.616,1.938,26.833,20.443,44.742
2026-09-04T09:50:00,M02,12.554,2.024,26.919,20.796,45.262
2026-09-04T09:51:00,M02,12.670,1.987,27.047,20.936,47.107
2026-09-04T09:52:00,M02,12.603,2.034,26.803,20.356,45.749
2026-09-04T09:53:00,M02,12.593,1.941,27.174,20.988,45.220
2026-09-04T09:54:00,M02,12.614,1.918,26.863,20.610,44.557
2026-09-04T09:55:00,M02,12.505,2.022,26.709,20.955,45.025
2026-09-04T09:56:00,M02,12.539,1.986,26.657,20.681,44.142
2026-09-04T09:57:00,M02,12.565,2.007,26.884,20.635,44.048
2026-09-04T09:58:00,M02,12.759,2.002,26.665,21.062,45.885
2026-09-04T09:59:00,M02,12.708,2.065,27.201,20.795,45.278
2026-09-04T10:00:00,M02,12.488,1.964,27.172,20.970,44.005
2026-09-04T10:01:00,M02,12.612,1.996,27.047,20.587,45.516
2026-09-04T10:02:00,M02,12.605,1.994,27.151,20.843,44.789
2026-09-04T10:03:00,M02,12.655,2.005,26.959,20.784,45.075
2026-09-04T10:04:00,M02,12.616,2.019,27.061,20.524,43.819
2026-09-04T10:05:00,M02,12.549,2.023,27.080,20.588,43.785
2026-09-04T10:06:00,M02,12.776,1.961,26.981,20.875,44.136
2026-09-04T10:07:00,M02,12.692,1.974,26.969,20.923,44.083
2026-09-04T10:08:00,M02,12.630,1.967,27.018,20.658,44.390
2026-09-04T10:09:00,M02,12.423,1.938,26.992,20.689,45.387
2026-09-04T10:10:00,M02,12.621,2.019,26.954,20.731,46.581
2026-09-04T10:11:00,M02,12.400,2.027,27.022,20.671,43.890
2026-09-04T10:12:00,M02,12.580,1.935,26.945,20.633,44.476
2026-09-04T10:13:00,M02,12.758,1.977,26.945,20.843,44.901
2026-09-04T10:14:00,M02,12.655,1.979,27.085,20.774,44.871
2026-09-04T10:15:00,M02,12.541,2.017,26.972,20.998,45.123
2026-09-04T10:16:00,M02,12.567,1.990,26.970,21.199,47.111
2026-09-04T10:17:00,M02,12.599,1.971,27.041,21.041,43.576
2026-09-04T10:18:00,M02,12.575,2.023,27.058,20.974,44.959
2026-09-04T10:19:00,M02,12.648,2.086,27.046,21.041,45.602
2026-09-04T10:20:00,M02,12.718,2.045,26.797,20.845,46.475
2026-09-04T10:21:00,M02,12.479,2.019,26.933,20.898,46.030
2026-09-04T10:22:00,M02,12.633,2.009,26.874,20.534,45.270
2026-09-04T10:23:00,M02,12.770,2.064,27.197,20.542,44.527
2026-09-04T10:24:00,M02,12.526,2.009,26.876,20.774,43.994
2026-09-04T10:25:00,M02,12.673,1.995,26.866,20.679,45.747
2026-09-04T10:26:00,M02,12.663,2.075,26.806,20.772,45.475
2026-09-04T10:27:00,M02,12.666,2.013,26.951,20.912,45.808
2026-09-04T10:28:00,M02,12.574,2.006,26.962,20.753,45.193
2026-09-04T10:29:00,M02,12.700,1.930,26.720,20.713,44.963
2026-09-04T10:30:00,M02,12.590,1.955,27.160,20.568,44.550
2026-09-04T10:31:00,M02,12.706,2.001,27.124,21.049,46.000
2026-09-04T10:32:00,M02,12.613,1.983,26.923,20.477,45.203
2026-09-04T10:33:00,M02,12.602,1.960,27.072,20.629,47.062
2026-09-04T10:34:00,M02,12.665,1.983,26.975,20.715,45.719
2026-09-04T10:35:00,M02,12.616,1.929,27.097,20.845,45.520
2026-09-04T10:36:00,M02,12.545,2.011,27.073,20.785,45.743
2026-09-04T10:37:00,M02,12.636,2.007,26.975,20.970,45.631
2026-09-04T10:38:00,M02,12.552,1.901,26.920,20.809,45.534
2026-09-04T10:39:00,M02,12.546,1.918,26.898,20.693,43.771
2026-09-04T10:40:00,M02,12.563,1.997,27.044,20.916,44.751
2026-09-04T10:41:00,M02,12.425,2.006,26.932,20.591,44.551
2026-09-04T10:42:00,M02,12.526,2.043,26.735,20.577,43.455
2026-09-04T10:43:00,M02,12.559,1.969,26.844,21.059,44.086
2026-09-04T10:44:00,M02,12.498,1.965,26.758,20.958,42.495
2026-09-04T10:45:00,M02,12.579,1.980,27.036,20.917,46.303
2026-09-04T10:46:00,M02,12.576,2.062,26.878,20.882,43.712
2026-09-04T10:47:00,M02,12.432,2.032,26.847,20.803,45.070
2026-09-04T10:48:00,M02,12.457,2.003,27.006,20.878,43.659
2026-09-04T10:49:00,M02,12.627,2.085,27.156,20.891,46.007
2026-09-04T10:50:00,M02,12.728,1.988,27.190,20.789,45.890
2026-09-04T10:51:00,M02,12.696,2.047,27.373,20.745,46.521
2026-09-04T10:52:00,M02,12.626,1.965,27.146,20.615,43.440
2026-09-04T10:53:00,M02,12.591,1.996,27.055,20.657,44.155
2026-09-04T10:54:00,M02,12.564,2.033,26.731,20.605,45.922
2026-09-04T10:55:00,M02,12.519,2.033,26.979,20.907,45.948
2026-09-04T10:56:00,M02,12.644,1.978,27.013,21.036,42.747
2026-09-04T10:57:00,M02,12.759,1.965,27.069,20.868,45.330
2026-09-04T10:58:00,M02,12.722,2.012,27.243,20.511,42.676
2026-09-04T10:59:00,M02,12.766,2.061,26.893,20.420,44.491
2026-09-04T11:00:00,M02,12.681,2.024,27.059,20.720,46.323
2026-09-04T11:01:00,M02,12.636,2.049,26.729,20.613,43.693
2026-09-04T11:02:00,M02,12.676,1.955,27.284,21.104,43.982
2026-09-04T11:03:00,M02,12.607,1.982,27.014,20.597,45.299
2026-09-04T11:04:00,M02,12.716,1.962,26.956,20.774,45.810
2026-09-04T11:05:00,M02,12.593,2.025,26.770,20.863,42.279
2026-09-04T11:06:00,M02,12.679,1.959,27.158,21.360,44.690
2026-09-04T11:07:00,M02,12.696,2.044,27.205,20.629,44.306
2026-09-04T11:08:00,M02,12.622,2.059,27.038,20.904,44.924
2026-09-04T11:09:00,M02,12.622,1.992,27.052,20.688,44.640
2026-09-04T11:10:00,M02,12.731,2.028,27.101,20.798,43.883
2026-09-04T11:11:00,M02,12.785,2.008,26.952,20.633,43.467
2026-09-04T11:12:00,M02,12.706,2.021,26.931,21.008,45.431
2026-09-04T11:13:00,M02,12.558,2.028,26.943,20.583,44.819
2026-09-04T11:14:00,M02,12.509,1.989,26.881,20.627,43.678
2026-09-04T11:15:00,M02,12.428,2.019,27.139,20.657,45.756
2026-09-04T11:16:00,M02,12.654,1.964,27.103,20.874,44.326
2026-09-04T11:17:00,M02,12.474,2.041,26.969,20.749,44.294
2026-09-04T11:18:00,M02,12.684,1.983,27.101,21.069,44.174
2026-09-04T11:19:00,M02,12.725,1.991,26.655,20.550,46.619
2026-09-04T11:20:00,M02,12.454,1.943,26.972,20.837,44.411
2026-09-04T11:21:00,M02,12.405,1.985,26.963,20.656,45.705
2026-09-04T11:22:00,M02,12.631,2.065,27.049,20.567,44.657
2026-09-04T11:23:00,M02,12.562,2.087,26.865,21.003,44.349
2026-09-04T11:24:00,M02,12.594,2.030,26.880,20.756,45.018
2026-09-04T11:25:00,M02,12.627,1.946,27.140,20.593,43.471
2026-09-04T11:26:00,M02,12.624,1.969,26.970,20.909,45.567
2026-09-04T11:27:00,M02,12.550,1.978,26.984,20.782,42.591
2026-09-04T11:28:00,M02,12.590,2.042,27.049,20.901,44.585
2026-09-04T11:29:00,M02,12.633,2.117,26.881,20.814,44.518
2026-09-04T11:30:00,M02,12.555,1.976,27.315,20.533,45.187
2026-09-04T11:31:00,M02,12.577,1.990,27.078,20.851,44.907
2026-09-04T11:32:00,M02,12.555,1.946,26.912,20.614,43.781
2026-09-04T11:33:00,M02,12.388,2.003,26.989,21.104,47.107
2026-09-04T11:34:00,M02,12.476,1.995,27.003,20.792,46.460
2026-09-04T11:35:00,M02,12.722,1.953,26.884,21.164,45.457
2026-09-04T11:36:00,M02,12.521,1.959,26.692,21.031,44.148
2026-09-04T11:37:00,M02,12.645,2.078,27.027,20.752,45.773
2026-09-04T11:38:00,M02,12.666,2.016,26.961,20.734,44.601
2026-09-04T11:39:00,M02,12.610,2.030,26.699,20.845,46.013
2026-09-04T11:40:00,M02,12.436,1.992,27.116,20.768,44.579
2026-09-04T11:41:00,M02,12.637,1.970,27.043,21.094,45.121
2026-09-04T11:42:00,M02,12.772,1.958,26.991,20.687,44.353
2026-09-04T11:43:00,M02,12.634,1.928,26.886,20.649,44.256
2026-09-04T11:44:00,M02,12.677,2.008,26.970,20.820,44.080
2026-09-04T11:45:00,M02,12.621,2.022,26.859,20.542,45.274
2026-09-04T11:46:00,M02,12.564,2.002,26.802,20.769,45.857
2026-09-04T11:47:00,M02,12.613,1.939,26.931,20.714,46.284
2026-09-04T11:48:00,M02,12.685,1.955,26.836,21.137,46.009
2026-09-04T11:49:00,M02,12.817,2.003,27.159,20.532,45.745
2026-09-04T11:50:00,M02,12.596,1.993,27.186,20.603,43.988
2026-09-04T11:51:00,M02,12.732,1.967,26.789,21.102,42.670
2026-09-04T11:52:00,M02,12.499,1.984,27.122,20.787,44.600
2026-09-04T11:53:00,M02,12.582,2.046,26.796,20.789,45.626
2026-09-04T11:54:00,M02,12.684,2.009,27.050,20.580,44.762
2026-09-04T11:55:00,M02,12.697,2.010,26.953,20.540,44.190
2026-09-04T11:56:00,M02,12.541,1.941,26.966,20.589,43.739
2026-09-04T11:57:00,M02,12.608,2.042,26.675,20.961,44.990
2026-09-04T11:58:00,M02,12.463,1.967,27.075,20.628,45.988
2026-09-04T11:59:00,M02,12.758,2.027,27.144,20.818,42.865
2026-09-04T12:00:00,M02,12.718,2.057,27.157,20.802,43.223
2026-09-04T12:01:00,M02,12.601,1.960,26.863,20.882,45.566
2026-09-04T12:02:00,M02,12.552,1.967,27.010,20.785,44.094
2026-09-04T12:03:00,M02,12.529,2.079,27.089,20.600,44.811
2026-09-04T12:04:00,M02,12.614,2.041,27.040,21.015,46.149
2026-09-04T12:05:00,M02,12.584,2.042,26.842,20.781,45.111
2026-09-04T12:06:00,M02,12.825,1.992,26.935,21.142,43.580
2026-09-04T12:07:00,M02,12.657,2.029,26.920,21.114,45.650
2026-09-04T12:08:00,M02,12.541,2.069,26.671,20.899,46.118
2026-09-04T12:09:00,M02,12.669,1.956,26.975,20.929,44.380
2026-09-04T12:10:00,M02,12.576,2.101,26.719,20.652,45.577
2026-09-04T12:11:00,M02,12.590,1.990,27.075,20.782,46.497
2026-09-04T12:12:00,M02,12.607,2.028,26.924,20.966,46.614
2026-09-04T12:13:00,M02,12.530,1.912,26.767,20.793,44.543
2026-09-04T12:14:00,M02,12.501,1.957,26.789,20.937,44.143
2026-09-04T12:15:00,M02,12.597,2.014,26.899,20.859,44.500
2026-09-04T12:16:00,M02,12.693,1.999,27.071,20.970,43.618
2026-09-04T12:17:00,M02,12.571,1.956,26.771,20.556,46.075
2026-09-04T12:18:00,M02,12.638,2.036,27.163,20.978,46.882
2026-09-04T12:19:00,M02,12.792,1.948,27.062,20.784,46.411
2026-09-04T12:20:00,M02,12.614,1.976,27.034,20.469,43.113
2026-09-04T12:21:00,M02,12.517,2.011,26.804,20.901,43.611
2026-09-04T12:22:00,M02,12.640,2.077,26.758,20.653,43.592
2026-09-04T12:23:00,M02,12.424,2.036,26.861,20.675,45.885
2026-09-04T12:24:00,M02,12.597,1.967,27.003,20.646,44.388
2026-09-04T12:25:00,M02,12.637,1.981,26.894,20.542,44.244
2026-09-04T12:26:00,M02,12.437,2.013,26.894,20.374,45.456
2026-09-04T12:27:00,M02,12.639,1.980,26.976,21.002,44.927
2026-09-04T12:28:00,M02,12.603,2.029,27.033,20.611,46.058
2026-09-04T12:29:00,M02,12.460,2.032,27.192,20.972,45.629
2026-09-04T12:30:00,M02,12.519,2.014,26.972,20.781,44.580
2026-09-04T12:31:00,M02,12.724,2.019,27.085,21.179,44.372
2026-09-04T12:32:00,M02,12.763,2.013,27.174,20.825,44.187
2026-09-04T12:33:00,M02,12.729,1.928,27.165,20.898,44.397
2026-09-04T12:34:00,M02,12.543,1.961,26.965,21.029,44.703
2026-09-04T12:35:00,M02,12.458,2.026,27.041,20.592,43.936
2026-09-04T12:36:00,M02,12.635,2.057,27.105,20.999,45.828
2026-09-04T12:37:00,M02,12.611,2.110,27.252,21.005,46.075
2026-09-04T12:38:00,M02,12.632,2.040,27.054,20.827,44.946
2026-09-04T12:39:00,M02,12.557,2.023,27.076,20.763,44.193
2026-09-04T12:40:00,M02,12.625,1.936,27.074,21.147,45.641
2026-09-04T12:41:00,M02,12.632,2.041,26.854,20.831,46.693
2026-09-04T12:42:00,M02,12.560,1.938,26.809,20.769,47.308
2026-09-04T12:43:00,M02,12.668,1.939,27.284,20.739,44.317
2026-09-04T12:44:00,M02,12.528,2.100,26.932,21.097,46.210
2026-09-04T12:45:00,M02,12.548,1.960,26.908,20.753,44.114
2026-09-04T12:46:00,M02,12.624,1.971,26.883,20.749,44.166
2026-09-04T12:47:00,M02,12.613,2.015,27.198,20.658,44.406
2026-09-04T12:48:00,M02,12.602,1.949,27.021,20.883,45.766
2026-09-04T12:49:00,M02,12.521,2.113,26.749,20.764,46.141
2026-09-04T12:50:00,M02,12.486,1.984,27.241,20.750,45.665
2026-09-04T12:51:00,M02,12.517,2.019,27.173,20.674,46.309
2026-09-04T12:52:00,M02,12.553,2.047,27.027,20.889,45.921
2026-09-04T12:53:00,M02,12.717,2.014,26.734,21.092,45.217
2026-09-04T12:54:00,M02,12.709,1.991,26.893,20.945,43.219
2026-09-04T12:55:00,M02,12.650,2.017,27.127,20.785,44.467
2026-09-04T12:56:00,M02,12.591,2.011,26.853,20.730,47.290
2026-09-04T12:57:00,M02,12.593,1.990,27.001,20.643,43.861
2026-09-04T12:58:00,M02,12.784,1.986,27.181,21.225,43.337
2026-09-04T12:59:00,M02,12.705,2.042,26.790,20.783,44.480
2026-09-04T13:00:00,M02,12.465,2.014,26.928,20.487,43.725
2026-09-04T13:01:00,M02,12.568,1.970,26.927,21.048,45.575
2026-09-04T13:02:00,M02,12.546,1.947,27.067,20.625,44.834
2026-09-04T13:03:00,M02,12.536,2.013,26.844,20.961,44.117
2026-09-04T13:04:00,M02,12.780,1.955,26.986,20.504,45.278
2026-09-04T13:05:00,M02,12.630,2.036,27.141,20.874,45.418
2026-09-04T13:06:00,M02,12.577,2.056,26.891,20.609,45.048
2026-09-04T13:07:00,M02,12.702,2.001,27.091,20.698,44.873
2026-09-04T13:08:00,M02,12.766,1.954,27.031,20.941,44.517
2026-09-04T13:09:00,M02,12.571,1.933,26.935,20.681,45.218
2026-09-04T13:10:00,M02,12.793,2.030,26.940,20.622,45.050
2026-09-04T13:11:00,M02,12.462,1.979,26.955,20.705,45.423
2026-09-04T13:12:00,M02,12.665,2.056,27.005,20.828,44.714
2026-09-04T13:13:00,M02,12.683,1.966,27.066,20.788,44.703
2026-09-04T13:14:00,M02,12.723,1.992,26.742,21.102,44.690
2026-09-04T13:15:00,M02,12.538,2.060,26.833,20.675,44.622
2026-09-04T13:16:00,M02,12.589,2.080,27.077,20.295,45.836
2026-09-04T13:17:00,M02,12.609,2.052,26.816,20.726,46.844
2026-09-04T13:18:00,M02,12.516,2.013,26.935,20.636,47.109
2026-09-04T13:19:00,M02,12.719,1.934,27.227,20.771,45.998
2026-09-04T13:20:00,M02,12.845,1.963,27.131,20.728,45.584
2026-09-04T13:21:00,M02,12.749,2.010,27.149,21.052,43.384
2026-09-04T13:22:00,M02,12.443,1.996,26.982,20.747,44.890
2026-09-04T13:23:00,M02,12.571,2.008,27.026,20.277,45.959
2026-09-04T13:24:00,M02,12.659,1.968,26.949,21.002,48.110
2026-09-04T13:25:00,M02,12.504,1.932,26.881,20.884,46.348
2026-09-04T13:26:00,M02,12.517,2.036,27.059,20.962,47.512
2026-09-04T13:27:00,M02,12.584,2.036,27.034,20.752,43.729
2026-09-04T13:28:00,M02,12.582,2.043,27.013,21.245,44.832
2026-09-04T13:29:00,M02,12.593,1.969,27.039,20.915,46.002
2026-09-04T13:30:00,M02,12.529,2.028,26.853,20.523,44.512
2026-09-04T13:31:00,M02,12.508,2.041,26.980,20.557,44.876
2026-09-04T13:32:00,M02,12.545,2.003,27.081,20.878,44.421
2026-09-04T13:33:00,M02,12.660,1.939,26.996,20.520,44.664
2026-09-04T13:34:00,M02,12.600,2.020,26.908,20.817,45.926
2026-09-04T13:35:00,M02,12.452,1.994,27.042,20.677,45.938
2026-09-04T13:36:00,M02,12.710,1.945,27.166,20.690,44.850
2026-09-04T13:37:00,M02,12.469,2.030,26.931,20.724,44.470
2026-09-04T13:38:00,M02,12.553,2.048,26.791,20.965,44.968
2026-09-04T13:39:00,M02,12.638,1.954,26.895,21.258,45.077
2026-09-04T13:40:00,M02,12.492,1.948,27.118,20.876,44.009
2026-09-04T13:41:00,M02,12.528,2.090,27.015,21.055,44.535
2026-09-04T13:42:00,M02,12.639,1.979,27.034,20.797,45.122
2026-09-04T13:43:00,M02,12.463,2.021,26.997,20.847,44.778
2026-09-04T13:44:00,M02,12.474,1.922,26.915,20.826,44.504
2026-09-04T13:45:00,M02,12.546,2.019,26.669,20.819,44.139
2026-09-04T13:46:00,M02,12.680,1.895,27.101,20.833,42.600
2026-09-04T13:47:00,M02,12.491,1.963,27.047,20.696,44.327
2026-09-04T13:48:00,M02,12.662,2.010,26.868,20.690,43.260
2026-09-04T13:49:00,M02,12.556,2.037,26.891,20.978,46.050
2026-09-04T13:50:00,M02,12.617,1.928,27.069,20.524,47.282
2026-09-04T13:51:00,M02,12.512,1.947,27.004,20.802,45.002
2026-09-04T13:52:00,M02,12.618,1.929,27.214,20.921,44.411
2026-09-04T13:53:00,M02,12.519,1.928,26.845,20.809,44.622
2026-09-04T13:54:00,M02,12.707,2.016,27.162,21.076,45.477
2026-09-04T13:55:00,M02,12.603,1.937,26.906,20.770,44.264
2026-09-04T13:56:00,M02,12.610,1.989,27.176,20.838,44.819
2026-09-04T13:57:00,M02,12.430,2.034,27.107,20.923,45.849
2026-09-04T13:58:00,M02,12.505,1.976,27.166,20.564,47.611
2026-09-04T13:59:00,M02,12.538,2.022,27.123,21.008,46.079
2026-09-04T14:00:00,M02,12.526,2.004,26.759,21.283,43.039
2026-09-04T14:01:00,M02,12.472,1.932,27.041,20.833,45.663
2026-09-04T14:02:00,M02,12.479,1.982,26.610,20.961,43.986
2026-09-04T14:03:00,M02,12.773,2.052,27.045,21.018,43.051
2026-09-04T14:04:00,M02,12.589,1.957,27.241,21.259,46.838
2026-09-04T14:05:00,M02,12.738,2.081,26.791,20.900,43.878
2026-09-04T14:06:00,M02,12.516,1.933,27.067,20.674,44.926
2026-09-04T14:07:00,M02,12.710,2.092,26.767,21.138,46.356
2026-09-04T14:08:00,M02,12.456,2.026,26.741,20.734,44.580
2026-09-04T14:09:00,M02,12.694,1.930,26.811,20.665,45.260
2026-09-04T14:10:00,M02,12.828,1.958,26.956,20.413,45.988
2026-09-04T14:11:00,M02,12.513,1.990,26.771,20.597,46.103
2026-09-04T14:12:00,M02,12.599,2.007,27.092,20.889,45.449
2026-09-04T14:13:00,M02,12.581,1.947,26.913,20.870,44.555
2026-09-04T14:14:00,M02,12.446,2.026,26.951,20.901,47.437
2026-09-04T14:15:00,M02,12.534,2.044,26.992,21.000,46.028
2026-09-04T14:16:00,M02,12.500,2.058,26.737,20.912,45.040
2026-09-04T14:17:00,M02,12.505,1.966,27.124,20.871,45.018
2026-09-04T14:18:00,M02,12.587,1.976,27.044,20.797,43.536
2026-09-04T14:19:00,M02,12.568,2.042,27.023,20.870,44.331
2026-09-04T14:20:00,M02,12.655,1.969,27.108,20.852,43.246
2026-09-04T14:21:00,M02,12.663,2.003,26.940,20.602,46.662
2026-09-04T14:22:00,M02,12.592,1.991,27.124,20.851,46.760
2026-09-04T14:23:00,M02,12.700,1.875,27.065,20.765,44.170
2026-09-04T14:24:00,M02,12.630,1.946,26.939,21.002,44.297
2026-09-04T14:25:00,M02,12.745,1.923,27.034,20.739,46.334
2026-09-04T14:26:00,M02,12.598,1.931,26.910,21.175,45.016
2026-09-04T14:27:00,M02,12.485,1.984,26.982,20.580,44.134
2026-09-04T14:28:00,M02,12.600,1.898,26.710,20.892,44.086
2026-09-04T14:29:00,M02,12.554,1.963,26.888,20.724,45.878
2026-09-04T14:30:00,M02,12.585,2.039,26.993,20.943,44.437
2026-09-04T14:31:00,M02,12.677,2.043,26.948,21.252,43.447
2026-09-04T14:32:00,M02,12.550,1.981,27.141,20.965,44.785
2026-09-04T14:33:00,M02,12.590,2.029,26.914,21.057,45.758
2026-09-04T14:34:00,M02,12.624,2.020,26.963,20.750,44.613
2026-09-04T14:35:00,M02,12.639,2.012,27.070,20.632,42.379
2026-09-04T14:36:00,M02,12.654,1.993,27.205,20.705,43.904
2026-09-04T14:37:00,M02,12.564,2.020,26.879,20.749,46.283
2026-09-04T14:38:00,M02,12.674,1.994,26.794,20.966,45.448
2026-09-04T14:39:00,M02,12.622,2.038,27.009,20.805,45.709
2026-09-04T14:40:00,M02,12.787,1.963,27.057,20.673,45.575
2026-09-04T14:41:00,M02,12.501,1.984,26.920,21.251,45.219
2026-09-04T14:42:00,M02,12.633,1.971,27.077,20.676,46.048
2026-09-04T14:43:00,M02,12.578,2.013,26.781,20.801,44.418
2026-09-04T14:44:00,M02,12.587,1.923,26.926,20.759,46.952
2026-09-04T14:45:00,M02,12.550,2.002,26.877,20.896,43.729
2026-09-04T14:46:00,M02,12.586,2.010,26.902,20.782,44.657
2026-09-04T14:47:00,M02,12.619,2.079,27.229,20.883,43.931
2026-09-04T14:48:00,M02,12.644,2.056,26.998,20.421,45.220
2026-09-04T14:49:00,M02,12.463,1.989,27.210,20.923,45.138
2026-09-04T14:50:00,M02,12.698,2.020,26.811,21.055,42.297
2026-09-04T14:51:00,M02,12.655,1.940,26.754,20.703,43.862
2026-09-04T14:52:00,M02,12.728,1.991,27.033,20.887,46.878
2026-09-04T14:53:00,M02,12.603,1.956,27.035,20.555,45.783
2026-09-04T14:54:00,M02,12.555,2.012,26.797,20.734,45.378
2026-09-04T14:55:00,M02,12.394,1.965,26.772,20.982,43.614
2026-09-04T14:56:00,M02,12.614,2.017,27.017,20.514,44.577
2026-09-04T14:57:00,M02,12.698,1.988,27.106,21.098,44.812
2026-09-04T14:58:00,M02,12.639,2.021,27.269,20.997,45.261
2026-09-04T14:59:00,M02,12.643,2.057,27.225,20.814,45.667
2026-09-04T15:00:00,M02,12.603,1.934,26.902,20.701,45.209
2026-09-04T15:01:00,M02,12.482,2.023,26.859,20.740,44.236
2026-09-04T15:02:00,M02,12.581,1.933,26.787,20.465,44.993
2026-09-04T15:03:00,M02,12.526,2.090,27.009,20.388,44.064
2026-09-04T15:04:00,M02,12.555,2.031,26.894,20.536,46.593
2026-09-04T15:05:00,M02,12.386,1.944,27.137,21.097,45.675
2026-09-04T15:06:00,M02,12.712,2.043,27.158,20.989,46.344
2026-09-04T15:07:00,M02,12.654,1.981,27.009,20.712,43.828
2026-09-04T15:08:00,M02,12.603,2.024,26.807,20.537,43.196
2026-09-04T15:09:00,M02,12.643,2.021,26.972,20.781,46.880
2026-09-04T15:10:00,M02,12.671,1.927,26.918,20.891,44.156
2026-09-04T15:11:00,M02,12.604,1.980,26.909,20.744,44.590
2026-09-04T15:12:00,M02,12.618,1.991,26.861,20.865,45.649
2026-09-04T15:13:00,M02,12.363,1.986,26.926,20.879,44.292
2026-09-04T15:14:00,M02,12.391,2.048,26.728,20.729,43.750
2026-09-04T15:15:00,M02,12.744,2.056,26.839,20.848,44.932
2026-09-04T15:16:00,M02,12.704,1.979,26.971,20.676,45.286
2026-09-04T15:17:00,M02,12.549,2.139,26.956,20.744,43.825
2026-09-04T15:18:00,M02,12.629,2.002,26.948,20.669,45.112
2026-09-04T15:19:00,M02,12.606,2.005,27.105,20.769,43.185
2026-09-04T15:20:00,M02,12.603,1.944,26.800,20.633,45.382
2026-09-04T15:21:00,M02,12.615,2.049,27.164,20.893,43.631
2026-09-04T15:22:00,M02,12.602,2.070,26.845,20.878,46.103
2026-09-04T15:23:00,M02,12.839,1.949,27.110,20.844,44.860
2026-09-04T15:24:00,M02,12.544,1.967,27.223,20.853,45.470
2026-09-04T15:25:00,M02,12.612,2.016,26.851,21.081,45.468
2026-09-04T15:26:00,M02,12.593,1.986,27.217,20.534,45.043
2026-09-04T15:27:00,M02,12.714,2.055,26.877,20.807,42.633
2026-09-04T15:28:00,M02,12.630,1.987,26.806,20.876,45.447
2026-09-04T15:29:00,M02,12.510,1.906,27.093,20.566,43.099
2026-09-04T15:30:00,M02,12.578,1.980,27.149,20.714,45.007
2026-09-04T15:31:00,M02,12.726,2.075,26.941,20.860,44.644
2026-09-04T15:32:00,M02,12.513,1.957,26.962,21.050,42.493
2026-09-04T15:33:00,M02,12.653,2.011,26.909,20.638,44.461
2026-09-04T15:34:00,M02,12.634,1.993,27.021,21.059,45.866
2026-09-04T15:35:00,M02,12.647,2.002,26.992,20.732,47.359
2026-09-04T15:36:00,M02,12.601,2.050,26.825,20.677,45.221
2026-09-04T15:37:00,M02,12.492,1.978,26.840,20.761,43.673
2026-09-04T15:38:00,M02,12.648,1.970,26.822,20.887,45.127
2026-09-04T15:39:00,M02,12.722,1.951,26.959,20.737,42.837
2026-09-04T15:40:00,M02,12.596,2.021,27.008,20.927,46.915
2026-09-04T15:41:00,M02,12.590,1.962,26.715,20.755,46.753
2026-09-04T15:42:00,M02,12.612,1.992,26.841,20.630,45.396
2026-09-04T15:43:00,M02,12.523,1.961,26.889,20.959,45.449
2026-09-04T15:44:00,M02,12.597,2.035,27.032,21.091,43.968
2026-09-04T15:45:00,M02,12.578,2.008,26.846,21.181,46.891
2026-09-04T15:46:00,M02,12.670,2.011,26.846,20.949,42.821
2026-09-04T15:47:00,M02,12.760,1.977,27.085,20.483,43.029
2026-09-04T15:48:00,M02,12.738,2.022,27.016,20.807,43.382
2026-09-04T15:49:00,M02,12.613,2.032,27.064,20.707,44.337
2026-09-04T15:50:00,M02,12.522,1.948,27.057,20.938,44.416
2026-09-04T15:51:00,M02,12.681,1.956,26.998,20.548,43.348
2026-09-04T15:52:00,M02,12.627,2.080,26.952,21.030,44.927
2026-09-04T15:53:00,M02,12.496,2.007,27.046,20.641,42.496
2026-09-04T15:54:00,M02,12.540,2.100,27.025,21.034,45.089
2026-09-04T15:55:00,M02,12.540,1.973,26.673,20.850,43.918
2026-09-04T15:56:00,M02,12.759,1.994,27.034,20.756,44.501
2026-09-04T15:57:00,M02,12.656,2.066,26.675,20.583,45.082
2026-09-04T15:58:00,M02,12.686,2.032,27.072,20.822,45.551
2026-09-04T15:59:00,M02,12.526,2.004,26.959,20.484,45.024
2026-09-04T16:00:00,M02,12.229,1.789,23.992,20.093,44.463
2026-09-04T16:01:00,M02,12.055,1.868,24.126,20.218,43.940
2026-09-04T16:02:00,M02,11.985,1.795,23.975,19.910,46.527
2026-09-04T16:03:00,M02,12.093,1.815,23.973,20.108,44.712
2026-09-04T16:04:00,M02,12.158,1.861,24.393,20.428,44.735
2026-09-04T16:05:00,M02,12.166,1.869,24.507,19.819,43.631
2026-09-04T16:06:00,M02,12.054,1.852,24.545,20.220,43.057
2026-09-04T16:07:00,M02,11.993,1.839,24.589,20.031,45.467
2026-09-04T16:08:00,M02,12.092,1.894,24.567,20.410,44.304
2026-09-04T16:09:00,M02,12.041,1.798,24.661,20.244,44.989
2026-09-04T16:10:00,M02,12.164,1.944,24.737,20.218,44.467
2026-09-04T16:11:00,M02,12.169,1.869,24.971,20.384,43.476
2026-09-04T16:12:00,M02,12.310,1.871,24.880,20.317,43.766
2026-09-04T16:13:00,M02,12.186,1.872,25.081,20.231,44.997
2026-09-04T16:14:00,M02,12.223,1.888,24.941,20.349,45.378
2026-09-04T16:15:00,M02,12.357,1.941,25.130,20.579,43.346
2026-09-04T16:16:00,M02,12.194,1.917,25.024,20.497,44.734
2026-09-04T16:17:00,M02,12.320,1.870,25.115,20.387,46.139
2026-09-04T16:18:00,M02,12.078,1.812,25.323,20.395,44.123
2026-09-04T16:19:00,M02,12.449,1.862,25.580,20.207,45.199
2026-09-04T16:20:00,M02,12.367,1.931,25.373,20.289,45.580
2026-09-04T16:21:00,M02,12.327,1.905,25.509,20.559,42.146
2026-09-04T16:22:00,M02,12.375,1.909,25.521,20.474,45.283
2026-09-04T16:23:00,M02,12.221,1.987,25.696,20.465,43.897
2026-09-04T16:24:00,M02,12.347,1.945,25.672,20.677,43.841
2026-09-04T16:25:00,M02,12.353,1.934,25.824,20.135,45.277
2026-09-04T16:26:00,M02,12.292,1.990,25.727,20.528,45.025
2026-09-04T16:27:00,M02,12.517,1.858,25.800,20.516,44.864
2026-09-04T16:28:00,M02,12.439,1.904,25.853,20.641,46.565
2026-09-04T16:29:00,M02,12.425,1.972,25.861,20.532,45.128
2026-09-04T16:30:00,M02,12.445,1.826,25.758,20.534,46.719
2026-09-04T16:31:00,M02,12.383,1.881,25.747,20.503,45.141
2026-09-04T16:32:00,M02,12.326,1.953,25.766,20.312,44.829
2026-09-04T16:33:00,M02,12.429,1.904,26.038,20.514,46.454
2026-09-04T16:34:00,M02,12.425,1.885,26.102,20.070,42.382
2026-09-04T16:35:00,M02,12.394,1.984,26.101,20.871,44.543
2026-09-04T16:36:00,M02,12.278,1.897,26.105,20.440,42.733
2026-09-04T16:37:00,M02,12.286,1.926,26.214,20.587,44.599
2026-09-04T16:38:00,M02,12.439,1.983,26.119,20.630,45.885
2026-09-04T16:39:00,M02,12.560,2.002,26.038,20.563,45.077
2026-09-04T16:40:00,M02,12.452,1.956,26.339,20.710,44.714
2026-09-04T16:41:00,M02,12.416,2.029,26.045,20.526,45.538
2026-09-04T16:42:00,M02,12.567,1.922,26.088,20.531,45.725
2026-09-04T16:43:00,M02,12.566,1.973,26.220,20.691,45.304
2026-09-04T16:44:00,M02,12.369,2.009,26.481,20.689,44.402
2026-09-04T16:45:00,M02,12.391,1.981,26.111,20.921,45.603
2026-09-04T16:46:00,M02,12.545,1.918,26.466,20.609,43.097
2026-09-04T16:47:00,M02,12.494,1.968,26.175,20.515,44.374
2026-09-04T16:48:00,M02,12.418,1.994,26.310,20.875,44.575
2026-09-04T16:49:00,M02,12.630,2.026,26.442,20.651,44.000
2026-09-04T16:50:00,M02,12.512,1.929,26.444,20.958,44.621
2026-09-04T16:51:00,M02,12.419,1.900,26.576,20.672,46.247
2026-09-04T16:52:00,M02,12.494,1.962,26.719,20.913,45.878
2026-09-04T16:53:00,M02,12.542,2.054,26.524,20.353,45.951
2026-09-04T16:54:00,M02,12.546,2.046,26.415,20.501,45.777
2026-09-04T16:55:00,M02,12.590,1.941,26.297,20.683,46.132
2026-09-04T16:56:00,M02,12.623,1.912,26.741,20.821,44.555
2026-09-04T16:57:00,M02,12.441,1.924,26.347,20.390,44.886
2026-09-04T16:58:00,M02,12.607,1.996,26.561,20.541,43.178
2026-09-04T16:59:00,M02,12.468,2.031,26.456,20.845,45.164
2026-09-04T17:00:00,M02,12.484,1.945,26.471,20.703,43.251
2026-09-04T17:01:00,M02,12.344,1.925,26.581,21.127,46.932
2026-09-04T17:02:00,M02,12.500,2.037,26.711,20.434,45.582
2026-09-04T17:03:00,M02,12.526,2.052,26.556,20.664,46.564
2026-09-04T17:04:00,M02,12.610,1.970,26.720,21.090,46.249
2026-09-04T17:05:00,M02,12.410,1.914,26.817,20.445,44.501
2026-09-04T17:06:00,M02,12.489,1.990,26.890,20.952,45.951
2026-09-04T17:07:00,M02,12.449,2.017,26.871,20.615,43.394
2026-09-04T17:08:00,M02,12.559,2.024,26.657,20.782,46.117
2026-09-04T17:09:00,M02,12.613,2.001,26.792,20.861,46.254
2026-09-04T17:10:00,M02,12.423,1.965,26.856,20.676,43.909
2026-09-04T17:11:00,M02,12.472,1.912,26.668,20.382,42.601
2026-09-04T17:12:00,M02,12.394,2.042,26.613,20.578,46.008
2026-09-04T17:13:00,M02,12.550,1.956,26.701,20.749,45.314
2026-09-04T17:14:00,M02,12.550,2.006,26.760,20.776,45.645
2026-09-04T17:15:00,M02,12.773,1.929,26.474,20.993,45.736
2026-09-04T17:16:00,M02,12.522,1.913,26.676,20.929,44.044
2026-09-04T17:17:00,M02,12.465,2.023,26.883,20.525,42.435
2026-09-04T17:18:00,M02,12.575,2.019,26.576,20.906,44.413
2026-09-04T17:19:00,M02,12.528,1.887,26.420,20.612,44.211
2026-09-04T17:20:00,M02,12.606,1.945,26.846,20.735,45.940
2026-09-04T17:21:00,M02,12.504,1.925,27.088,20.923,44.791
2026-09-04T17:22:00,M02,12.590,2.000,26.735,20.686,45.241
2026-09-04T17:23:00,M02,12.543,2.064,26.777,20.960,45.797
2026-09-04T17:24:00,M02,12.538,2.010,26.886,20.586,44.597
2026-09-04T17:25:00,M02,12.472,1.939,27.150,20.868,45.194
2026-09-04T17:26:00,M02,12.486,2.009,27.009,20.739,42.461
2026-09-04T17:27:00,M02,12.336,1.922,26.874,20.491,44.612
2026-09-04T17:28:00,M02,12.771,1.998,27.092,21.093,43.678
2026-09-04T17:29:00,M02,12.631,2.000,26.946,20.438,44.733
2026-09-04T17:30:00,M02,12.423,2.010,26.833,20.606,46.895
2026-09-04T17:31:00,M02,12.621,1.946,26.822,20.803,44.216
2026-09-04T17:32:00,M02,12.701,2.000,26.709,20.781,45.667
2026-09-04T17:33:00,M02,12.648,1.987,26.758,20.815,45.879
2026-09-04T17:34:00,M02,12.527,1.940,26.829,20.918,44.365
2026-09-04T17:35:00,M02,12.880,2.032,26.996,20.983,45.275
2026-09-04T17:36:00,M02,12.383,1.983,27.019,20.815,45.696
2026-09-04T17:37:00,M02,12.650,1.925,26.921,20.850,46.286
2026-09-04T17:38:00,M02,12.455,2.026,26.838,20.739,42.430
2026-09-04T17:39:00,M02,12.596,1.963,26.885,20.548,44.090
2026-09-04T17:40:00,M02,12.512,2.026,26.710,20.421,43.929
2026-09-04T17:41:00,M02,12.542,2.055,26.777,21.170,44.628
2026-09-04T17:42:00,M02,12.410,1.962,27.042,20.561,45.754
2026-09-04T17:43:00,M02,12.502,1.958,26.847,20.863,44.761
2026-09-04T17:44:00,M02,12.454,2.016,27.042,20.986,45.280
2026-09-04T17:45:00,M02,12.431,1.981,26.894,20.823,45.278
2026-09-04T17:46:00,M02,12.669,1.967,26.872,20.826,45.857
2026-09-04T17:47:00,M02,12.516,1.989,26.704,20.550,44.638
2026-09-04T17:48:00,M02,12.642,1.970,26.823,20.788,44.948
2026-09-04T17:49:00,M02,12.523,2.016,27.084,20.745,45.687
2026-09-04T17:50:00,M02,12.692,2.005,26.674,21.171,46.067
2026-09-04T17:51:00,M02,12.783,2.086,26.977,20.993,44.887
2026-09-04T17:52:00,M02,12.458,2.058,26.716,20.741,43.770
2026-09-04T17:53:00,M02,12.391,2.047,26.995,20.721,44.619
2026-09-04T17:54:00,M02,12.617,1.961,26.898,20.698,44.073
2026-09-04T17:55:00,M02,12.675,2.023,27.112,20.468,46.835
2026-09-04T17:56:00,M02,12.632,2.026,27.006,20.726,43.668
2026-09-04T17:57:00,M02,12.563,2.020,27.096,20.809,44.821
2026-09-04T17:58:00,M02,12.598,2.027,26.867,20.751,44.122
2026-09-04T17:59:00,M02,12.741,1.997,27.173,20.914,44.469
2026-09-04T18:00:00,M02,12.572,2.023,26.892,20.778,45.046
2026-09-04T18:01:00,M02,12.524,2.002,27.167,20.991,44.580
2026-09-04T18:02:00,M02,12.731,2.001,27.006,20.932,45.089
2026-09-04T18:03:00,M02,12.632,1.967,27.037,20.439,46.536
2026-09-04T18:04:00,M02,12.622,2.026,26.492,20.829,43.626
2026-09-04T18:05:00,M02,12.667,1.927,27.131,20.779,43.689
2026-09-04T18:06:00,M02,12.741,1.973,27.037,20.611,45.303
2026-09-04T18:07:00,M02,12.540,2.051,26.981,20.871,45.541
2026-09-04T18:08:00,M02,12.490,1.998,26.964,21.033,43.617
2026-09-04T18:09:00,M02,12.549,2.040,26.749,20.565,45.779
2026-09-04T18:10:00,M02,12.579,2.004,27.030,20.900,44.021
2026-09-04T18:11:00,M02,12.652,2.008,26.919,21.041,45.805
2026-09-04T18:12:00,M02,12.680,2.044,27.222,20.826,45.017
2026-09-04T18:13:00,M02,12.733,1.981,27.211,21.042,46.032
2026-09-04T18:14:00,M02,12.594,1.980,27.037,20.723,43.802
2026-09-04T18:15:00,M02,12.573,2.039,27.051,21.103,43.759
2026-09-04T18:16:00,M02,12.654,2.084,26.760,21.082,46.144
2026-09-04T18:17:00,M02,12.669,1.976,27.041,21.115,48.474
2026-09-04T18:18:00,M02,12.558,1.961,27.016,20.797,43.508
2026-09-04T18:19:00,M02,12.698,2.064,26.941,20.586,44.600
2026-09-04T18:20:00,M02,12.672,1.998,27.097,20.423,45.767
2026-09-04T18:21:00,M02,12.544,1.975,26.713,20.662,45.909
2026-09-04T18:22:00,M02,12.554,2.036,26.892,20.757,43.122
2026-09-04T18:23:00,M02,12.531,2.022,26.918,20.450,42.958
2026-09-04T18:24:00,M02,12.590,1.992,27.009,20.872,44.715
2026-09-04T18:25:00,M02,12.498,2.074,27.119,20.750,44.687
2026-09-04T18:26:00,M02,12.616,2.008,27.037,20.841,45.818
2026-09-04T18:27:00,M02,12.580,1.964,26.916,20.976,44.638
2026-09-04T18:28:00,M02,12.650,2.015,26.868,20.730,45.955
2026-09-04T18:29:00,M02,12.651,1.987,27.065,20.570,44.594
2026-09-04T18:30:00,M02,12.560,2.003,27.101,20.601,44.125
2026-09-04T18:31:00,M02,12.565,1.965,26.932,20.598,45.144
2026-09-04T18:32:00,M02,12.671,1.974,26.787,20.822,44.392
2026-09-04T18:33:00,M02,12.673,1.997,27.074,20.759,43.764
2026-09-04T18:34:00,M02,12.606,2.035,27.068,20.828,45.427
2026-09-04T18:35:00,M02,12.645,1.918,26.943,20.949,44.907
2026-09-04T18:36:00,M02,12.645,1.995,27.093,20.609,43.761
2026-09-04T18:37:00,M02,12.493,1.950,27.144,20.564,46.429
2026-09-04T18:38:00,M02,12.403,2.017,26.929,20.515,47.280
2026-09-04T18:39:00,M02,12.663,1.937,26.495,20.733,45.788
2026-09-04T18:40:00,M02,12.674,2.063,26.968,20.842,45.566
2026-09-04T18:41:00,M02,12.697,1.962,26.861,20.979,45.789
2026-09-04T18:42:00,M02,12.717,2.072,26.815,21.383,42.790
2026-09-04T18:43:00,M02,12.559,1.903,27.092,20.802,47.216
2026-09-04T18:44:00,M02,12.631,2.032,26.724,20.843,46.055
2026-09-04T18:45:00,M02,12.439,1.918,27.144,21.008,43.836
2026-09-04T18:46:00,M02,12.726,2.108,26.955,20.734,44.947
2026-09-04T18:47:00,M02,12.576,1.971,27.141,20.402,44.129
2026-09-04T18:48:00,M02,12.673,2.024,27.048,20.932,45.432
2026-09-04T18:49:00,M02,12.658,1.995,26.656,20.682,46.822
2026-09-04T18:50:00,M02,12.528,2.001,26.899,20.728,44.900
2026-09-04T18:51:00,M02,12.596,2.003,27.228,20.738,46.597
2026-09-04T18:52:00,M02,12.844,1.915,26.957,20.861,46.906
2026-09-04T18:53:00,M02,12.555,1.988,27.061,20.834,43.746
2026-09-04T18:54:00,M02,12.792,1.975,27.077,20.823,45.268
2026-09-04T18:55:00,M02,12.668,2.034,27.089,20.517,45.346
2026-09-04T18:56:00,M02,12.668,1.954,27.053,20.524,45.477
2026-09-04T18:57:00,M02,12.543,2.037,26.961,20.850,46.123
2026-09-04T18:58:00,M02,12.631,1.917,26.957,20.674,45.324
2026-09-04T18:59:00,M02,12.600,1.933,26.804,20.628,44.287
2026-09-04T19:00:00,M02,12.683,1.940,27.056,21.027,44.397
2026-09-04T19:01:00,M02,12.598,1.907,27.038,20.784,44.977
2026-09-04T19:02:00,M02,12.480,2.028,27.296,20.542,43.849
2026-09-04T19:03:00,M02,12.515,1.963,26.697,20.841,46.744
2026-09-04T19:04:00,M02,12.650,2.068,26.951,20.912,44.929
2026-09-04T19:05:00,M02,12.475,2.010,26.784,20.629,45.984
2026-09-04T19:06:00,M02,12.532,1.948,27.037,21.101,42.945
2026-09-04T19:07:00,M02,12.506,2.030,26.884,20.592,45.026
2026-09-04T19:08:00,M02,12.737,2.072,26.954,20.886,44.297
2026-09-04T19:09:00,M02,12.575,1.998,26.971,20.491,44.723
2026-09-04T19:10:00,M02,12.496,2.018,27.181,21.197,46.517
2026-09-04T19:11:00,M02,12.583,2.016,27.078,20.824,44.379
2026-09-04T19:12:00,M02,12.413,1.896,26.950,20.667,44.194
2026-09-04T19:13:00,M02,12.399,1.970,27.117,20.697,46.168
2026-09-04T19:14:00,M02,12.635,2.059,27.042,20.859,45.368
2026-09-04T19:15:00,M02,12.588,1.977,27.053,20.844,45.985
2026-09-04T19:16:00,M02,12.581,2.073,26.605,20.963,45.937
2026-09-04T19:17:00,M02,12.585,2.060,27.094,21.123,44.748
2026-09-04T19:18:00,M02,12.510,1.947,27.150,20.713,44.971
2026-09-04T19:19:00,M02,12.690,1.944,27.089,20.685,46.167
2026-09-04T19:20:00,M02,12.564,1.923,27.026,21.040,43.462
2026-09-04T19:21:00,M02,12.528,1.952,26.895,20.457,46.365
2026-09-04T19:22:00,M02,12.629,1.963,26.986,21.019,45.203
2026-09-04T19:23:00,M02,12.476,1.990,26.935,20.969,44.936
2026-09-04T19:24:00,M02,12.613,1.946,27.111,20.676,45.003
2026-09-04T19:25:00,M02,12.572,2.042,26.847,20.750,43.966
2026-09-04T19:26:00,M02,12.531,1.917,26.968,20.762,44.742
2026-09-04T19:27:00,M02,12.567,1.977,26.748,21.164,47.375
2026-09-04T19:28:00,M02,12.669,1.982,27.185,20.623,45.999
2026-09-04T19:29:00,M02,12.729,1.963,26.992,20.664,43.965
2026-09-04T19:30:00,M02,12.562,1.982,27.238,21.058,42.382
2026-09-04T19:31:00,M02,12.504,1.996,26.796,20.602,44.273
2026-09-04T19:32:00,M02,12.570,2.092,27.094,21.001,45.274
2026-09-04T19:33:00,M02,12.552,1.978,27.076,20.803,44.495
2026-09-04T19:34:00,M02,12.529,2.033,26.954,20.627,42.829
2026-09-04T19:35:00,M02,12.545,1.988,27.041,20.965,43.261
2026-09-04T19:36:00,M02,12.576,2.005,26.901,21.115,45.201
2026-09-04T19:37:00,M02,12.656,1.982,27.158,20.981,45.691
2026-09-04T19:38:00,M02,12.679,1.902,27.031,20.821,46.344
2026-09-04T19:39:00,M02,12.585,1.951,26.662,21.074,44.410
2026-09-04T19:40:00,M02,12.726,1.904,26.927,20.839,45.799
2026-09-04T19:41:00,M02,12.482,2.010,27.057,20.854,44.454
2026-09-04T19:42:00,M02,12.548,1.855,26.935,20.817,46.233
2026-09-04T19:43:00,M02,12.576,1.979,27.250,20.653,47.765
2026-09-04T19:44:00,M02,12.518,1.955,26.859,20.990,43.471
2026-09-04T19:45:00,M02,12.463,2.041,26.944,20.703,43.599
2026-09-04T19:46:00,M02,12.495,2.069,26.794,20.820,44.316
2026-09-04T19:47:00,M02,12.479,2.015,26.993,20.798,44.009
2026-09-04T19:48:00,M02,12.540,1.950,26.978,20.782,45.721
2026-09-04T19:49:00,M02,12.607,2.052,26.917,21.118,45.486
2026-09-04T19:50:00,M02,12.628,2.030,27.161,20.832,46.394
2026-09-04T19:51:00,M02,12.671,2.096,27.261,20.741,45.803
2026-09-04T19:52:00,M02,12.705,1.992,27.090,20.800,45.034
2026-09-04T19:53:00,M02,12.359,2.014,26.976,20.946,46.258
2026-09-04T19:54:00,M02,12.723,1.997,26.912,20.765,45.802
2026-09-04T19:55:00,M02,12.430,1.987,26.924,20.802,43.660
2026-09-04T19:56:00,M02,12.458,2.023,26.924,20.519,46.377
2026-09-04T19:57:00,M02,12.704,2.014,26.987,20.821,45.563
2026-09-04T19:58:00,M02,12.610,1.916,27.084,20.729,45.244
2026-09-04T19:59:00,M02,12.578,1.971,26.892,20.652,46.450
2026-09-04T20:00:00,M02,12.561,1.937,26.896,20.835,45.070
2026-09-04T20:01:00,M02,12.556,1.957,27.087,20.737,45.902
2026-09-04T20:02:00,M02,12.547,2.069,27.002,20.861,45.561
2026-09-04T20:03:00,M02,12.639,2.143,27.081,20.531,44.615
2026-09-04T20:04:00,M02,12.659,2.013,26.981,20.939,45.163
2026-09-04T20:05:00,M02,12.560,2.020,27.181,20.348,45.193
2026-09-04T20:06:00,M02,12.585,1.986,27.268,20.474,43.967
2026-09-04T20:07:00,M02,12.550,2.063,27.037,20.691,44.478
2026-09-04T20:08:00,M02,12.652,1.960,27.175,20.460,43.386
2026-09-04T20:09:00,M02,12.572,2.020,27.266,21.024,44.618
2026-09-04T20:10:00,M02,12.588,2.101,26.982,21.074,45.084
2026-09-04T20:11:00,M02,12.633,2.026,27.057,21.165,44.313
2026-09-04T20:12:00,M02,12.805,1.988,27.076,20.812,43.266
2026-09-04T20:13:00,M02,12.662,1.953,27.267,21.092,44.838
2026-09-04T20:14:00,M02,12.611,1.973,27.116,21.052,45.414
2026-09-04T20:15:00,M02,12.675,1.970,26.878,20.542,44.814
2026-09-04T20:16:00,M02,12.589,2.025,26.838,20.843,45.014
2026-09-04T20:17:00,M02,12.720,1.983,27.082,20.916,44.207
2026-09-04T20:18:00,M02,12.589,1.989,26.806,20.810,43.922
2026-09-04T20:19:00,M02,12.610,2.014,26.739,20.580,43.420
2026-09-04T20:20:00,M02,12.513,2.018,26.860,20.877,43.080
2026-09-04T20:21:00,M02,12.598,2.036,27.135,20.862,44.770
2026-09-04T20:22:00,M02,12.549,2.009,26.977,21.152,43.443
2026-09-04T20:23:00,M02,12.666,2.068,27.005,20.824,45.683
2026-09-04T20:24:00,M02,12.660,1.967,27.066,20.524,44.962
2026-09-04T20:25:00,M02,12.644,2.017,26.921,20.909,43.557
2026-09-04T20:26:00,M02,12.649,2.098,26.785,20.941,43.455
2026-09-04T20:27:00,M02,12.490,1.941,26.972,20.855,45.464
2026-09-04T20:28:00,M02,12.479,1.876,26.985,20.738,46.402
2026-09-04T20:29:00,M02,12.647,2.023,26.913,20.956,44.158
2026-09-04T20:30:00,M02,12.589,1.972,26.981,20.874,44.993
2026-09-04T20:31:00,M02,12.636,2.032,27.285,20.733,43.143
2026-09-04T20:32:00,M02,12.673,2.008,27.016,20.880,46.639
2026-09-04T20:33:00,M02,12.739,1.988,26.924,20.897,45.963
2026-09-04T20:34:00,M02,12.844,1.991,26.762,20.808,45.475
2026-09-04T20:35:00,M02,12.392,1.937,27.176,20.936,44.862
2026-09-04T20:36:00,M02,12.531,2.048,27.143,20.898,46.741
2026-09-04T20:37:00,M02,12.566,2.044,26.934,20.958,44.093
2026-09-04T20:38:00,M02,12.562,1.924,27.069,20.477,42.372
2026-09-04T20:39:00,M02,12.634,2.076,27.091,21.045,43.225
2026-09-04T20:40:00,M02,12.594,1.999,26.772,20.618,43.393
2026-09-04T20:41:00,M02,12.526,1.958,26.856,21.000,45.652
2026-09-04T20:42:00,M02,12.637,2.010,26.757,20.568,43.945
2026-09-04T20:43:00,M02,12.657,2.002,26.745,20.702,45.382
2026-09-04T20:44:00,M02,12.475,1.943,26.861,20.669,44.132
2026-09-04T20:45:00,M02,12.629,1.942,27.126,20.802,45.035
2026-09-04T20:46:00,M02,12.613,2.050,26.853,20.800,45.096
2026-09-04T20:47:00,M02,12.554,2.005,27.220,20.740,44.941
2026-09-04T20:48:00,M02,12.765,1.953,27.295,20.724,44.069
2026-09-04T20:49:00,M02,12.581,1.988,27.239,20.921,40.644
2026-09-04T20:50:00,M02,12.425,1.998,27.233,20.842,44.890
2026-09-04T20:51:00,M02,12.750,1.934,27.009,20.490,45.831
2026-09-04T20:52:00,M02,12.518,2.012,27.096,20.839,45.351
2026-09-04T20:53:00,M02,12.708,2.071,27.079,20.731,45.165
2026-09-04T20:54:00,M02,12.625,2.056,27.347,20.706,46.290
2026-09-04T20:55:00,M02,12.687,1.993,27.063,20.766,43.729
2026-09-04T20:56:00,M02,12.600,2.072,27.002,20.704,43.594
2026-09-04T20:57:00,M02,12.660,2.073,26.919,20.757,42.292
2026-09-04T20:58:00,M02,12.470,2.049,27.035,21.109,44.608
2026-09-04T20:59:00,M02,12.563,1.983,26.944,20.835,46.026
2026-09-04T21:00:00,M02,12.530,1.990,27.079,21.016,45.891
2026-09-04T21:01:00,M02,12.559,2.051,26.722,20.840,45.657
2026-09-04T21:02:00,M02,12.387,1.885,26.924,21.058,44.696
2026-09-04T21:03:00,M02,12.538,2.051,26.947,20.619,45.442
2026-09-04T21:04:00,M02,12.635,2.001,27.125,20.708,44.900
2026-09-04T21:05:00,M02,12.638,2.043,26.974,20.770,46.975
2026-09-04T21:06:00,M02,12.562,1.917,26.909,20.773,44.368
2026-09-04T21:07:00,M02,12.626,2.010,27.068,20.856,45.128
2026-09-04T21:08:00,M02,12.710,1.974,27.121,20.539,43.144
2026-09-04T21:09:00,M02,12.718,1.954,26.831,20.889,45.686
2026-09-04T21:10:00,M02,12.539,2.007,26.940,20.777,45.879
2026-09-04T21:11:00,M02,12.599,1.955,27.186,20.691,46.393
2026-09-04T21:12:00,M02,12.600,2.023,26.993,20.516,44.746
2026-09-04T21:13:00,M02,12.691,1.942,27.078,20.515,44.809
2026-09-04T21:14:00,M02,12.692,1.964,27.104,20.456,44.146
2026-09-04T21:15:00,M02,12.739,2.019,26.982,21.025,46.336
2026-09-04T21:16:00,M02,12.479,1.992,27.183,20.904,43.141
2026-09-04T21:17:00,M02,12.501,2.047,27.026,20.833,45.973
2026-09-04T21:18:00,M02,12.686,2.022,27.010,21.204,44.146
2026-09-04T21:19:00,M02,12.839,1.921,26.957,21.058,45.274
2026-09-04T21:20:00,M02,12.760,2.026,26.755,20.441,44.926
2026-09-04T21:21:00,M02,12.561,1.952,27.009,20.795,42.153
2026-09-04T21:22:00,M02,12.598,2.020,27.035,20.597,45.563
2026-09-04T21:23:00,M02,12.792,1.963,27.112,20.691,45.411
2026-09-04T21:24:00,M02,12.472,1.960,26.861,20.836,45.296
2026-09-04T21:25:00,M02,12.589,2.003,26.932,21.072,45.068
2026-09-04T21:26:00,M02,12.476,2.063,27.008,20.687,44.566
2026-09-04T21:27:00,M02,12.586,2.024,26.779,20.934,44.148
2026-09-04T21:28:00,M02,12.585,2.035,27.001,20.969,47.156
2026-09-04T21:29:00,M02,12.675,2.016,27.061,20.913,43.621
2026-09-04T21:30:00,M02,12.501,1.988,26.972,20.672,46.157
2026-09-04T21:31:00,M02,12.566,1.985,27.158,20.943,46.269
2026-09-04T21:32:00,M02,12.677,1.959,27.121,20.936,44.302
2026-09-04T21:33:00,M02,12.687,2.011,27.002,20.853,44.909
2026-09-04T21:34:00,M02,12.546,2.011,26.833,20.929,42.925
2026-09-04T21:35:00,M02,12.508,1.943,26.949,20.950,45.416
2026-09-04T21:36:00,M02,12.537,2.059,27.135,20.956,44.467
2026-09-04T21:37:00,M02,12.593,1.979,26.950,20.737,44.186
2026-09-04T21:38:00,M02,12.643,2.031,26.920,20.843,43.522
2026-09-04T21:39:00,M02,12.615,2.025,27.138,20.967,44.292
2026-09-04T21:40:00,M02,12.496,2.003,27.103,20.864,43.543
2026-09-04T21:41:00,M02,12.774,2.033,26.944,20.992,44.384
2026-09-04T21:42:00,M02,12.587,2.004,27.014,20.794,44.630
2026-09-04T21:43:00,M02,12.488,1.928,27.155,20.816,43.904
2026-09-04T21:44:00,M02,12.628,1.996,26.741,20.927,45.748
2026-09-04T21:45:00,M02,12.662,2.067,27.201,20.781,46.038
2026-09-04T21:46:00,M02,12.685,2.009,26.747,20.719,44.994
2026-09-04T21:47:00,M02,12.522,2.120,26.872,20.766,45.859
2026-09-04T21:48:00,M02,12.520,2.024,27.290,20.912,46.285
2026-09-04T21:49:00,M02,12.532,2.087,27.058,20.686,44.613
2026-09-04T21:50:00,M02,12.628,1.942,27.205,20.893,45.427
2026-09-04T21:51:00,M02,12.458,2.005,27.080,20.873,45.294
2026-09-04T21:52:00,M02,12.584,2.001,27.118,20.665,45.849
2026-09-04T21:53:00,M02,12.484,1.935,27.394,20.891,44.935
2026-09-04T21:54:00,M02,12.702,1.947,26.924,20.586,42.848
2026-09-04T21:55:00,M02,12.702,1.984,27.153,21.022,43.910
2026-09-04T21:56:00,M02,12.517,2.022,27.030,20.531,44.503
2026-09-04T21:57:00,M02,12.548,1.934,26.697,20.897,45.817
2026-09-04T21:58:00,M02,12.686,2.022,27.089,20.824,44.910
2026-09-04T21:59:00,M02,12.552,1.989,26.837,20.904,45.080
2026-09-04T22:00:00,M02,12.490,2.011,26.989,20.924,44.257
2026-09-04T22:01:00,M02,12.575,2.026,26.836,20.885,45.358
2026-09-04T22:02:00,M02,12.692,2.042,27.108,20.813,45.407
2026-09-04T22:03:00,M02,12.688,2.025,26.814,21.078,45.757
2026-09-04T22:04:00,M02,12.551,2.019,26.840,20.978,42.997
2026-09-04T22:05:00,M02,12.634,2.004,27.154,20.874,44.880
2026-09-04T22:06:00,M02,12.517,1.966,27.019,21.115,44.055
2026-09-04T22:07:00,M02,12.666,1.991,26.779,20.876,43.402
2026-09-04T22:08:00,M02,12.739,1.922,26.881,20.682,44.854
2026-09-04T22:09:00,M02,12.392,2.022,26.887,20.330,45.309
2026-09-04T22:10:00,M02,12.637,1.938,26.865,20.634,45.671
2026-09-04T22:11:00,M02,12.513,1.935,27.104,20.758,47.423
2026-09-04T22:12:00,M02,12.629,1.946,27.069,20.745,44.700
2026-09-04T22:13:00,M02,12.571,2.099,26.928,20.948,41.960
2026-09-04T22:14:00,M02,12.666,2.105,26.846,20.632,44.843
2026-09-04T22:15:00,M02,12.544,2.068,27.024,20.852,46.378
2026-09-04T22:16:00,M02,12.524,2.054,27.024,20.897,44.731
2026-09-04T22:17:00,M02,12.667,1.945,27.095,20.696,45.729
2026-09-04T22:18:00,M02,12.740,1.909,26.799,20.570,42.371
2026-09-04T22:19:00,M02,12.574,2.062,26.916,20.910,44.846
2026-09-04T22:20:00,M02,12.536,1.971,26.818,20.640,45.247
2026-09-04T22:21:00,M02,12.565,1.916,27.169,20.806,43.008
2026-09-04T22:22:00,M02,12.664,2.004,27.077,21.011,44.780
2026-09-04T22:23:00,M02,12.657,2.011,27.115,20.522,45.059
2026-09-04T22:24:00,M02,12.558,1.992,27.197,20.402,45.694
2026-09-04T22:25:00,M02,12.503,1.985,27.064,20.611,44.592
2026-09-04T22:26:00,M02,12.701,1.999,26.873,20.820,43.801
2026-09-04T22:27:00,M02,12.501,2.032,27.025,20.762,45.498
2026-09-04T22:28:00,M02,12.566,1.972,27.141,20.918,46.616
2026-09-04T22:29:00,M02,12.736,2.044,26.829,20.788,43.594
2026-09-04T22:30:00,M02,12.574,1.963,26.900,20.925,43.551
2026-09-04T22:31:00,M02,12.596,1.989,27.095,20.586,44.634
2026-09-04T22:32:00,M02,12.567,1.981,26.936,20.814,42.389
2026-09-04T22:33:00,M02,12.593,1.983,26.791,20.739,43.242
2026-09-04T22:34:00,M02,12.541,2.031,26.882,20.879,44.647
2026-09-04T22:35:00,M02,12.702,2.037,26.659,20.925,45.937
2026-09-04T22:36:00,M02,12.542,2.019,27.064,20.506,46.030
2026-09-04T22:37:00,M02,12.587,1.993,27.190,20.683,44.656
2026-09-04T22:38:00,M02,12.629,1.984,26.834,20.580,46.403
2026-09-04T22:39:00,M02,12.677,2.019,26.909,20.810,46.037
2026-09-04T22:40:00,M02,12.552,1.970,27.020,20.663,45.060
2026-09-04T22:41:00,M02,12.494,2.092,27.131,20.647,45.625
2026-09-04T22:42:00,M02,12.588,2.080,26.889,20.444,46.304
2026-09-04T22:43:00,M02,12.620,2.010,26.698,20.871,46.448
2026-09-04T22:44:00,M02,12.675,2.019,27.176,20.709,43.186
2026-09-04T22:45:00,M02,12.698,2.040,26.925,20.742,44.638
2026-09-04T22:46:00,M02,12.610,2.035,26.874,20.780,46.639
2026-09-04T22:47:00,M02,12.426,2.014,27.240,20.575,44.287
2026-09-04T22:48:00,M02,12.500,1.994,27.075,20.771,45.272
2026-09-04T22:49:00,M02,12.541,2.027,26.904,21.016,44.716
2026-09-04T22:50:00,M02,12.690,1.939,26.644,20.641,44.341
2026-09-04T22:51:00,M02,12.706,2.005,27.020,20.678,46.282
2026-09-04T22:52:00,M02,12.776,1.982,27.109,20.764,45.842
2026-09-04T22:53:00,M02,12.689,1.975,27.143,20.893,45.437
2026-09-04T22:54:00,M02,12.678,2.033,27.121,20.513,42.473
2026-09-04T22:55:00,M02,12.644,1.978,27.097,20.813,45.500
2026-09-04T22:56:00,M02,12.659,1.987,26.967,20.891,44.547
2026-09-04T22:57:00,M02,12.616,2.030,27.168,20.994,45.907
2026-09-04T22:58:00,M02,12.564,1.988,26.913,20.511,43.521
2026-09-04T22:59:00,M02,12.566,1.927,27.046,20.826,47.663
2026-09-04T23:00:00,M02,12.650,1.979,26.960,20.686,44.521
2026-09-04T23:01:00,M02,12.620,1.996,26.964,20.483,44.890
2026-09-04T23:02:00,M02,12.676,2.008,26.777,20.887,45.090
2026-09-04T23:03:00,M02,12.682,2.028,26.852,20.471,45.272
2026-09-04T23:04:00,M02,12.722,2.074,27.056,21.086,45.251
2026-09-04T23:05:00,M02,12.760,2.008,26.756,21.058,45.485
2026-09-04T23:06:00,M02,12.566,2.084,27.114,20.965,45.360
2026-09-04T23:07:00,M02,12.659,2.041,26.918,20.897,45.122
2026-09-04T23:08:00,M02,12.610,2.038,27.100,20.782,44.214
2026-09-04T23:09:00,M02,12.719,2.028,26.953,20.883,44.336
2026-09-04T23:10:00,M02,12.531,1.960,27.137,20.969,44.319
2026-09-04T23:11:00,M02,12.649,2.044,27.021,20.862,44.755
2026-09-04T23:12:00,M02,12.573,1.984,26.858,20.882,44.572
2026-09-04T23:13:00,M02,12.637,1.991,27.181,20.675,44.707
2026-09-04T23:14:00,M02,12.607,1.903,26.977,20.753,47.062
2026-09-04T23:15:00,M02,12.588,2.092,26.833,20.900,45.716
2026-09-04T23:16:00,M02,12.514,1.948,26.928,20.755,45.834
2026-09-04T23:17:00,M02,12.609,2.005,27.134,20.553,45.363
2026-09-04T23:18:00,M02,12.415,1.976,27.196,20.749,45.444
2026-09-04T23:19:00,M02,12.534,2.000,27.161,20.480,43.565
2026-09-04T23:20:00,M02,12.490,1.982,26.734,20.708,43.218
2026-09-04T23:21:00,M02,12.479,1.922,26.946,20.775,45.468
2026-09-04T23:22:00,M02,12.665,1.984,27.058,20.818,43.986
2026-09-04T23:23:00,M02,12.557,1.977,26.984,20.708,44.892
2026-09-04T23:24:00,M02,12.541,2.044,27.102,21.086,44.726
2026-09-04T23:25:00,M02,12.633,1.964,26.967,21.030,43.950
2026-09-04T23:26:00,M02,12.521,2.022,27.087,20.875,44.937
2026-09-04T23:27:00,M02,12.727,2.009,26.990,20.451,44.468
2026-09-04T23:28:00,M02,12.589,2.106,26.932,20.912,46.091
2026-09-04T23:29:00,M02,12.573,1.944,27.106,20.760,44.990
2026-09-04T23:30:00,M02,12.641,2.029,27.027,20.662,42.751
2026-09-04T23:31:00,M02,12.698,2.034,26.908,20.988,44.710
2026-09-04T23:32:00,M02,12.729,2.037,27.153,20.583,45.415
2026-09-04T23:33:00,M02,12.578,1.959,26.898,20.800,45.075
2026-09-04T23:34:00,M02,12.701,1.972,27.162,21.001,44.294
2026-09-04T23:35:00,M02,12.615,2.019,27.020,20.742,44.657
2026-09-04T23:36:00,M02,12.487,2.059,26.915,20.998,42.966
2026-09-04T23:37:00,M02,12.409,2.097,27.126,20.610,45.630
2026-09-04T23:38:00,M02,12.619,2.058,27.119,21.068,43.046
2026-09-04T23:39:00,M02,12.578,1.984,27.061,20.879,44.604
2026-09-04T23:40:00,M02,12.729,2.050,27.011,20.818,44.878
2026-09-04T23:41:00,M02,12.594,1.978,27.030,20.607,47.929
2026-09-04T23:42:00,M02,12.682,1.927,27.010,20.717,43.446
2026-09-04T23:43:00,M02,12.535,2.005,26.875,20.722,45.267
2026-09-04T23:44:00,M02,12.445,2.025,27.069,20.715,45.396
2026-09-04T23:45:00,M02,12.682,1.936,26.756,20.759,45.373
2026-09-04T23:46:00,M02,12.639,1.928,26.809,20.640,45.931
2026-09-04T23:47:00,M02,12.574,2.099,26.801,20.481,44.409
2026-09-04T23:48:00,M02,12.631,1.951,27.132,20.832,45.201
2026-09-04T23:49:00,M02,12.623,1.924,26.693,20.731,45.382
2026-09-04T23:50:00,M02,12.607,2.027,27.015,20.781,44.764
2026-09-04T23:51:00,M02,12.691,1.979,27.245,20.875,45.545
2026-09-04T23:52:00,M02,12.610,2.023,27.075,20.844,43.787
2026-09-04T23:53:00,M02,12.663,2.013,26.640,20.923,45.996
2026-09-04T23:54:00,M02,12.656,2.038,26.982,20.569,45.291
2026-09-04T23:55:00,M02,12.603,1.942,27.151,20.730,43.194
2026-09-04T23:56:00,M02,12.731,1.991,26.820,20.726,44.223
2026-09-04T23:57:00,M02,12.699,1.948,26.841,20.760,46.602
2026-09-04T23:58:00,M02,12.733,2.017,27.040,21.069,43.518
2026-09-04T23:59:00,M02,12.786,2.021,26.880,20.614,44.832
2026-09-05T00:00:00,M02,11.952,1.826,24.173,19.888,45.399
2026-09-05T00:01:00,M02,12.052,1.802,23.939,20.081,43.580
2026-09-05T00:02:00,M02,12.142,1.815,24.272,20.283,43.765
2026-09-05T00:03:00,M02,12.252,1.862,24.235,19.885,46.962
2026-09-05T00:04:00,M02,12.178,1.776,24.134,19.841,46.659
2026-09-05T00:05:00,M02,12.083,1.922,24.290,19.940,45.251
2026-09-05T00:06:00,M02,11.950,1.796,24.559,20.219,42.822
2026-09-05T00:07:00,M02,12.094,1.812,24.472,20.437,45.371
2026-09-05T00:08:00,M02,12.020,1.912,24.320,20.322,45.650
2026-09-05T00:09:00,M02,12.238,1.836,24.641,19.841,43.386
2026-09-05T00:10:00,M02,12.107,1.876,24.775,20.269,45.651
2026-09-05T00:11:00,M02,12.143,1.845,24.753,20.311,44.529
2026-09-05T00:12:00,M02,12.056,1.906,25.011,20.291,45.795
2026-09-05T00:13:00,M02,12.054,1.840,25.223,20.320,45.143
2026-09-05T00:14:00,M02,12.186,1.942,25.213,20.248,44.814
2026-09-05T00:15:00,M02,12.159,1.910,25.244,20.565,44.774
2026-09-05T00:16:00,M02,12.483,1.887,25.053,20.422,45.249
2026-09-05T00:17:00,M02,12.337,1.908,25.353,20.670,46.064
2026-09-05T00:18:00,M02,12.029,1.890,25.263,20.427,45.041
2026-09-05T00:19:00,M02,12.226,1.957,25.437,20.472,44.718
2026-09-05T00:20:00,M02,12.309,1.922,25.299,20.441,46.585
2026-09-05T00:21:00,M02,12.275,1.862,25.460,20.455,44.882
2026-09-05T00:22:00,M02,12.426,1.843,25.526,20.407,45.873
2026-09-05T00:23:00,M02,12.408,1.806,25.287,20.225,45.307
2026-09-05T00:24:00,M02,12.320,1.875,25.614,20.601,46.318
2026-09-05T00:25:00,M02,12.303,1.921,25.681,20.548,43.822
2026-09-05T00:26:00,M02,12.275,1.985,25.750,20.369,44.240
2026-09-05T00:27:00,M02,12.249,1.961,25.690,20.433,44.982
2026-09-05T00:28:00,M02,12.347,1.937,25.721,20.356,44.636
2026-09-05T00:29:00,M02,12.419,1.893,25.896,20.858,46.302
2026-09-05T00:30:00,M02,12.303,1.933,25.792,20.594,44.374
2026-09-05T00:31:00,M02,12.364,1.919,26.228,20.447,45.561
2026-09-05T00:32:00,M02,12.584,1.939,26.408,20.526,45.185
2026-09-05T00:33:00,M02,12.471,1.924,26.173,20.629,45.454
2026-09-05T00:34:00,M02,12.267,2.016,26.017,20.624,44.756
2026-09-05T00:35:00,M02,12.430,1.966,26.298,20.177,43.511
2026-09-05T00:36:00,M02,12.516,1.926,26.071,20.790,43.536
2026-09-05T00:37:00,M02,12.279,2.028,26.312,20.593,46.874
2026-09-05T00:38:00,M02,12.343,1.911,26.245,20.680,44.343
2026-09-05T00:39:00,M02,12.386,1.943,26.422,20.656,45.770
2026-09-05T00:40:00,M02,12.360,1.976,26.373,20.729,42.658
2026-09-05T00:41:00,M02,12.447,1.939,26.364,20.674,45.231
2026-09-05T00:42:00,M02,12.441,2.020,26.369,20.488,45.261
2026-09-05T00:43:00,M02,12.277,1.920,26.271,20.605,46.609
2026-09-05T00:44:00,M02,12.443,1.945,26.397,20.645,45.437
2026-09-05T00:45:00,M02,12.459,1.967,26.215,20.345,44.513
2026-09-05T00:46:00,M02,12.336,1.920,26.334,20.691,47.945
2026-09-05T00:47:00,M02,12.505,1.898,26.433,20.582,44.165
2026-09-05T00:48:00,M02,12.464,1.951,26.201,20.726,44.863
2026-09-05T00:49:00,M02,12.532,1.810,26.404,20.466,43.341
2026-09-05T00:50:00,M02,12.706,2.033,26.424,20.477,46.157
2026-09-05T00:51:00,M02,12.607,1.943,26.510,20.790,45.852
2026-09-05T00:52:00,M02,12.379,2.001,26.477,20.187,45.177
2026-09-05T00:53:00,M02,12.582,1.922,26.482,20.711,45.472
2026-09-05T00:54:00,M02,12.500,2.075,26.413,20.592,45.548
2026-09-05T00:55:00,M02,12.481,1.962,26.517,20.506,44.442
2026-09-05T00:56:00,M02,12.575,1.925,26.773,20.555,44.294
2026-09-05T00:57:00,M02,12.586,1.942,26.682,20.871,45.569
2026-09-05T00:58:00,M02,12.582,1.990,26.717,20.964,44.790
2026-09-05T00:59:00,M02,12.433,2.007,26.585,20.982,45.730
2026-09-05T01:00:00,M02,12.480,1.947,26.659,20.614,46.672
2026-09-05T01:01:00,M02,12.562,2.036,26.676,20.856,45.285
2026-09-05T01:02:00,M02,12.766,1.975,26.494,20.513,44.290
2026-09-05T01:03:00,M02,12.576,1.972,26.745,20.823,43.050
2026-09-05T01:04:00,M02,12.513,1.974,26.698,20.446,42.362
2026-09-05T01:05:00,M02,12.567,2.043,26.524,20.787,45.661
2026-09-05T01:06:00,M02,12.598,1.993,27.031,20.507,44.257
2026-09-05T01:07:00,M02,12.641,1.969,26.495,20.645,43.504
2026-09-05T01:08:00,M02,12.524,2.000,26.594,20.520,44.686
2026-09-05T01:09:00,M02,12.714,2.005,26.694,20.953,44.563
2026-09-05T01:10:00,M02,12.674,1.923,26.988,20.440,43.283
2026-09-05T01:11:00,M02,12.492,2.022,26.641,20.593,47.249
2026-09-05T01:12:00,M02,12.616,2.031,26.647,20.993,46.048
2026-09-05T01:13:00,M02,12.446,2.004,26.602,20.623,46.842
2026-09-05T01:14:00,M02,12.573,1.947,26.806,20.817,43.793
2026-09-05T01:15:00,M02,12.642,1.976,26.912,20.661,45.838
2026-09-05T01:16:00,M02,12.737,2.003,26.590,20.621,46.815
2026-09-05T01:17:00,M02,12.593,2.035,26.801,20.607,44.756
2026-09-05T01:18:00,M02,12.500,1.946,26.768,20.984,43.316
2026-09-05T01:19:00,M02,12.484,1.967,26.806,20.815,45.490
2026-09-05T01:20:00,M02,12.475,2.060,26.740,20.888,46.573
2026-09-05T01:21:00,M02,12.476,2.031,26.743,20.669,43.195
2026-09-05T01:22:00,M02,12.489,2.025,26.837,20.450,43.106
2026-09-05T01:23:00,M02,12.315,1.956,26.605,20.657,45.109
2026-09-05T01:24:00,M02,12.593,2.012,26.478,20.687,43.828
2026-09-05T01:25:00,M02,12.515,2.034,26.927,20.820,46.922
2026-09-05T01:26:00,M02,12.639,1.886,26.731,20.733,45.843
2026-09-05T01:27:00,M02,12.664,1.973,26.801,20.920,44.912
2026-09-05T01:28:00,M02,12.478,2.049,26.669,20.877,45.317
2026-09-05T01:29:00,M02,12.490,2.038,26.713,20.784,44.061
2026-09-05T01:30:00,M02,12.666,1.940,26.752,20.764,45.128
2026-09-05T01:31:00,M02,12.504,2.050,26.921,20.711,45.925
2026-09-05T01:32:00,M02,12.671,2.023,26.866,21.063,43.376
2026-09-05T01:33:00,M02,12.692,2.024,26.808,20.684,43.421
2026-09-05T01:34:00,M02,12.520,2.068,26.966,20.884,46.595
2026-09-05T01:35:00,M02,12.465,1.983,26.717,20.848,43.406
2026-09-05T01:36:00,M02,12.607,2.022,26.790,20.682,46.708
2026-09-05T01:37:00,M02,12.665,2.067,26.724,20.806,44.519
2026-09-05T01:38:00,M02,12.547,2.049,27.042,20.778,43.966
2026-09-05T01:39:00,M02,12.425,1.951,26.963,20.822,46.191
2026-09-05T01:40:00,M02,12.719,1.970,26.744,20.679,45.283
2026-09-05T01:41:00,M02,12.581,1.926,26.861,20.748,45.660
2026-09-05T01:42:00,M02,12.392,1.964,27.016,20.831,45.043
2026-09-05T01:43:00,M02,12.669,1.933,26.929,20.766,46.582
2026-09-05T01:44:00,M02,12.732,2.031,26.808,20.555,46.118
2026-09-05T01:45:00,M02,12.623,2.053,26.975,20.665,47.452
2026-09-05T01:46:00,M02,12.601,1.962,26.971,20.988,44.920
2026-09-05T01:47:00,M02,12.644,1.998,26.793,20.966,45.137
2026-09-05T01:48:00,M02,12.541,2.029,26.833,21.043,44.877
2026-09-05T01:49:00,M02,12.624,2.003,26.802,20.622,44.891
2026-09-05T01:50:00,M02,12.548,1.986,27.046,21.001,43.383
2026-09-05T01:51:00,M02,12.579,1.971,26.824,20.781,44.557
2026-09-05T01:52:00,M02,12.635,2.035,26.907,21.114,44.405
2026-09-05T01:53:00,M02,12.500,1.923,26.834,20.740,44.757
2026-09-05T01:54:00,M02,12.607,2.061,26.886,20.691,44.656
2026-09-05T01:55:00,M02,12.669,1.993,27.089,20.672,45.816
2026-09-05T01:56:00,M02,12.625,1.966,27.037,20.994,45.423
2026-09-05T01:57:00,M02,12.537,2.014,26.836,20.726,44.742
2026-09-05T01:58:00,M02,12.610,1.954,26.911,20.522,44.988
2026-09-05T01:59:00,M02,12.583,1.989,26.788,20.813,45.820
2026-09-05T02:00:00,M02,12.721,1.953,26.928,20.929,44.591
2026-09-05T02:01:00,M02,12.568,2.059,26.983,20.846,44.723
2026-09-05T02:02:00,M02,12.688,2.103,27.188,20.778,45.640
2026-09-05T02:03:00,M02,12.681,2.123,27.114,20.693,46.700
2026-09-05T02:04:00,M02,12.535,2.038,26.761,20.743,45.855
2026-09-05T02:05:00,M02,12.659,2.037,26.503,20.754,43.219
2026-09-05T02:06:00,M02,12.577,2.002,26.838,20.906,46.163
2026-09-05T02:07:00,M02,12.468,2.024,27.021,21.095,46.635
2026-09-05T02:08:00,M02,12.579,2.000,27.070,20.424,43.883
2026-09-05T02:09:00,M02,12.540,2.002,27.014,20.810,44.830
2026-09-05T02:10:00,M02,12.499,2.087,26.819,21.021,45.027
2026-09-05T02:11:00,M02,12.624,1.886,26.870,20.683,42.753
2026-09-05T02:12:00,M02,12.490,1.969,26.872,20.734,44.752
2026-09-05T02:13:00,M02,12.589,2.042,27.034,20.964,46.668
2026-09-05T02:14:00,M02,12.434,1.960,26.912,20.894,43.700
2026-09-05T02:15:00,M02,12.521,1.972,27.020,20.748,45.263
2026-09-05T02:16:00,M02,12.425,1.993,26.806,20.834,44.555
2026-09-05T02:17:00,M02,12.726,1.973,26.793,20.740,42.851
2026-09-05T02:18:00,M02,12.597,2.022,27.063,20.507,44.414
2026-09-05T02:19:00,M02,12.613,1.996,26.737,20.967,42.592
2026-09-05T02:20:00,M02,12.504,2.014,27.358,20.803,44.419
2026-09-05T02:21:00,M02,12.582,2.069,27.014,21.085,45.195
2026-09-05T02:22:00,M02,12.644,2.033,26.947,20.618,44.105
2026-09-05T02:23:00,M02,12.572,1.984,27.075,20.689,46.000
2026-09-05T02:24:00,M02,12.654,2.105,26.918,20.982,43.707
2026-09-05T02:25:00,M02,12.386,1.984,26.861,20.938,43.837
2026-09-05T02:26:00,M02,12.589,1.961,27.015,20.968,45.098
2026-09-05T02:27:00,M02,12.496,1.995,26.936,20.585,45.586
2026-09-05T02:28:00,M02,12.755,1.984,27.039,20.538,43.742
2026-09-05T02:29:00,M02,12.612,1.999,26.776,20.728,43.802
2026-09-05T02:30:00,M02,12.582,1.989,27.219,20.619,45.054
2026-09-05T02:31:00,M02,12.514,2.057,26.881,20.791,47.037
2026-09-05T02:32:00,M02,12.665,1.974,26.728,20.506,43.934
2026-09-05T02:33:00,M02,12.547,1.986,26.807,20.785,45.862
2026-09-05T02:34:00,M02,12.626,2.042,27.039,20.801,45.134
2026-09-05T02:35:00,M02,12.434,2.059,26.861,20.911,46.858
2026-09-05T02:36:00,M02,12.643,2.100,26.980,20.935,44.716
2026-09-05T02:37:00,M02,12.451,2.027,27.052,21.105,44.316
2026-09-05T02:38:00,M02,12.537,2.032,26.949,20.644,43.475
2026-09-05T02:39:00,M02,12.469,2.060,26.915,20.652,43.642
2026-09-05T02:40:00,M02,12.581,1.954,27.196,21.023,44.268
2026-09-05T02:41:00,M02,12.651,2.020,27.074,20.565,44.211
2026-09-05T02:42:00,M02,12.490,2.007,27.144,20.618,44.186
2026-09-05T02:43:00,M02,12.568,2.021,26.842,20.919,45.989
2026-09-05T02:44:00,M02,12.628,2.041,26.862,20.908,44.226
2026-09-05T02:45:00,M02,12.702,2.022,27.195,20.956,45.555
2026-09-05T02:46:00,M02,12.675,2.024,26.846,20.993,46.037
2026-09-05T02:47:00,M02,12.593,2.011,27.189,20.762,45.886
2026-09-05T02:48:00,M02,12.793,1.981,27.098,20.641,44.253
2026-09-05T02:49:00,M02,12.613,2.084,27.031,20.670,44.434
2026-09-05T02:50:00,M02,12.597,1.943,26.936,20.843,44.395
2026-09-05T02:51:00,M02,12.665,1.954,26.909,20.661,44.619
2026-09-05T02:52:00,M02,12.487,1.990,26.840,20.316,44.262
2026-09-05T02:53:00,M02,12.541,1.933,26.830,20.535,45.491
2026-09-05T02:54:00,M02,12.571,2.015,27.242,20.605,45.421
2026-09-05T02:55:00,M02,12.624,2.061,26.977,21.104,44.897
2026-09-05T02:56:00,M02,12.743,2.063,27.041,20.955,44.281
2026-09-05T02:57:00,M02,12.597,2.065,27.129,20.745,45.208
2026-09-05T02:58:00,M02,12.623,1.994,27.216,20.764,45.885
2026-09-05T02:59:00,M02,12.537,1.996,27.031,20.513,44.995
2026-09-05T03:00:00,M02,12.700,2.055,27.207,20.738,46.011
2026-09-05T03:01:00,M02,12.540,1.953,27.042,20.849,45.354
2026-09-05T03:02:00,M02,12.571,2.051,27.033,20.856,46.001
2026-09-05T03:03:00,M02,12.703,1.931,26.954,20.887,46.423
2026-09-05T03:04:00,M02,12.552,1.984,27.035,20.571,46.370
2026-09-05T03:05:00,M02,12.454,2.013,26.904,20.707,44.500
2026-09-05T03:06:00,M02,12.424,2.008,27.147,21.096,45.833
2026-09-05T03:07:00,M02,12.613,2.015,26.935,20.796,46.598
2026-09-05T03:08:00,M02,12.597,1.962,26.938,20.845,45.692
2026-09-05T03:09:00,M02,12.575,1.973,26.854,20.663,44.978
2026-09-05T03:10:00,M02,12.708,2.000,27.186,20.841,46.402
2026-09-05T03:11:00,M02,12.773,1.987,26.721,20.874,46.292
2026-09-05T03:12:00,M02,12.538,2.035,27.097,20.786,45.926
2026-09-05T03:13:00,M02,12.635,2.001,26.987,20.957,43.696
2026-09-05T03:14:00,M02,12.562,1.961,26.837,20.837,45.319
2026-09-05T03:15:00,M02,12.507,1.996,27.141,21.045,42.556
2026-09-05T03:16:00,M02,12.478,1.954,27.038,20.847,46.346
2026-09-05T03:17:00,M02,12.599,1.963,26.830,20.756,45.894
2026-09-05T03:18:00,M02,12.879,2.051,27.035,21.105,48.055
2026-09-05T03:19:00,M02,12.632,2.000,27.165,20.869,46.189
2026-09-05T03:20:00,M02,12.530,2.000,27.439,20.850,45.345
2026-09-05T03:21:00,M02,12.770,1.988,26.945,20.875,43.823
2026-09-05T03:22:00,M02,12.607,2.056,27.173,20.753,46.885
2026-09-05T03:23:00,M02,12.570,1.900,26.989,20.829,45.713
2026-09-05T03:24:00,M02,12.642,2.046,26.873,20.959,42.391
2026-09-05T03:25:00,M02,12.805,2.011,26.891,20.790,46.149
2026-09-05T03:26:00,M02,12.448,1.988,27.235,20.600,45.900
2026-09-05T03:27:00,M02,12.608,1.941,27.147,21.067,45.627
2026-09-05T03:28:00,M02,12.587,2.002,27.151,20.931,46.872
2026-09-05T03:29:00,M02,12.610,1.972,26.993,20.890,45.875
2026-09-05T03:30:00,M02,12.542,2.042,26.975,21.118,46.337
2026-09-05T03:31:00,M02,12.750,2.049,26.962,20.832,45.530
2026-09-05T03:32:00,M02,12.504,1.979,26.890,20.262,44.540
2026-09-05T03:33:00,M02,12.428,1.990,26.954,21.110,45.471
2026-09-05T03:34:00,M02,12.654,2.071,26.735,21.072,45.100
2026-09-05T03:35:00,M02,12.739,1.967,26.847,20.805,45.444
2026-09-05T03:36:00,M02,12.753,2.043,26.910,20.789,45.283
2026-09-05T03:37:00,M02,12.576,2.056,26.997,20.895,45.291
2026-09-05T03:38:00,M02,12.503,2.049,26.885,20.674,43.926
2026-09-05T03:39:00,M02,12.656,2.045,27.024,20.853,43.865
2026-09-05T03:40:00,M02,12.664,1.944,27.053,20.891,45.633
2026-09-05T03:41:00,M02,12.662,1.871,26.968,20.839,45.200
2026-09-05T03:42:00,M02,12.388,1.979,27.109,20.735,44.234
2026-09-05T03:43:00,M02,12.491,1.993,27.151,21.162,45.012
2026-09-05T03:44:00,M02,12.599,2.079,26.967,21.082,44.332
2026-09-05T03:45:00,M02,12.683,1.952,26.996,20.845,47.870
2026-09-05T03:46:00,M02,12.664,2.078,26.895,20.803,47.004
2026-09-05T03:47:00,M02,12.692,1.923,27.067,20.644,44.713
2026-09-05T03:48:00,M02,12.767,2.019,26.765,20.833,45.864
2026-09-05T03:49:00,M02,12.646,2.017,27.095,20.754,45.129
2026-09-05T03:50:00,M02,12.651,2.036,27.176,20.924,44.347
2026-09-05T03:51:00,M02,12.788,1.960,26.998,20.802,43.932
2026-09-05T03:52:00,M02,12.557,2.005,26.873,20.732,45.458
2026-09-05T03:53:00,M02,12.584,2.035,27.116,20.788,44.963
2026-09-05T03:54:00,M02,12.597,2.132,27.265,20.998,46.522
2026-09-05T03:55:00,M02,12.592,2.051,27.083,21.043,45.874
2026-09-05T03:56:00,M02,12.650,2.034,27.127,20.687,44.000
2026-09-05T03:57:00,M02,12.423,1.989,26.745,20.906,45.850
2026-09-05T03:58:00,M02,12.532,1.981,27.225,20.749,45.645
2026-09-05T03:59:00,M02,12.647,1.980,27.033,20.646,43.731
2026-09-05T04:00:00,M02,12.504,1.949,26.985,20.824,46.854
2026-09-05T04:01:00,M02,12.446,2.022,26.899,21.167,45.604
2026-09-05T04:02:00,M02,12.819,1.975,27.044,20.685,45.294
2026-09-05T04:03:00,M02,12.556,2.101,26.879,20.568,45.006
2026-09-05T04:04:00,M02,12.703,2.143,26.840,21.073,46.200
2026-09-05T04:05:00,M02,12.804,1.936,27.048,20.747,46.790
2026-09-05T04:06:00,M02,12.741,2.026,27.150,20.760,45.184
2026-09-05T04:07:00,M02,12.644,1.933,26.868,20.782,43.392
2026-09-05T04:08:00,M02,12.667,1.943,27.139,20.326,44.633
2026-09-05T04:09:00,M02,12.618,1.985,26.853,20.961,44.183
2026-09-05T04:10:00,M02,12.615,1.971,27.121,20.543,44.123
2026-09-05T04:11:00,M02,12.656,1.938,27.163,21.056,44.058
2026-09-05T04:12:00,M02,12.483,1.985,27.147,20.772,44.054
2026-09-05T04:13:00,M02,12.555,1.967,27.086,21.092,44.420
2026-09-05T04:14:00,M02,12.688,2.017,27.020,20.685,42.551
2026-09-05T04:15:00,M02,12.413,2.029,27.097,20.834,44.005
2026-09-05T04:16:00,M02,12.675,2.035,26.780,20.649,47.925
2026-09-05T04:17:00,M02,12.555,1.990,26.816,20.688,44.481
2026-09-05T04:18:00,M02,12.480,2.045,26.822,20.753,45.435
2026-09-05T04:19:00,M02,12.666,1.997,27.051,20.778,45.515
2026-09-05T04:20:00,M02,12.589,2.016,27.040,20.826,44.907
2026-09-05T04:21:00,M02,12.682,1.930,26.961,20.746,43.437
2026-09-05T04:22:00,M02,12.628,1.966,27.050,20.619,46.318
2026-09-05T04:23:00,M02,12.627,2.034,27.236,20.911,45.192
2026-09-05T04:24:00,M02,12.669,2.004,26.947,20.791,44.792
2026-09-05T04:25:00,M02,12.617,2.029,26.923,20.535,44.988
2026-09-05T04:26:00,M02,12.635,1.998,26.769,20.747,44.923
2026-09-05T04:27:00,M02,12.465,2.000,27.109,20.698,43.434
2026-09-05T04:28:00,M02,12.594,1.950,27.317,20.923,43.556
2026-09-05T04:29:00,M02,12.496,2.036,27.027,20.846,43.720
2026-09-05T04:30:00,M02,12.539,1.986,27.066,20.521,43.386
2026-09-05T04:31:00,M02,12.555,2.026,27.045,20.625,44.674
2026-09-05T04:32:00,M02,12.512,2.068,26.846,20.536,45.206
2026-09-05T04:33:00,M02,12.632,2.007,27.055,20.582,47.714
2026-09-05T04:34:00,M02,12.678,1.968,26.971,20.788,45.867
2026-09-05T04:35:00,M02,12.535,1.948,26.924,20.721,46.039
2026-09-05T04:36:00,M02,12.689,1.982,26.878,20.958,43.677
2026-09-05T04:37:00,M02,12.547,2.035,27.141,20.792,45.874
2026-09-05T04:38:00,M02,12.819,1.936,27.214,20.737,45.021
2026-09-05T04:39:00,M02,12.542,2.024,27.071,20.905,44.524
2026-09-05T04:40:00,M02,12.586,1.975,27.169,20.649,44.010
2026-09-05T04:41:00,M02,12.677,2.044,27.081,20.532,45.529
2026-09-05T04:42:00,M02,12.575,2.088,27.021,20.943,43.438
2026-09-05T04:43:00,M02,12.631,2.016,26.870,20.585,44.645
2026-09-05T04:44:00,M02,12.552,2.039,27.276,20.739,44.668
2026-09-05T04:45:00,M02,12.552,2.008,26.825,20.999,43.688
2026-09-05T04:46:00,M02,12.689,1.999,26.988,20.760,45.154
2026-09-05T04:47:00,M02,12.584,1.970,27.246,21.011,46.650
2026-09-05T04:48:00,M02,12.572,1.940,26.767,21.114,42.318
2026-09-05T04:49:00,M02,12.606,1.995,27.268,20.998,44.766
2026-09-05T04:50:00,M02,12.782,2.033,27.139,20.678,44.506
2026-09-05T04:51:00,M02,12.807,2.017,27.061,20.664,45.943
2026-09-05T04:52:00,M02,12.565,2.053,27.229,20.754,43.825
2026-09-05T04:53:00,M02,12.530,1.996,27.007,21.397,45.642
2026-09-05T04:54:00,M02,12.514,1.999,26.931,20.850,45.779
2026-09-05T04:55:00,M02,12.397,1.955,27.066,20.676,46.505
2026-09-05T04:56:00,M02,12.731,1.960,26.805,20.936,44.686
2026-09-05T04:57:00,M02,12.539,1.932,27.105,20.721,44.315
2026-09-05T04:58:00,M02,12.580,1.934,27.102,20.748,44.621
2026-09-05T04:59:00,M02,12.784,1.978,27.031,20.486,46.500
2026-09-05T05:00:00,M02,12.478,1.972,26.876,20.403,45.364
2026-09-05T05:01:00,M02,12.581,1.953,27.281,20.818,46.239
2026-09-05T05:02:00,M02,12.455,2.000,27.228,20.649,46.742
2026-09-05T05:03:00,M02,12.779,1.982,26.842,20.878,46.193
2026-09-05T05:04:00,M02,12.455,1.990,27.119,20.694,43.726
2026-09-05T05:05:00,M02,12.597,2.072,27.114,20.827,44.497
2026-09-05T05:06:00,M02,12.691,2.013,26.958,20.686,45.958
2026-09-05T05:07:00,M02,12.587,1.966,26.994,20.835,44.244
2026-09-05T05:08:00,M02,12.607,1.972,26.893,20.720,47.277
2026-09-05T05:09:00,M02,12.519,2.084,27.166,20.906,44.990
2026-09-05T05:10:00,M02,12.567,2.014,26.969,20.743,45.695
2026-09-05T05:11:00,M02,12.555,1.950,27.147,20.444,44.381
2026-09-05T05:12:00,M02,12.668,2.014,27.147,20.929,47.749
2026-09-05T05:13:00,M02,12.541,1.943,26.931,20.566,45.412
2026-09-05T05:14:00,M02,12.663,1.949,27.076,20.577,43.724
2026-09-05T05:15:00,M02,12.713,2.050,27.054,20.812,45.828
2026-09-05T05:16:00,M02,12.634,1.987,27.501,20.857,45.351
2026-09-05T05:17:00,M02,12.616,1.984,26.961,21.033,44.401
2026-09-05T05:18:00,M02,12.480,1.907,26.944,20.684,43.362
2026-09-05T05:19:00,M02,12.704,2.030,27.106,20.905,46.231
2026-09-05T05:20:00,M02,12.567,1.976,26.985,20.722,46.604
2026-09-05T05:21:00,M02,12.541,1.964,26.901,20.595,46.685
2026-09-05T05:22:00,M02,12.459,1.981,27.146,20.814,45.006
2026-09-05T05:23:00,M02,12.659,1.994,26.909,21.041,43.907
2026-09-05T05:24:00,M02,12.521,1.990,27.142,20.644,45.457
2026-09-05T05:25:00,M02,12.619,1.964,26.987,20.821,44.431
2026-09-05T05:26:00,M02,12.638,2.053,27.087,20.741,42.535
2026-09-05T05:27:00,M02,12.498,2.045,26.878,20.802,44.207
2026-09-05T05:28:00,M02,12.559,2.026,26.985,20.595,43.152
2026-09-05T05:29:00,M02,12.683,2.011,27.177,20.618,43.878
2026-09-05T05:30:00,M02,12.446,2.002,27.026,20.741,47.856
2026-09-05T05:31:00,M02,12.606,1.935,27.023,20.794,43.424
2026-09-05T05:32:00,M02,12.608,1.973,26.792,20.775,44.535
2026-09-05T05:33:00,M02,12.607,1.982,26.912,20.636,44.760
2026-09-05T05:34:00,M02,12.531,2.023,26.892,20.823,44.404
2026-09-05T05:35:00,M02,12.527,2.007,26.930,20.684,46.934
2026-09-05T05:36:00,M02,12.522,2.000,26.950,20.662,46.306
2026-09-05T05:37:00,M02,12.459,2.002,26.906,20.728,44.860
2026-09-05T05:38:00,M02,12.587,1.958,27.151,20.525,43.763
2026-09-05T05:39:00,M02,12.689,2.031,26.995,20.642,46.026
2026-09-05T05:40:00,M02,12.757,2.021,26.812,20.985,45.669
2026-09-05T05:41:00,M02,12.582,1.989,26.748,20.820,44.112
2026-09-05T05:42:00,M02,12.481,2.017,27.068,20.657,45.701
2026-09-05T05:43:00,M02,12.654,1.912,26.824,20.975,46.089
2026-09-05T05:44:00,M02,12.576,1.990,26.834,20.852,44.271
2026-09-05T05:45:00,M02,12.561,1.974,27.013,20.968,42.968
2026-09-05T05:46:00,M02,12.657,2.048,27.178,21.109,45.233
2026-09-05T05:47:00,M02,12.312,2.037,27.138,20.743,45.405
2026-09-05T05:48:00,M02,12.445,2.023,26.923,20.436,45.422
2026-09-05T05:49:00,M02,12.573,2.008,26.869,20.794,46.644
2026-09-05T05:50:00,M02,12.562,1.964,27.331,20.757,46.033
2026-09-05T05:51:00,M02,12.793,2.021,26.931,20.354,45.475
2026-09-05T05:52:00,M02,12.659,1.994,26.882,20.560,43.302
2026-09-05T05:53:00,M02,12.553,2.073,26.785,20.790,44.553
2026-09-05T05:54:00,M02,12.648,2.083,26.886,20.781,48.071
2026-09-05T05:55:00,M02,12.654,1.915,26.797,21.149,43.279
2026-09-05T05:56:00,M02,12.582,2.011,27.204,21.087,43.369
2026-09-05T05:57:00,M02,12.655,2.045,27.001,20.870,45.934
2026-09-05T05:58:00,M02,12.592,1.927,26.957,21.003,44.188
2026-09-05T05:59:00,M02,12.646,1.929,27.143,21.090,45.510
2026-09-05T06:00:00,M02,12.494,1.991,26.970,20.595,45.354
2026-09-05T06:01:00,M02,12.662,1.958,27.026,20.682,43.576
2026-09-05T06:02:00,M02,12.599,1.966,26.698,20.930,45.770
2026-09-05T06:03:00,M02,12.531,1.984,27.140,20.978,45.395
2026-09-05T06:04:00,M02,12.552,1.996,27.072,20.635,43.246
2026-09-05T06:05:00,M02,12.578,2.009,27.014,20.871,45.183
2026-09-05T06:06:00,M02,12.638,1.981,26.961,21.197,43.915
2026-09-05T06:07:00,M02,12.657,2.021,26.851,20.960,45.632
2026-09-05T06:08:00,M02,12.854,2.020,27.014,20.876,45.813
2026-09-05T06:09:00,M02,12.730,2.080,27.081,20.939,44.410
2026-09-05T06:10:00,M02,12.637,1.962,27.071,20.845,44.471
2026-09-05T06:11:00,M02,12.457,1.944,27.004,20.644,46.236
2026-09-05T06:12:00,M02,12.518,2.074,27.002,20.856,45.830
2026-09-05T06:13:00,M02,12.686,1.980,27.013,20.729,46.022
2026-09-05T06:14:00,M02,12.588,2.069,27.061,20.526,45.744
2026-09-05T06:15:00,M02,12.563,1.939,26.945,20.795,44.401
2026-09-05T06:16:00,M02,12.648,2.012,27.059,21.144,44.900
2026-09-05T06:17:00,M02,12.644,1.993,26.924,20.852,47.127
2026-09-05T06:18:00,M02,12.659,2.003,27.006,20.672,46.294
2026-09-05T06:19:00,M02,12.526,1.961,26.831,20.646,46.692
2026-09-05T06:20:00,M02,12.571,2.057,27.009,20.842,44.839
2026-09-05T06:21:00,M02,12.690,1.939,27.018,20.780,42.105
2026-09-05T06:22:00,M02,12.495,2.012,27.004,20.788,45.105
2026-09-05T06:23:00,M02,12.468,1.930,26.782,20.741,48.612
2026-09-05T06:24:00,M02,12.626,1.929,26.936,20.623,42.873
2026-09-05T06:25:00,M02,12.400,1.991,27.077,21.042,45.690
2026-09-05T06:26:00,M02,12.665,1.984,26.977,20.442,46.458
2026-09-05T06:27:00,M02,12.463,2.022,27.086,20.680,45.699
2026-09-05T06:28:00,M02,12.596,1.954,27.064,20.964,44.940
2026-09-05T06:29:00,M02,12.665,2.038,26.706,20.956,47.542
2026-09-05T06:30:00,M02,12.491,1.970,26.970,20.918,46.036
2026-09-05T06:31:00,M02,12.618,1.999,26.918,20.864,45.819
2026-09-05T06:32:00,M02,12.599,2.034,27.098,20.844,42.831
2026-09-05T06:33:00,M02,12.605,1.972,26.956,20.840,46.170
2026-09-05T06:34:00,M02,12.567,1.985,26.966,20.927,44.397
2026-09-05T06:35:00,M02,12.596,1.982,26.964,20.954,44.475
2026-09-05T06:36:00,M02,12.577,1.884,26.931,21.088,44.556
2026-09-05T06:37:00,M02,12.426,2.011,27.202,20.705,45.458
2026-09-05T06:38:00,M02,12.598,2.006,26.787,20.955,45.205
2026-09-05T06:39:00,M02,12.585,1.966,26.702,20.788,44.990
2026-09-05T06:40:00,M02,12.529,2.051,26.836,20.898,44.924
2026-09-05T06:41:00,M02,12.652,1.986,26.866,20.638,44.297
2026-09-05T06:42:00,M02,12.553,2.047,26.929,20.875,45.783
2026-09-05T06:43:00,M02,12.516,2.071,26.972,20.809,45.461
2026-09-05T06:44:00,M02,12.628,1.962,26.648,20.705,43.132
2026-09-05T06:45:00,M02,12.637,1.992,27.028,20.770,46.223
2026-09-05T06:46:00,M02,12.490,2.035,26.897,20.760,44.101
2026-09-05T06:47:00,M02,12.593,1.952,26.954,20.567,46.255
2026-09-05T06:48:00,M02,12.472,1.984,26.747,20.276,45.093
2026-09-05T06:49:00,M02,12.590,2.086,27.265,20.558,44.370
2026-09-05T06:50:00,M02,12.575,2.040,26.855,20.541,42.720
2026-09-05T06:51:00,M02,12.500,2.047,26.790,20.645,43.923
2026-09-05T06:52:00,M02,12.715,1.978,26.748,20.860,44.762
2026-09-05T06:53:00,M02,12.546,1.982,26.916,20.874,43.383
2026-09-05T06:54:00,M02,12.512,2.008,26.916,21.026,44.817
2026-09-05T06:55:00,M02,12.521,1.992,27.055,21.169,44.904
2026-09-05T06:56:00,M02,12.698,1.977,26.902,20.672,44.046
2026-09-05T06:57:00,M02,12.676,1.913,26.929,20.625,44.320
2026-09-05T06:58:00,M02,12.538,2.085,27.098,20.657,45.854
2026-09-05T06:59:00,M02,12.469,2.002,26.956,20.673,44.992
2026-09-05T07:00:00,M02,12.694,1.998,26.792,20.681,46.946
2026-09-05T07:01:00,M02,12.476,1.987,26.909,20.937,44.126
2026-09-05T07:02:00,M02,12.602,1.997,27.052,20.765,46.511
2026-09-05T07:03:00,M02,12.693,2.055,26.981,20.829,44.251
2026-09-05T07:04:00,M02,12.663,2.007,26.839,20.830,43.303
2026-09-05T07:05:00,M02,12.588,2.036,27.111,20.879,44.477
2026-09-05T07:06:00,M02,12.521,1.996,27.244,21.033,45.414
2026-09-05T07:07:00,M02,12.384,2.023,27.073,20.933,45.671
2026-09-05T07:08:00,M02,12.512,1.948,27.042,21.121,45.371
2026-09-05T07:09:00,M02,12.576,1.981,27.192,20.907,43.752
2026-09-05T07:10:00,M02,12.623,2.012,27.114,21.219,45.612
2026-09-05T07:11:00,M02,12.574,2.015,27.033,20.806,45.463
2026-09-05T07:12:00,M02,12.552,1.998,27.039,20.664,46.363
2026-09-05T07:13:00,M02,12.681,1.944,26.901,20.642,45.189
2026-09-05T07:14:00,M02,12.555,1.971,26.991,20.861,45.542
2026-09-05T07:15:00,M02,12.591,2.082,26.990,21.145,43.280
2026-09-05T07:16:00,M02,12.466,1.963,27.077,20.891,43.507
2026-09-05T07:17:00,M02,12.615,2.019,27.273,20.722,42.750
2026-09-05T07:18:00,M02,12.765,1.990,27.237,20.867,46.222
2026-09-05T07:19:00,M02,12.457,2.014,26.782,20.853,45.137
2026-09-05T07:20:00,M02,12.473,1.962,26.960,20.666,45.269
2026-09-05T07:21:00,M02,12.581,1.924,27.142,21.280,44.922
2026-09-05T07:22:00,M02,12.681,1.873,26.946,20.845,45.435
2026-09-05T07:23:00,M02,12.530,1.863,26.652,20.755,45.122
2026-09-05T07:24:00,M02,12.521,2.079,27.004,21.008,45.018
2026-09-05T07:25:00,M02,12.781,1.952,26.947,20.912,45.124
2026-09-05T07:26:00,M02,12.686,2.078,26.912,20.891,44.415
2026-09-05T07:27:00,M02,12.508,2.017,27.163,20.754,47.114
2026-09-05T07:28:00,M02,12.625,2.060,27.197,20.633,45.259
2026-09-05T07:29:00,M02,12.423,2.060,27.017,20.811,45.564
2026-09-05T07:30:00,M02,12.559,1.952,26.905,20.760,45.530
2026-09-05T07:31:00,M02,12.550,2.057,27.117,20.615,45.375
2026-09-05T07:32:00,M02,12.582,2.015,26.924,20.657,46.212
2026-09-05T07:33:00,M02,12.711,1.941,26.863,20.628,45.981
2026-09-05T07:34:00,M02,12.512,1.995,27.025,20.697,47.144
2026-09-05T07:35:00,M02,12.614,1.974,26.972,20.817,44.779
2026-09-05T07:36:00,M02,12.816,1.950,27.221,20.813,47.126
2026-09-05T07:37:00,M02,12.623,1.928,27.076,20.895,46.139
2026-09-05T07:38:00,M02,12.564,2.025,27.007,20.398,45.835
2026-09-05T07:39:00,M02,12.617,1.971,27.028,21.094,44.023
2026-09-05T07:40:00,M02,12.627,2.050,27.159,20.441,45.499
2026-09-05T07:41:00,M02,12.668,1.942,26.879,20.548,47.446
2026-09-05T07:42:00,M02,12.551,2.055,27.009,20.708,43.581
2026-09-05T07:43:00,M02,12.654,1.996,26.953,20.893,44.275
2026-09-05T07:44:00,M02,12.623,1.976,27.144,20.650,46.129
2026-09-05T07:45:00,M02,12.746,2.024,27.207,20.691,45.540
2026-09-05T07:46:00,M02,12.536,1.994,26.705,20.991,45.560
2026-09-05T07:47:00,M02,12.582,2.092,26.616,21.055,46.170
2026-09-05T07:48:00,M02,12.661,2.041,27.077,20.800,46.255
2026-09-05T07:49:00,M02,12.728,1.985,27.093,20.927,43.604
2026-09-05T07:50:00,M02,12.618,2.020,27.187,20.636,45.185
2026-09-05T07:51:00,M02,12.614,1.994,27.038,21.100,44.266
2026-09-05T07:52:00,M02,12.715,2.042,27.180,21.175,44.679
2026-09-05T07:53:00,M02,12.561,2.045,27.105,20.845,45.202
2026-09-05T07:54:00,M02,12.712,2.063,26.953,20.689,44.809
2026-09-05T07:55:00,M02,12.611,1.933,26.798,20.824,45.152
2026-09-05T07:56:00,M02,12.567,2.037,26.984,20.674,45.829
2026-09-05T07:57:00,M02,12.704,1.931,26.801,20.494,45.716
2026-09-05T07:58:00,M02,12.511,2.051,26.878,20.681,45.011
2026-09-05T07:59:00,M02,12.531,2.027,26.999,21.273,45.759
2026-09-05T08:00:00,M02,11.960,1.784,24.030,20.224,47.395
2026-09-05T08:01:00,M02,12.120,1.735,24.209,19.512,44.193
2026-09-05T08:02:00,M02,12.083,1.771,24.345,20.135,43.378
2026-09-05T08:03:00,M02,12.091,1.757,24.577,19.983,45.219
2026-09-05T08:04:00,M02,11.920,1.807,24.533,19.758,45.448
2026-09-05T08:05:00,M02,12.227,1.823,24.640,19.920,44.750
2026-09-05T08:06:00,M02,12.015,1.845,24.591,20.169,48.176
2026-09-05T08:07:00,M02,12.281,1.876,24.673,19.921,45.804
2026-09-05T08:08:00,M02,12.197,1.869,24.561,20.132,45.651
2026-09-05T08:09:00,M02,12.203,1.797,24.711,20.100,45.764
2026-09-05T08:10:00,M02,12.278,1.906,24.956,20.270,46.039
2026-09-05T08:11:00,M02,12.216,1.859,25.000,20.109,44.923
2026-09-05T08:12:00,M02,12.184,1.820,24.982,20.069,45.869
2026-09-05T08:13:00,M02,12.173,1.825,24.969,20.105,44.091
2026-09-05T08:14:00,M02,12.280,1.864,25.220,20.473,45.238
2026-09-05T08:15:00,M02,12.146,2.005,25.074,20.163,44.923
2026-09-05T08:16:00,M02,12.243,1.906,25.226,20.324,47.032
2026-09-05T08:17:00,M02,12.251,1.845,25.289,20.383,44.735
2026-09-05T08:18:00,M02,12.213,1.903,25.231,20.876,45.965
2026-09-05T08:19:00,M02,12.426,1.899,25.267,20.021,45.074
2026-09-05T08:20:00,M02,12.197,1.954,25.599,20.320,46.340
2026-09-05T08:21:00,M02,12.370,1.864,25.551,20.187,45.442
2026-09-05T08:22:00,M02,12.465,1.869,25.455,20.679,43.242
2026-09-05T08:23:00,M02,12.617,1.894,25.881,20.624,45.715
2026-09-05T08:24:00,M02,12.312,1.815,25.115,20.174,45.464
2026-09-05T08:25:00,M02,12.333,1.886,25.757,20.363,45.166
2026-09-05T08:26:00,M02,12.351,1.904,25.675,20.600,43.310
2026-09-05T08:27:00,M02,12.485,1.942,25.831,20.398,44.316
2026-09-05T08:28:00,M02,12.372,1.899,25.734,20.670,46.209
2026-09-05T08:29:00,M02,12.295,1.934,26.003,20.455,45.227
2026-09-05T08:30:00,M02,12.524,1.938,25.907,20.497,46.916
2026-09-05T08:31:00,M02,12.481,1.979,25.902,20.521,44.644
2026-09-05T08:32:00,M02,12.386,1.939,25.920,20.277,43.549
2026-09-05T08:33:00,M02,12.490,1.908,26.192,20.291,43.049
2026-09-05T08:34:00,M02,12.563,1.984,26.074,20.216,45.140
2026-09-05T08:35:00,M02,12.412,1.906,26.303,20.740,45.372
2026-09-05T08:36:00,M02,12.433,1.914,26.357,20.538,44.174
2026-09-05T08:37:00,M02,12.494,1.973,26.018,20.542,44.887
2026-09-05T08:38:00,M02,12.362,2.060,26.328,20.694,46.477
2026-09-05T08:39:00,M02,12.507,1.962,26.254,20.452,43.971
2026-09-05T08:40:00,M02,12.618,1.934,26.368,20.628,46.759
2026-09-05T08:41:00,M02,12.414,1.875,26.119,20.688,43.544
2026-09-05T08:42:00,M02,12.505,1.941,26.319,20.890,45.188
2026-09-05T08:43:00,M02,12.446,1.935,26.143,20.624,44.798
2026-09-05T08:44:00,M02,12.438,1.975,26.119,20.665,42.807
2026-09-05T08:45:00,M02,12.413,2.030,26.243,20.203,44.484
2026-09-05T08:46:00,M02,12.396,1.958,26.442,20.835,46.374
2026-09-05T08:47:00,M02,12.480,1.968,26.599,20.577,44.352
2026-09-05T08:48:00,M02,12.480,1.941,26.525,20.698,42.823
2026-09-05T08:49:00,M02,12.524,1.942,26.319,20.284,45.376
2026-09-05T08:50:00,M02,12.520,1.981,26.600,20.730,44.971
2026-09-05T08:51:00,M02,12.393,2.004,26.356,20.712,44.396
2026-09-05T08:52:00,M02,12.392,1.998,26.403,20.496,46.515
2026-09-05T08:53:00,M02,12.526,1.955,26.830,20.620,45.037
2026-09-05T08:54:00,M02,12.574,1.995,26.517,20.534,46.859
2026-09-05T08:55:00,M02,12.475,1.999,26.585,20.428,44.828
2026-09-05T08:56:00,M02,12.452,1.937,26.468,20.532,45.814
2026-09-05T08:57:00,M02,12.396,1.885,26.464,20.461,45.153
2026-09-05T08:58:00,M02,12.543,1.928,26.479,20.705,43.050
2026-09-05T08:59:00,M02,12.532,1.872,26.502,20.755,43.880
2026-09-05T09:00:00,M02,12.533,1.922,26.637,20.505,45.547
2026-09-05T09:01:00,M02,12.581,2.014,26.666,20.541,45.475
2026-09-05T09:02:00,M02,12.452,1.900,26.479,20.825,46.475
2026-09-05T09:03:00,M02,12.542,1.937,26.540,20.902,45.116
2026-09-05T09:04:00,M02,12.574,2.051,26.510,20.673,43.765
2026-09-05T09:05:00,M02,12.403,2.000,26.667,20.806,45.828
2026-09-05T09:06:00,M02,12.653,2.051,26.755,20.658,44.396
2026-09-05T09:07:00,M02,12.644,2.027,26.813,20.714,43.625
2026-09-05T09:08:00,M02,12.737,1.996,26.816,20.654,44.767
2026-09-05T09:09:00,M02,12.636,1.899,26.703,20.882,45.090
2026-09-05T09:10:00,M02,12.524,1.992,26.607,20.472,45.273
2026-09-05T09:11:00,M02,12.650,1.991,26.689,20.989,44.500
2026-09-05T09:12:00,M02,12.617,2.049,26.952,20.515,43.142
2026-09-05T09:13:00,M02,12.516,1.926,26.702,20.759,45.707
2026-09-05T09:14:00,M02,12.493,1.990,26.821,20.864,45.247
2026-09-05T09:15:00,M02,12.677,2.066,26.803,20.446,45.515
2026-09-05T09:16:00,M02,12.509,1.940,26.944,20.825,43.980
2026-09-05T09:17:00,M02,12.571,2.060,26.960,20.851,45.377
2026-09-05T09:18:00,M02,12.638,1.993,26.938,20.688,45.537
2026-09-05T09:19:00,M02,12.542,1.970,26.794,20.606,45.645
2026-09-05T09:20:00,M02,12.584,1.975,26.601,20.526,45.795
2026-09-05T09:21:00,M02,12.600,2.056,27.023,20.806,43.890
2026-09-05T09:22:00,M02,12.723,1.994,26.670,20.465,44.991
2026-09-05T09:23:00,M02,12.589,1.962,26.582,20.861,44.414
2026-09-05T09:24:00,M02,12.590,2.040,26.663,20.928,45.985
2026-09-05T09:25:00,M02,12.385,1.964,26.914,20.652,45.000
2026-09-05T09:26:00,M02,12.773,2.188,26.632,20.679,43.182
2026-09-05T09:27:00,M02,12.572,2.023,27.108,20.428,46.750
2026-09-05T09:28:00,M02,12.556,1.969,26.731,20.542,43.707
2026-09-05T09:29:00,M02,12.679,2.077,26.948,20.829,44.220
2026-09-05T09:30:00,M02,12.581,2.076,27.010,20.707,46.137
2026-09-05T09:31:00,M02,12.455,2.037,26.915,20.828,45.457
2026-09-05T09:32:00,M02,12.617,1.901,26.684,20.643,43.161
2026-09-05T09:33:00,M02,12.676,2.041,26.631,20.683,46.129
2026-09-05T09:34:00,M02,12.685,2.006,26.884,20.634,44.613
2026-09-05T09:35:00,M02,12.579,1.971,26.822,20.564,45.318
2026-09-05T09:36:00,M02,12.601,2.056,26.976,20.742,42.879
2026-09-05T09:37:00,M02,12.632,1.962,26.790,20.793,45.223
2026-09-05T09:38:00,M02,12.403,2.029,27.033,21.038,45.566
2026-09-05T09:39:00,M02,12.584,1.997,26.865,20.765,46.523
2026-09-05T09:40:00,M02,12.591,2.079,26.701,20.437,48.022
2026-09-05T09:41:00,M02,12.664,1.959,26.978,20.854,43.022
2026-09-05T09:42:00,M02,12.630,1.954,26.991,20.631,45.621
2026-09-05T09:43:00,M02,12.498,2.049,26.947,20.741,45.741
2026-09-05T09:44:00,M02,12.661,1.980,26.873,20.947,42.923
2026-09-05T09:45:00,M02,12.452,1.966,26.807,20.988,45.942
2026-09-05T09:46:00,M02,12.531,2.118,26.799,20.792,44.137
2026-09-05T09:47:00,M02,12.594,1.976,26.706,20.926,46.705
2026-09-05T09:48:00,M02,12.561,2.052,26.876,21.074,47.492
2026-09-05T09:49:00,M02,12.556,1.903,26.769,20.785,45.054
2026-09-05T09:50:00,M02,12.513,1.997,26.783,20.764,43.898
2026-09-05T09:51:00,M02,12.538,1.997,27.088,20.893,43.631
2026-09-05T09:52:00,M02,12.376,2.003,27.240,20.911,44.922
2026-09-05T09:53:00,M02,12.617,2.044,26.937,20.977,45.349
2026-09-05T09:54:00,M02,12.634,2.121,27.083,20.783,46.395
2026-09-05T09:55:00,M02,12.552,2.068,26.729,20.641,46.405
2026-09-05T09:56:00,M02,12.613,1.994,26.938,20.995,46.524
2026-09-05T09:57:00,M02,12.615,1.972,27.053,20.362,43.647
2026-09-05T09:58:00,M02,12.558,1.943,26.845,20.728,45.743
2026-09-05T09:59:00,M02,12.519,2.021,27.026,20.539,47.061
2026-09-05T10:00:00,M02,12.534,2.066,27.123,20.775,45.461
2026-09-05T10:01:00,M02,12.669,1.981,26.986,20.474,45.888
2026-09-05T10:02:00,M02,12.541,2.018,26.859,20.856,44.790
2026-09-05T10:03:00,M02,12.644,2.032,26.898,20.700,45.646
2026-09-05T10:04:00,M02,12.749,2.002,27.103,20.391,45.687
2026-09-05T10:05:00,M02,12.691,1.967,26.866,20.769,46.023
2026-09-05T10:06:00,M02,12.556,1.959,26.994,20.927,44.792
2026-09-05T10:07:00,M02,12.714,1.960,27.083,20.883,45.758
2026-09-05T10:08:00,M02,12.540,1.961,27.159,20.787,45.750
2026-09-05T10:09:00,M02,12.539,2.019,26.814,20.735,44.077
2026-09-05T10:10:00,M02,12.443,1.914,27.168,20.644,44.630
2026-09-05T10:11:00,M02,12.552,1.993,26.759,20.839,46.759
2026-09-05T10:12:00,M02,12.689,2.024,27.093,20.494,43.663
2026-09-05T10:13:00,M02,12.648,2.006,26.851,20.883,46.629
2026-09-05T10:14:00,M02,12.679,1.958,27.010,20.791,45.594
2026-09-05T10:15:00,M02,12.713,2.045,26.807,20.892,46.844
2026-09-05T10:16:00,M02,12.636,1.965,27.086,20.941,43.861
2026-09-05T10:17:00,M02,12.560,2.020,27.027,20.611,46.767
2026-09-05T10:18:00,M02,12.547,1.983,26.972,20.583,46.039
2026-09-05T10:19:00,M02,12.365,2.043,27.042,20.840,46.763
2026-09-05T10:20:00,M02,12.550,1.945,26.927,20.620,44.743
2026-09-05T10:21:00,M02,12.571,2.020,26.746,21.062,43.678
2026-09-05T10:22:00,M02,12.596,2.056,26.912,21.057,46.151
2026-09-05T10:23:00,M02,12.675,2.037,27.005,20.741,46.003
2026-09-05T10:24:00,M02,12.500,1.928,27.061,20.527,45.571
2026-09-05T10:25:00,M02,12.700,1.982,26.968,20.803,44.882
2026-09-05T10:26:00,M02,12.506,1.993,27.070,20.830,45.517
2026-09-05T10:27:00,M02,12.680,2.087,27.162,20.868,44.851
2026-09-05T10:28:00,M02,12.615,2.078,26.821,20.556,46.510
2026-09-05T10:29:00,M02,12.552,2.039,26.932,20.491,45.177
2026-09-05T10:30:00,M02,12.443,2.005,26.925,20.911,44.840
2026-09-05T10:31:00,M02,12.599,1.993,27.046,20.338,45.011
2026-09-05T10:32:00,M02,12.495,1.970,26.657,20.839,45.746
2026-09-05T10:33:00,M02,12.521,2.072,26.949,20.611,43.722
2026-09-05T10:34:00,M02,12.459,1.956,26.998,20.818,45.019
2026-09-05T10:35:00,M02,12.555,1.991,26.760,20.742,44.989
2026-09-05T10:36:00,M02,12.603,2.038,27.005,20.812,43.789
2026-09-05T10:37:00,M02,12.665,2.024,27.208,20.742,47.814
2026-09-05T10:38:00,M02,12.815,2.074,27.044,20.388,45.839
2026-09-05T10:39:00,M02,12.771,2.014,26.711,20.582,43.771
2026-09-05T10:40:00,M02,12.469,1.946,27.318,20.795,46.678
2026-09-05T10:41:00,M02,12.600,2.037,26.738,20.879,46.397
2026-09-05T10:42:00,M02,12.574,2.004,26.903,20.668,44.368
2026-09-05T10:43:00,M02,12.512,2.042,27.147,20.790,45.581
2026-09-05T10:44:00,M02,12.544,1.939,27.215,20.417,43.853
2026-09-05T10:45:00,M02,12.679,1.953,27.044,21.063,45.110
2026-09-05T10:46:00,M02,12.686,1.993,26.967,20.456,46.874
2026-09-05T10:47:00,M02,12.469,2.020,26.996,20.928,47.452
2026-09-05T10:48:00,M02,12.663,1.950,26.969,20.883,46.114
2026-09-05T10:49:00,M02,12.528,1.893,27.056,20.688,44.414
2026-09-05T10:50:00,M02,12.521,2.010,26.915,20.819,45.675
2026-09-05T10:51:00,M02,12.474,2.042,26.955,20.563,43.614
2026-09-05T10:52:00,M02,12.598,1.930,27.085,20.747,44.797
2026-09-05T10:53:00,M02,12.661,2.038,27.113,20.996,44.395
2026-09-05T10:54:00,M02,12.672,1.946,27.135,20.789,42.981
2026-09-05T10:55:00,M02,12.824,1.947,27.135,20.712,44.250
2026-09-05T10:56:00,M02,12.343,1.980,26.979,20.829,45.177
2026-09-05T10:57:00,M02,12.645,1.984,26.898,20.581,43.639
2026-09-05T10:58:00,M02,12.537,2.002,26.815,20.806,43.834
2026-09-05T10:59:00,M02,12.762,1.975,27.062,20.802,44.520
2026-09-05T11:00:00,M02,12.553,1.981,26.853,20.793,45.816
2026-09-05T11:01:00,M02,12.613,1.978,27.095,21.112,45.707
2026-09-05T11:02:00,M02,12.740,1.974,27.018,20.790,45.449
2026-09-05T11:03:00,M02,12.454,1.939,27.042,20.984,47.616
2026-09-05T11:04:00,M02,12.406,1.989,27.282,20.607,43.995
2026-09-05T11:05:00,M02,12.597,1.996,26.979,20.812,44.633
2026-09-05T11:06:00,M02,12.603,1.974,26.879,21.139,45.514
2026-09-05T11:07:00,M02,12.426,1.947,27.098,20.878,46.521
2026-09-05T11:08:00,M02,12.529,1.988,26.910,20.560,47.023
2026-09-05T11:09:00,M02,12.746,2.052,26.850,20.479,45.753
2026-09-05T11:10:00,M02,12.443,2.016,27.021,20.730,44.614
2026-09-05T11:11:00,M02,12.655,1.979,26.861,20.728,44.319
2026-09-05T11:12:00,M02,12.745,2.012,27.160,20.520,43.678
2026-09-05T11:13:00,M02,12.612,2.057,26.923,20.476,45.150
2026-09-05T11:14:00,M02,12.680,2.020,26.951,20.583,42.996
2026-09-05T11:15:00,M02,12.518,1.997,26.937,21.309,44.409
2026-09-05T11:16:00,M02,12.746,2.060,27.053,21.005,45.814
2026-09-05T11:17:00,M02,12.497,1.911,27.279,21.028,46.145
2026-09-05T11:18:00,M02,12.695,1.968,26.936,20.891,44.955
2026-09-05T11:19:00,M02,12.722,1.976,27.083,21.000,44.766
2026-09-05T11:20:00,M02,12.589,2.017,27.062,20.691,44.983
2026-09-05T11:21:00,M02,12.522,2.014,26.861,20.659,45.749
2026-09-05T11:22:00,M02,12.589,2.052,26.893,20.706,46.462
2026-09-05T11:23:00,M02,12.625,1.980,27.111,20.772,44.401
2026-09-05T11:24:00,M02,12.575,1.994,26.751,20.922,44.696
2026-09-05T11:25:00,M02,12.450,2.030,27.104,20.665,45.217
2026-09-05T11:26:00,M02,12.583,1.991,27.065,20.979,44.000
2026-09-05T11:27:00,M02,12.673,2.071,26.826,20.846,43.992
2026-09-05T11:28:00,M02,12.436,2.002,27.016,20.955,43.980
2026-09-05T11:29:00,M02,12.604,2.005,27.014,20.803,46.172
2026-09-05T11:30:00,M02,12.549,1.989,26.972,21.047,46.380
2026-09-05T11:31:00,M02,12.557,1.900,27.018,20.782,44.842
2026-09-05T11:32:00,M02,12.734,1.969,27.097,20.876,44.732
2026-09-05T11:33:00,M02,12.593,2.004,26.877,20.945,44.387
2026-09-05T11:34:00,M02,12.584,2.007,26.754,20.877,44.931
2026-09-05T11:35:00,M02,12.539,1.975,26.921,20.900,43.212
2026-09-05T11:36:00,M02,12.526,2.005,26.963,20.346,45.062
2026-09-05T11:37:00,M02,12.689,2.031,26.889,20.517,43.844
2026-09-05T11:38:00,M02,12.653,2.076,26.940,20.711,44.113
2026-09-05T11:39:00,M02,12.711,2.023,27.043,20.757,43.867
2026-09-05T11:40:00,M02,12.460,2.017,26.904,20.751,45.501
2026-09-05T11:41:00,M02,12.506,2.050,27.095,20.961,45.604
2026-09-05T11:42:00,M02,12.536,1.947,27.185,20.840,44.902
2026-09-05T11:43:00,M02,12.540,1.944,26.941,20.866,43.981
2026-09-05T11:44:00,M02,12.726,1.928,27.137,20.738,45.831
2026-09-05T11:45:00,M02,12.605,1.897,26.803,20.885,44.346
2026-09-05T11:46:00,M02,12.494,2.025,27.047,20.804,45.896
2026-09-05T11:47:00,M02,12.442,1.988,27.082,20.599,45.305
2026-09-05T11:48:00,M02,12.536,2.012,26.893,20.780,43.258
2026-09-05T11:49:00,M02,12.559,2.063,27.115,20.824,46.714
2026-09-05T11:50:00,M02,12.559,2.015,26.868,20.907,44.585
2026-09-05T11:51:00,M02,12.423,2.061,26.925,20.456,44.772
2026-09-05T11:52:00,M02,12.645,2.078,26.909,20.710,45.798
2026-09-05T11:53:00,M02,12.496,1.930,27.093,20.554,44.898
2026-09-05T11:54:00,M02,12.655,2.079,27.016,20.555,45.644
2026-09-05T11:55:00,M02,12.553,2.003,26.862,20.795,45.344
2026-09-05T11:56:00,M02,12.677,2.035,27.077,21.049,45.973
2026-09-05T11:57:00,M02,12.716,2.015,26.998,20.904,46.685
2026-09-05T11:58:00,M02,12.620,2.011,26.915,20.328,47.142
2026-09-05T11:59:00,M02,12.520,2.011,27.139,20.726,45.665
2026-09-05T12:00:00,M02,12.652,1.993,27.126,20.420,45.543
2026-09-05T12:01:00,M02,12.586,1.972,26.942,20.735,42.819
2026-09-05T12:02:00,M02,12.725,1.978,27.048,20.636,45.385
2026-09-05T12:03:00,M02,12.619,2.044,26.919,20.832,44.957
2026-09-05T12:04:00,M02,12.627,2.032,27.158,20.912,44.904
2026-09-05T12:05:00,M02,12.698,1.992,27.099,20.953,44.425
2026-09-05T12:06:00,M02,12.534,2.022,26.683,20.886,46.703
2026-09-05T12:07:00,M02,12.577,2.062,26.838,20.829,46.780
2026-09-05T12:08:00,M02,12.753,1.999,27.055,20.947,44.307
2026-09-05T12:09:00,M02,12.690,2.013,26.997,20.670,45.919
2026-09-05T12:10:00,M02,12.527,2.022,27.048,20.639,47.982
2026-09-05T12:11:00,M02,12.512,1.926,27.047,20.572,45.611
2026-09-05T12:12:00,M02,12.638,2.026,26.904,20.637,46.218
2026-09-05T12:13:00,M02,12.633,1.955,26.958,20.840,44.514
2026-09-05T12:14:00,M02,12.644,2.030,27.051,21.396,44.662
2026-09-05T12:15:00,M02,12.593,1.983,26.828,20.942,45.425
2026-09-05T12:16:00,M02,12.723,1.957,26.912,20.556,44.133
2026-09-05T12:17:00,M02,12.692,2.019,26.811,20.684,45.809
2026-09-05T12:18:00,M02,12.684,2.002,27.232,20.818,45.233
2026-09-05T12:19:00,M02,12.753,1.979,26.929,20.772,45.097
2026-09-05T12:20:00,M02,12.554,2.001,27.217,21.075,44.109
2026-09-05T12:21:00,M02,12.726,1.976,27.078,21.108,44.770
2026-09-05T12:22:00,M02,12.591,1.971,27.026,20.823,47.053
2026-09-05T12:23:00,M02,12.553,2.040,26.821,20.520,44.446
2026-09-05T12:24:00,M02,12.727,2.000,26.730,20.837,43.139
2026-09-05T12:25:00,M02,12.688,2.048,27.076,20.955,44.256
2026-09-05T12:26:00,M02,12.721,1.977,27.176,20.783,45.358
2026-09-05T12:27:00,M02,12.729,2.050,27.099,20.875,44.822
2026-09-05T12:28:00,M02,12.574,2.039,27.003,21.092,44.234
2026-09-05T12:29:00,M02,12.506,1.960,27.001,20.851,43.800
2026-09-05T12:30:00,M02,12.633,2.051,26.956,20.865,44.997
2026-09-05T12:31:00,M02,12.616,1.993,27.011,20.824,46.448
2026-09-05T12:32:00,M02,12.463,2.033,27.088,21.015,45.021
2026-09-05T12:33:00,M02,12.647,1.992,27.113,20.697,45.677
2026-09-05T12:34:00,M02,12.581,1.998,27.077,21.002,44.589
2026-09-05T12:35:00,M02,12.576,1.979,27.072,20.657,46.231
2026-09-05T12:36:00,M02,12.477,1.985,27.050,20.751,45.410
2026-09-05T12:37:00,M02,12.560,2.033,26.924,20.773,43.885
2026-09-05T12:38:00,M02,12.479,2.021,27.129,20.722,44.069
2026-09-05T12:39:00,M02,12.457,2.045,26.776,20.997,43.701
2026-09-05T12:40:00,M02,12.424,2.052,27.217,20.672,43.609
2026-09-05T12:41:00,M02,12.639,2.012,27.023,20.681,44.894
2026-09-05T12:42:00,M02,12.669,2.054,27.047,20.944,46.046
2026-09-05T12:43:00,M02,12.465,2.063,27.001,20.818,44.554
2026-09-05T12:44:00,M02,12.617,2.033,27.008,20.524,45.445
2026-09-05T12:45:00,M02,12.593,1.992,26.890,21.068,44.134
2026-09-05T12:46:00,M02,12.584,2.010,27.105,21.125,44.078
2026-09-05T12:47:00,M02,12.638,1.994,26.774,20.824,45.086
2026-09-05T12:48:00,M02,12.581,1.958,27.160,20.926,45.877
2026-09-05T12:49:00,M02,12.659,1.983,27.028,20.553,44.008
2026-09-05T12:50:00,M02,12.671,1.993,27.373,20.777,46.193
2026-09-05T12:51:00,M02,12.489,2.012,27.038,20.962,45.379
2026-09-05T12:52:00,M02,12.700,2.027,26.956,21.117,44.800
2026-09-05T12:53:00,M02,12.503,2.025,27.099,20.353,44.666
2026-09-05T12:54:00,M02,12.493,2.010,27.112,20.712,44.641
2026-09-05T12:55:00,M02,12.351,2.047,26.785,20.562,44.977
2026-09-05T12:56:00,M02,12.477,2.038,26.882,20.674,43.802
2026-09-05T12:57:00,M02,12.517,2.010,27.150,21.007,44.325
2026-09-05T12:58:00,M02,12.544,1.959,27.383,21.093,45.174
2026-09-05T12:59:00,M02,12.580,1.957,27.062,21.016,44.095
2026-09-05T13:00:00,M02,12.760,2.006,26.859,20.790,45.654
2026-09-05T13:01:00,M02,12.579,1.987,27.096,20.578,46.089
2026-09-05T13:02:00,M02,12.687,2.013,27.098,20.876,46.586
2026-09-05T13:03:00,M02,12.800,2.024,26.886,20.467,44.120
2026-09-05T13:04:00,M02,12.573,2.000,27.227,20.972,43.606
2026-09-05T13:05:00,M02,12.664,2.026,26.851,20.549,47.743
2026-09-05T13:06:00,M02,12.647,2.035,27.106,21.170,46.051
2026-09-05T13:07:00,M02,12.501,1.984,26.911,21.093,47.112
2026-09-05T13:08:00,M02,12.495,2.027,27.228,20.819,43.432
2026-09-05T13:09:00,M02,12.600,1.949,27.109,20.983,47.241
2026-09-05T13:10:00,M02,12.618,2.013,27.036,20.837,44.353
2026-09-05T13:11:00,M02,12.715,2.028,27.205,20.544,47.629
2026-09-05T13:12:00,M02,12.643,1.991,27.006,20.910,44.878
2026-09-05T13:13:00,M02,12.591,2.069,27.008,20.689,45.075
2026-09-05T13:14:00,M02,12.597,1.991,27.174,20.866,46.995
2026-09-05T13:15:00,M02,12.714,1.960,26.833,20.694,45.662
2026-09-05T13:16:00,M02,12.510,2.089,27.359,20.710,47.760
2026-09-05T13:17:00,M02,12.673,2.073,26.861,20.615,44.937
2026-09-05T13:18:00,M02,12.648,2.027,26.896,20.287,43.986
2026-09-05T13:19:00,M02,12.611,2.043,26.849,20.845,44.572
2026-09-05T13:20:00,M02,12.432,1.958,27.095,20.672,44.432
2026-09-05T13:21:00,M02,12.603,1.967,26.839,20.860,44.054
2026-09-05T13:22:00,M02,12.678,2.057,26.973,20.952,44.687
2026-09-05T13:23:00,M02,12.605,1.987,26.837,20.677,45.358
2026-09-05T13:24:00,M02,12.673,1.960,26.961,20.831,44.333
2026-09-05T13:25:00,M02,12.716,2.002,26.897,21.034,45.262
2026-09-05T13:26:00,M02,12.682,1.910,27.103,20.827,45.034
2026-09-05T13:27:00,M02,12.619,1.970,26.975,20.702,43.076
2026-09-05T13:28:00,M02,12.612,2.045,26.975,20.558,44.275
2026-09-05T13:29:00,M02,12.566,1.969,26.982,20.925,44.249
2026-09-05T13:30:00,M02,12.636,1.966,26.887,21.037,44.424
2026-09-05T13:31:00,M02,12.587,2.081,27.098,20.848,45.914
2026-09-05T13:32:00,M02,12.545,1.980,26.899,20.673,45.268
2026-09-05T13:33:00,M02,12.481,1.941,26.972,21.059,45.890
2026-09-05T13:34:00,M02,12.752,1.996,26.850,21.097,43.752
2026-09-05T13:35:00,M02,12.502,1.968,27.065,21.179,46.298
2026-09-05T13:36:00,M02,12.574,2.064,26.832,20.783,44.687
2026-09-05T13:37:00,M02,12.491,1.886,27.037,20.938,43.697
2026-09-05T13:38:00,M02,12.494,1.946,27.192,21.007,46.919
2026-09-05T13:39:00,M02,12.530,1.926,27.066,20.860,44.983
2026-09-05T13:40:00,M02,12.679,1.955,26.988,20.936,44.300
2026-09-05T13:41:00,M02,12.580,1.940,26.912,20.824,43.843
2026-09-05T13:42:00,M02,12.729,2.057,27.192,20.979,44.661
2026-09-05T13:43:00,M02,12.560,1.929,26.780,20.423,45.915
2026-09-05T13:44:00,M02,12.545,1.966,26.974,20.866,44.894
2026-09-05T13:45:00,M02,12.665,2.016,27.174,20.592,45.365
2026-09-05T13:46:00,M02,12.635,2.014,27.055,20.756,45.051
2026-09-05T13:47:00,M02,12.633,1.990,26.997,20.821,44.378
2026-09-05T13:48:00,M02,12.723,2.059,27.023,20.732,45.174
2026-09-05T13:49:00,M02,12.670,2.027,26.805,20.843,45.210
2026-09-05T13:50:00,M02,12.737,2.031,27.039,20.670,44.972
2026-09-05T13:51:00,M02,12.511,1.937,26.977,20.663,42.324
2026-09-05T13:52:00,M02,12.534,1.964,27.084,20.401,43.174
2026-09-05T13:53:00,M02,12.501,1.915,26.947,20.800,45.730
2026-09-05T13:54:00,M02,12.652,2.034,26.859,20.662,45.407
2026-09-05T13:55:00,M02,12.550,2.092,26.932,20.946,45.259
2026-09-05T13:56:00,M02,12.567,1.951,27.029,20.560,44.350
2026-09-05T13:57:00,M02,12.501,2.028,27.136,20.657,44.710
2026-09-05T13:58:00,M02,12.475,1.960,27.016,20.753,43.300
2026-09-05T13:59:00,M02,12.585,1.994,26.801,20.809,45.542
2026-09-05T14:00:00,M02,12.513,2.024,27.002,21.060,45.807
2026-09-05T14:01:00,M02,12.593,1.980,27.027,20.809,46.965
2026-09-05T14:02:00,M02,12.714,2.018,26.809,20.924,44.463
2026-09-05T14:03:00,M02,12.445,2.070,27.152,20.694,44.817
2026-09-05T14:04:00,M02,12.681,1.918,26.855,21.352,45.723
2026-09-05T14:05:00,M02,12.570,1.997,27.090,20.616,45.389
2026-09-05T14:06:00,M02,12.552,2.058,26.969,20.715,45.384
2026-09-05T14:07:00,M02,12.569,1.987,27.228,20.614,45.121
2026-09-05T14:08:00,M02,12.643,1.972,27.064,20.811,45.368
2026-09-05T14:09:00,M02,12.652,2.048,27.051,20.526,45.360
2026-09-05T14:10:00,M02,12.436,2.042,26.919,20.641,44.972
2026-09-05T14:11:00,M02,12.508,1.996,27.141,20.944,46.126
2026-09-05T14:12:00,M02,12.710,1.974,27.056,20.937,43.769
2026-09-05T14:13:00,M02,12.503,2.045,27.123,20.821,46.947
2026-09-05T14:14:00,M02,12.611,2.091,26.887,20.837,44.044
2026-09-05T14:15:00,M02,12.584,1.980,26.957,21.136,46.531
2026-09-05T14:16:00,M02,12.492,1.940,27.086,20.754,44.881
2026-09-05T14:17:00,M02,12.492,2.005,27.236,20.713,44.768
2026-09-05T14:18:00,M02,12.659,1.883,27.143,20.606,45.836
2026-09-05T14:19:00,M02,12.394,2.015,27.141,20.906,45.460
2026-09-05T14:20:00,M02,12.683,2.037,26.757,20.695,44.346
2026-09-05T14:21:00,M02,12.580,2.072,26.735,20.986,44.406
2026-09-05T14:22:00,M02,12.602,2.015,27.130,21.031,44.894
2026-09-05T14:23:00,M02,12.553,1.990,27.128,20.896,44.348
2026-09-05T14:24:00,M02,12.726,1.990,26.770,20.614,45.486
2026-09-05T14:25:00,M02,12.571,1.967,26.884,20.756,44.792
2026-09-05T14:26:00,M02,12.594,2.016,27.139,20.521,44.781
2026-09-05T14:27:00,M02,12.516,1.982,26.990,20.794,44.604
2026-09-05T14:28:00,M02,12.727,2.015,27.077,20.830,44.639
2026-09-05T14:29:00,M02,12.739,2.013,26.698,20.923,43.360
2026-09-05T14:30:00,M02,12.583,1.970,27.020,20.825,44.448
2026-09-05T14:31:00,M02,12.771,2.019,26.995,20.857,45.067
2026-09-05T14:32:00,M02,12.398,2.064,26.815,20.682,45.923
2026-09-05T14:33:00,M02,12.573,1.972,26.848,20.893,44.632
2026-09-05T14:34:00,M02,12.738,2.030,27.142,20.884,44.967
2026-09-05T14:35:00,M02,12.555,2.007,27.016,20.788,43.086
2026-09-05T14:36:00,M02,12.771,1.996,27.034,20.796,43.333
2026-09-05T14:37:00,M02,12.588,2.005,27.142,20.847,45.621
2026-09-05T14:38:00,M02,12.697,1.997,27.013,20.870,43.974
2026-09-05T14:39:00,M02,12.560,2.030,27.014,20.777,47.620
2026-09-05T14:40:00,M02,12.575,2.062,27.020,20.692,44.512
2026-09-05T14:41:00,M02,12.525,1.995,27.014,20.804,45.953
2026-09-05T14:42:00,M02,12.477,2.023,27.307,20.968,43.622
2026-09-05T14:43:00,M02,12.529,2.006,26.806,20.841,44.014
2026-09-05T14:44:00,M02,12.578,1.994,27.092,20.633,44.461
2026-09-05T14:45:00,M02,12.655,1.929,26.989,20.674,45.631
2026-09-05T14:46:00,M02,12.518,2.040,27.332,21.162,46.568
2026-09-05T14:47:00,M02,12.685,1.975,27.066,20.659,43.131
2026-09-05T14:48:00,M02,12.539,2.074,27.039,20.746,45.267
2026-09-05T14:49:00,M02,12.690,1.973,26.985,20.671,44.012
2026-09-05T14:50:00,M02,12.505,2.027,27.105,20.805,44.952
2026-09-05T14:51:00,M02,12.524,2.003,27.305,20.551,41.651
2026-09-05T14:52:00,M02,12.448,1.983,26.986,20.871,45.149
2026-09-05T14:53:00,M02,12.693,1.979,26.823,20.875,43.075
2026-09-05T14:54:00,M02,12.529,1.971,26.983,20.715,44.810
2026-09-05T14:55:00,M02,12.528,1.939,26.789,20.818,46.220
2026-09-05T14:56:00,M02,12.554,1.979,26.967,20.539,45.657
2026-09-05T14:57:00,M02,12.605,1.905,27.094,20.703,44.897
2026-09-05T14:58:00,M02,12.648,2.116,26.998,20.889,45.326
2026-09-05T14:59:00,M02,12.647,2.088,26.977,20.775,43.732
2026-09-05T15:00:00,M02,12.647,1.971,27.078,20.718,43.625
2026-09-05T15:01:00,M02,12.545,1.917,26.858,20.823,44.542
2026-09-05T15:02:00,M02,12.489,2.015,27.021,20.514,44.529
2026-09-05T15:03:00,M02,12.631,2.072,27.200,20.812,44.853
2026-09-05T15:04:00,M02,12.509,2.046,26.961,20.500,46.522
2026-09-05T15:05:00,M02,12.691,2.084,27.040,20.603,43.093
2026-09-05T15:06:00,M02,12.614,1.943,26.968,21.032,43.606
2026-09-05T15:07:00,M02,12.431,2.066,26.973,20.905,47.597
2026-09-05T15:08:00,M02,12.556,2.051,27.236,20.872,44.344
2026-09-05T15:09:00,M02,12.652,2.019,27.091,20.898,45.637
2026-09-05T15:10:00,M02,12.566,2.044,27.168,20.738,45.123
2026-09-05T15:11:00,M02,12.671,2.031,27.238,20.874,44.329
2026-09-05T15:12:00,M02,12.549,2.017,26.844,20.798,44.065
2026-09-05T15:13:00,M02,12.558,1.997,26.789,20.817,45.375
2026-09-05T15:14:00,M02,12.693,1.976,27.264,20.513,43.327
2026-09-05T15:15:00,M02,12.491,2.018,27.046,20.747,45.899
2026-09-05T15:16:00,M02,12.630,1.942,27.185,20.606,45.966
2026-09-05T15:17:00,M02,12.554,2.054,27.013,21.032,45.235
2026-09-05T15:18:00,M02,12.802,1.965,27.182,20.696,46.133
2026-09-05T15:19:00,M02,12.456,1.999,26.901,20.996,42.706
2026-09-05T15:20:00,M02,12.656,2.038,26.973,20.501,44.714
2026-09-05T15:21:00,M02,12.527,1.995,27.042,21.022,44.225
2026-09-05T15:22:00,M02,12.562,1.952,26.962,20.804,45.140
2026-09-05T15:23:00,M02,12.705,1.988,26.753,20.617,45.242
2026-09-05T15:24:00,M02,12.705,1.940,27.391,20.872,44.827
2026-09-05T15:25:00,M02,12.474,2.023,26.843,20.501,44.104
2026-09-05T15:26:00,M02,12.527,2.030,26.937,20.879,45.604
2026-09-05T15:27:00,M02,12.687,1.999,27.042,20.754,45.182
2026-09-05T15:28:00,M02,12.720,1.999,27.012,20.447,44.645
2026-09-05T15:29:00,M02,12.455,1.976,26.808,20.679,43.625
2026-09-05T15:30:00,M02,12.481,1.957,26.743,20.894,44.131
2026-09-05T15:31:00,M02,12.508,2.069,26.837,20.835,45.830
2026-09-05T15:32:00,M02,12.664,1.996,26.903,20.759,45.240
2026-09-05T15:33:00,M02,12.555,1.957,27.048,20.703,44.832
2026-09-05T15:34:00,M02,12.720,2.000,26.984,20.473,46.749
2026-09-05T15:35:00,M02,12.631,1.950,26.828,20.822,45.601
2026-09-05T15:36:00,M02,12.429,1.969,26.954,20.921,43.128
2026-09-05T15:37:00,M02,12.550,2.024,26.962,20.814,45.662
2026-09-05T15:38:00,M02,12.629,2.016,26.785,20.866,44.424
2026-09-05T15:39:00,M02,12.616,2.007,26.927,20.902,46.096
2026-09-05T15:40:00,M02,12.721,1.952,26.918,20.868,45.097
2026-09-05T15:41:00,M02,12.671,1.927,26.992,20.976,45.423
2026-09-05T15:42:00,M02,12.651,1.971,26.896,20.810,44.562
2026-09-05T15:43:00,M02,12.548,1.991,26.729,20.756,45.616
2026-09-05T15:44:00,M02,12.680,2.020,27.212,20.794,46.566
2026-09-05T15:45:00,M02,12.507,2.044,27.008,20.408,45.674
2026-09-05T15:46:00,M02,12.683,1.971,26.915,20.942,46.649
2026-09-05T15:47:00,M02,12.497,2.005,27.046,20.914,42.592
2026-09-05T15:48:00,M02,12.672,1.962,27.076,20.996,46.048
2026-09-05T15:49:00,M02,12.598,2.039,26.965,20.800,45.407
2026-09-05T15:50:00,M02,12.622,1.960,26.704,20.580,46.343
2026-09-05T15:51:00,M02,12.492,2.056,27.003,20.707,44.685
2026-09-05T15:52:00,M02,12.606,1.954,26.842,20.738,44.010
2026-09-05T15:53:00,M02,12.439,1.963,27.064,20.614,45.599
2026-09-05T15:54:00,M02,12.616,1.933,27.156,20.588,45.385
2026-09-05T15:55:00,M02,12.554,2.016,26.995,20.613,47.627
2026-09-05T15:56:00,M02,12.494,1.915,26.778,20.845,43.412
2026-09-05T15:57:00,M02,12.571,1.954,26.925,20.890,44.234
2026-09-05T15:58:00,M02,12.691,2.068,27.076,20.751,44.834
2026-09-05T15:59:00,M02,12.596,1.960,27.044,20.695,45.985
2026-09-05T16:00:00,M02,11.973,1.864,24.070,19.751,44.673
2026-09-05T16:01:00,M02,12.115,1.879,24.008,19.976,43.868
2026-09-05T16:02:00,M02,12.102,1.832,24.160,19.965,42.327
2026-09-05T16:03:00,M02,11.997,1.803,24.474,20.129,44.738
2026-09-05T16:04:00,M02,12.135,1.897,24.313,20.146,47.376
2026-09-05T16:05:00,M02,12.120,1.852,24.468,20.015,45.418
2026-09-05T16:06:00,M02,12.054,1.832,24.440,19.935,44.467
2026-09-05T16:07:00,M02,12.215,1.845,24.607,20.040,45.615
2026-09-05T16:08:00,M02,11.998,1.824,24.963,20.073,42.895
2026-09-05T16:09:00,M02,12.075,1.895,24.782,20.279,44.656
2026-09-05T16:10:00,M02,12.197,1.861,24.750,20.212,43.933
2026-09-05T16:11:00,M02,12.311,1.799,24.621,20.117,45.268
2026-09-05T16:12:00,M02,12.256,1.842,24.922,20.791,44.818
2026-09-05T16:13:00,M02,12.267,1.898,25.197,20.012,46.583
2026-09-05T16:14:00,M02,12.108,1.954,24.937,20.049,45.541
2026-09-05T16:15:00,M02,12.100,1.885,24.894,20.128,45.082
2026-09-05T16:16:00,M02,12.146,1.863,25.084,20.251,44.543
2026-09-05T16:17:00,M02,12.310,1.917,25.226,20.363,44.603
2026-09-05T16:18:00,M02,12.230,1.914,25.142,20.367,44.588
2026-09-05T16:19:00,M02,12.264,1.879,25.591,20.045,44.375
2026-09-05T16:20:00,M02,12.318,1.893,25.556,20.460,43.625
2026-09-05T16:21:00,M02,12.272,1.951,25.478,20.390,45.433
2026-09-05T16:22:00,M02,12.311,1.872,25.535,20.591,44.692
2026-09-05T16:23:00,M02,12.411,1.903,25.542,20.310,45.178
2026-09-05T16:24:00,M02,12.449,1.865,25.469,20.592,44.141
2026-09-05T16:25:00,M02,12.372,1.927,25.805,20.289,45.717
2026-09-05T16:26:00,M02,12.422,1.939,25.755,20.186,46.511
2026-09-05T16:27:00,M02,12.204,1.891,25.435,20.227,45.991
2026-09-05T16:28:00,M02,12.394,2.004,25.886,20.378,46.074
2026-09-05T16:29:00,M02,12.359,1.888,25.918,20.389,43.188
2026-09-05T16:30:00,M02,12.434,1.942,25.691,20.852,45.311
2026-09-05T16:31:00,M02,12.426,1.954,25.825,20.351,44.480
2026-09-05T16:32:00,M02,12.392,1.929,25.984,20.501,45.143
2026-09-05T16:33:00,M02,12.342,1.946,26.078,20.419,45.283
2026-09-05T16:34:00,M02,12.289,1.879,25.994,20.394,42.984
2026-09-05T16:35:00,M02,12.366,1.979,26.014,20.331,44.068
2026-09-05T16:36:00,M02,12.523,1.935,26.122,20.504,44.844
2026-09-05T16:37:00,M02,12.476,1.943,26.072,20.686,44.518
2026-09-05T16:38:00,M02,12.331,1.907,26.145,20.428,44.137
2026-09-05T16:39:00,M02,12.424,2.020,26.299,20.532,44.736
2026-09-05T16:40:00,M02,12.339,2.017,26.335,20.807,44.250
2026-09-05T16:41:00,M02,12.488,1.983,26.357,20.535,46.662
2026-09-05T16:42:00,M02,12.398,1.931,26.471,20.545,47.041
2026-09-05T16:43:00,M02,12.350,2.032,26.240,20.419,45.953
2026-09-05T16:44:00,M02,12.570,1.903,26.250,20.792,46.406
2026-09-05T16:45:00,M02,12.422,1.939,26.499,20.643,44.104
2026-09-05T16:46:00,M02,12.501,2.004,26.460,20.581,44.386
2026-09-05T16:47:00,M02,12.376,1.930,26.415,20.475,45.584
2026-09-05T16:48:00,M02,12.577,1.880,26.246,20.414,44.954
2026-09-05T16:49:00,M02,12.455,1.915,26.408,20.941,45.782
2026-09-05T16:50:00,M02,12.428,1.954,26.450,20.569,45.400
2026-09-05T16:51:00,M02,12.445,1.974,26.591,20.560,44.929
2026-09-05T16:52:00,M02,12.476,1.920,26.280,20.754,45.679
2026-09-05T16:53:00,M02,12.442,1.926,26.820,20.443,45.504
2026-09-05T16:54:00,M02,12.622,1.912,26.526,20.626,46.360
2026-09-05T16:55:00,M02,12.569,2.007,26.457,20.858,45.617
2026-09-05T16:56:00,M02,12.389,1.928,26.556,20.898,44.067
2026-09-05T16:57:00,M02,12.783,2.037,26.374,20.766,45.493
2026-09-05T16:58:00,M02,12.683,2.075,26.648,20.493,44.845
2026-09-05T16:59:00,M02,12.607,2.022,26.528,21.106,45.071
2026-09-05T17:00:00,M02,12.225,1.997,26.547,20.635,45.914
2026-09-05T17:01:00,M02,12.456,1.968,26.553,20.850,44.357
2026-09-05T17:02:00,M02,12.446,2.020,26.762,20.798,44.344
2026-09-05T17:03:00,M02,12.554,2.007,26.616,20.515,44.197
2026-09-05T17:04:00,M02,12.580,1.952,26.896,20.715,45.198
2026-09-05T17:05:00,M02,12.685,2.010,26.711,20.736,46.134
2026-09-05T17:06:00,M02,12.566,1.956,26.891,20.730,43.506
2026-09-05T17:07:00,M02,12.456,1.946,26.798,20.889,46.239
2026-09-05T17:08:00,M02,12.559,2.032,26.775,20.710,45.006
2026-09-05T17:09:00,M02,12.520,1.962,26.362,21.076,43.312
2026-09-05T17:10:00,M02,12.643,1.946,26.648,20.453,44.952
2026-09-05T17:11:00,M02,12.667,1.821,26.868,20.544,45.474
2026-09-05T17:12:00,M02,12.593,1.969,26.808,20.727,46.254
2026-09-05T17:13:00,M02,12.674,1.918,26.770,20.850,48.762
2026-09-05T17:14:00,M02,12.518,1.870,26.799,21.011,44.398
2026-09-05T17:15:00,M02,12.439,2.038,27.103,20.478,44.795
2026-09-05T17:16:00,M02,12.669,1.907,26.786,20.575,43.122
2026-09-05T17:17:00,M02,12.629,1.937,26.720,20.703,45.664
2026-09-05T17:18:00,M02,12.534,2.023,26.937,20.535,46.761
2026-09-05T17:19:00,M02,12.501,2.015,26.900,20.528,45.204
2026-09-05T17:20:00,M02,12.713,2.022,26.802,20.916,43.581
2026-09-05T17:21:00,M02,12.531,1.973,26.975,20.530,44.974
2026-09-05T17:22:00,M02,12.483,1.936,27.023,20.701,46.367
2026-09-05T17:23:00,M02,12.606,2.014,26.918,20.219,45.057
2026-09-05T17:24:00,M02,12.591,1.934,26.756,20.781,45.908
2026-09-05T17:25:00,M02,12.641,1.994,26.714,21.097,44.901
2026-09-05T17:26:00,M02,12.557,2.049,27.067,20.779,44.895
2026-09-05T17:27:00,M02,12.505,1.976,26.644,20.680,44.562
2026-09-05T17:28:00,M02,12.520,2.068,26.900,20.774,44.841
2026-09-05T17:29:00,M02,12.550,1.960,26.859,20.813,44.763
2026-09-05T17:30:00,M02,12.440,1.962,26.742,20.706,44.602
2026-09-05T17:31:00,M02,12.771,1.964,26.944,20.786,44.211
2026-09-05T17:32:00,M02,12.564,2.018,26.837,20.805,46.319
2026-09-05T17:33:00,M02,12.602,2.007,27.002,20.618,44.100
2026-09-05T17:34:00,M02,12.678,1.950,26.875,20.407,45.546
2026-09-05T17:35:00,M02,12.610,1.952,26.879,21.134,47.694
2026-09-05T17:36:00,M02,12.553,1.850,26.711,20.659,46.668
2026-09-05T17:37:00,M02,12.503,1.936,26.719,20.664,46.715
2026-09-05T17:38:00,M02,12.649,1.962,27.021,21.100,43.831
2026-09-05T17:39:00,M02,12.463,2.019,26.994,20.592,45.446
2026-09-05T17:40:00,M02,12.653,2.006,27.094,20.621,44.560
2026-09-05T17:41:00,M02,12.618,2.019,26.814,20.491,45.042
2026-09-05T17:42:00,M02,12.619,1.916,26.940,20.671,45.834
2026-09-05T17:43:00,M02,12.613,2.020,26.654,20.754,43.929
2026-09-05T17:44:00,M02,12.540,1.938,27.027,21.062,45.365
2026-09-05T17:45:00,M02,12.516,2.021,27.220,20.665,45.266
2026-09-05T17:46:00,M02,12.539,2.026,26.862,21.098,42.708
2026-09-05T17:47:00,M02,12.600,1.981,26.789,20.933,44.459
2026-09-05T17:48:00,M02,12.713,1.992,27.021,20.794,46.542
2026-09-05T17:49:00,M02,12.690,2.032,26.765,20.623,45.545
2026-09-05T17:50:00,M02,12.731,1.945,26.988,20.792,44.821
2026-09-05T17:51:00,M02,12.610,1.947,26.964,20.829,45.893
2026-09-05T17:52:00,M02,12.692,2.024,26.826,20.731,43.739
2026-09-05T17:53:00,M02,12.546,2.021,26.736,21.007,46.358
2026-09-05T17:54:00,M02,12.724,1.991,26.850,20.377,44.956
2026-09-05T17:55:00,M02,12.466,2.068,26.815,20.875,45.474
2026-09-05T17:56:00,M02,12.675,2.058,27.021,20.777,44.048
2026-09-05T17:57:00,M02,12.614,2.001,26.759,20.672,43.768
2026-09-05T17:58:00,M02,12.587,2.019,26.785,20.680,45.995
2026-09-05T17:59:00,M02,12.391,2.002,26.900,20.841,44.395
2026-09-05T18:00:00,M02,12.751,1.926,26.731,20.803,44.802
2026-09-05T18:01:00,M02,12.610,1.911,26.958,20.530,45.087
2026-09-05T18:02:00,M02,12.566,1.957,27.128,20.456,43.845
2026-09-05T18:03:00,M02,12.632,2.039,26.816,20.688,45.054
2026-09-05T18:04:00,M02,12.580,2.028,27.100,20.937,44.756
2026-09-05T18:05:00,M02,12.584,1.986,26.851,21.082,43.933
2026-09-05T18:06:00,M02,12.745,1.985,26.852,20.819,44.505
2026-09-05T18:07:00,M02,12.613,1.980,26.814,20.850,44.841
2026-09-05T18:08:00,M02,12.543,1.946,27.127,20.774,44.157
2026-09-05T18:09:00,M02,12.671,2.035,26.875,20.757,43.457
2026-09-05T18:10:00,M02,12.577,2.008,26.860,20.612,45.766
2026-09-05T18:11:00,M02,12.593,1.969,26.946,20.623,44.741
2026-09-05T18:12:00,M02,12.682,2.046,26.764,20.831,46.859
2026-09-05T18:13:00,M02,12.500,2.057,27.024,20.824,45.055
2026-09-05T18:14:00,M02,12.726,1.909,27.057,21.019,43.650
2026-09-05T18:15:00,M02,12.761,1.913,27.011,20.789,43.711
2026-09-05T18:16:00,M02,12.538,1.977,27.003,20.978,45.153
2026-09-05T18:17:00,M02,12.560,1.992,26.814,20.523,44.576
2026-09-05T18:18:00,M02,12.633,1.949,27.052,20.773,46.367
2026-09-05T18:19:00,M02,12.544,1.999,27.123,21.004,45.504
2026-09-05T18:20:00,M02,12.705,1.996,26.963,20.787,47.570
2026-09-05T18:21:00,M02,12.607,2.052,26.857,20.813,44.084
2026-09-05T18:22:00,M02,12.593,1.976,26.991,20.922,46.377
2026-09-05T18:23:00,M02,12.540,1.961,26.934,20.971,43.837
2026-09-05T18:24:00,M02,12.650,2.006,27.066,20.960,44.965
2026-09-05T18:25:00,M02,12.622,2.042,27.023,20.919,44.507
2026-09-05T18:26:00,M02,12.700,2.023,27.087,20.743,46.365
2026-09-05T18:27:00,M02,12.521,1.984,26.740,21.046,46.434
2026-09-05T18:28:00,M02,12.490,2.097,26.961,20.851,46.289
2026-09-05T18:29:00,M02,12.619,2.009,26.918,20.751,47.887
2026-09-05T18:30:00,M02,12.659,1.990,27.022,21.016,44.176
2026-09-05T18:31:00,M02,12.531,1.978,26.928,20.763,47.810
2026-09-05T18:32:00,M02,12.623,2.054,27.097,20.647,45.299
2026-09-05T18:33:00,M02,12.650,1.986,26.894,20.765,46.491
2026-09-05T18:34:00,M02,12.592,2.062,27.009,20.782,44.473
2026-09-05T18:35:00,M02,12.391,1.967,26.928,20.982,43.467
2026-09-05T18:36:00,M02,12.575,2.021,26.904,20.569,43.982
2026-09-05T18:37:00,M02,12.545,1.999,27.137,20.890,44.461
2026-09-05T18:38:00,M02,12.603,2.004,27.245,20.810,44.315
2026-09-05T18:39:00,M02,12.655,1.884,26.916,21.217,45.618
2026-09-05T18:40:00,M02,12.600,1.941,27.100,21.240,44.347
2026-09-05T18:41:00,M02,12.563,1.929,26.894,20.833,43.744
2026-09-05T18:42:00,M02,12.509,2.004,26.782,20.944,47.361
2026-09-05T18:43:00,M02,12.552,2.012,26.953,20.690,46.648
2026-09-05T18:44:00,M02,12.523,2.111,26.862,20.747,45.317
2026-09-05T18:45:00,M02,12.576,2.064,26.686,20.826,47.437
2026-09-05T18:46:00,M02,12.623,2.003,27.100,20.426,46.572
2026-09-05T18:47:00,M02,12.696,1.981,26.857,20.505,44.130
2026-09-05T18:48:00,M02,12.502,1.955,27.058,20.800,46.224
2026-09-05T18:49:00,M02,12.559,1.959,26.660,20.803,43.641
2026-09-05T18:50:00,M02,12.552,1.994,26.903,20.729,46.044
2026-09-05T18:51:00,M02,12.572,1.978,26.953,20.834,43.904
2026-09-05T18:52:00,M02,12.576,2.005,26.973,20.950,45.909
2026-09-05T18:53:00,M02,12.600,1.931,26.914,20.800,45.079
2026-09-05T18:54:00,M02,12.691,1.976,27.140,20.702,44.233
2026-09-05T18:55:00,M02,12.435,1.944,26.973,20.576,47.362
2026-09-05T18:56:00,M02,12.538,1.977,26.912,20.578,44.720
2026-09-05T18:57:00,M02,12.632,2.064,26.977,20.921,44.995
2026-09-05T18:58:00,M02,12.683,1.942,27.051,20.927,43.944
2026-09-05T18:59:00,M02,12.543,2.051,27.155,20.712,44.199
2026-09-05T19:00:00,M02,12.614,2.069,27.096,20.866,43.866
2026-09-05T19:01:00,M02,12.639,2.073,26.952,20.754,42.990
2026-09-05T19:02:00,M02,12.612,1.975,27.085,20.587,44.034
2026-09-05T19:03:00,M02,12.571,2.016,26.941,20.658,43.470
2026-09-05T19:04:00,M02,12.689,1.954,27.099,20.737,46.520
2026-09-05T19:05:00,M02,12.528,1.934,26.918,20.760,44.950
2026-09-05T19:06:00,M02,12.547,2.010,26.942,21.047,46.794
2026-09-05T19:07:00,M02,12.572,1.970,26.909,20.698,44.805
2026-09-05T19:08:00,M02,12.575,1.940,27.315,20.492,43.478
2026-09-05T19:09:00,M02,12.602,2.014,26.828,20.952,43.883
2026-09-05T19:10:00,M02,12.483,1.973,27.104,20.901,43.463
2026-09-05T19:11:00,M02,12.588,2.061,26.807,20.874,47.069
2026-09-05T19:12:00,M02,12.493,2.030,27.151,20.693,44.234
2026-09-05T19:13:00,M02,12.584,2.010,26.755,20.872,44.758
2026-09-05T19:14:00,M02,12.604,1.969,27.063,20.960,44.813
2026-09-05T19:15:00,M02,12.504,2.046,27.019,20.572,43.977
2026-09-05T19:16:00,M02,12.612,2.008,26.964,21.209,46.475
2026-09-05T19:17:00,M02,12.707,2.042,27.010,20.700,44.146
2026-09-05T19:18:00,M02,12.577,1.996,27.060,20.875,46.241
2026-09-05T19:19:00,M02,12.609,1.957,26.854,21.078,46.725
2026-09-05T19:20:00,M02,12.660,2.015,26.682,20.958,45.419
2026-09-05T19:21:00,M02,12.567,2.004,27.218,20.722,47.357
2026-09-05T19:22:00,M02,12.277,1.982,26.841,20.685,43.205
2026-09-05T19:23:00,M02,12.649,2.056,26.895,20.655,44.525
2026-09-05T19:24:00,M02,12.501,1.950,27.166,20.960,46.843
2026-09-05T19:25:00,M02,12.621,1.988,26.812,20.770,44.186
2026-09-05T19:26:00,M02,12.582,1.972,27.116,20.943,44.818
2026-09-05T19:27:00,M02,12.767,2.024,26.908,20.841,44.975
2026-09-05T19:28:00,M02,12.495,2.034,27.008,20.899,42.410
2026-09-05T19:29:00,M02,12.697,1.967,27.154,20.693,45.249
2026-09-05T19:30:00,M02,12.703,2.001,26.777,20.461,46.318
2026-09-05T19:31:00,M02,12.533,2.002,26.971,20.704,45.870
2026-09-05T19:32:00,M02,12.685,2.004,26.876,21.233,44.738
2026-09-05T19:33:00,M02,12.607,2.037,27.017,20.781,45.454
2026-09-05T19:34:00,M02,12.623,1.960,26.924,21.059,46.079
2026-09-05T19:35:00,M02,12.577,1.977,27.224,20.545,43.398
2026-09-05T19:36:00,M02,12.612,1.959,27.056,20.682,44.424
2026-09-05T19:37:00,M02,12.792,2.076,26.954,20.799,44.934
2026-09-05T19:38:00,M02,12.546,1.978,27.049,20.816,43.872
2026-09-05T19:39:00,M02,12.792,2.001,27.422,20.923,45.088
2026-09-05T19:40:00,M02,12.697,1.961,27.175,20.801,46.583
2026-09-05T19:41:00,M02,12.793,1.980,26.881,20.902,45.887
2026-09-05T19:42:00,M02,12.511,2.058,27.019,20.910,46.561
2026-09-05T19:43:00,M02,12.476,1.991,27.123,20.736,45.858
2026-09-05T19:44:00,M02,12.724,2.064,27.142,20.773,45.495
2026-09-05T19:45:00,M02,12.518,1.957,26.862,20.929,44.349
2026-09-05T19:46:00,M02,12.599,1.998,26.916,20.794,44.823
2026-09-05T19:47:00,M02,12.444,2.034,26.901,20.811,46.255
2026-09-05T19:48:00,M02,12.586,1.948,27.047,20.664,44.575
2026-09-05T19:49:00,M02,12.489,1.915,27.053,20.921,45.118
2026-09-05T19:50:00,M02,12.681,1.897,26.980,20.909,45.889
2026-09-05T19:51:00,M02,12.596,2.014,26.904,20.797,45.564
2026-09-05T19:52:00,M02,12.717,2.077,26.967,20.615,43.498
2026-09-05T19:53:00,M02,12.395,2.028,26.789,20.605,44.749
2026-09-05T19:54:00,M02,12.516,1.940,27.028,20.543,45.108
2026-09-05T19:55:00,M02,12.602,2.001,27.208,20.893,45.234
2026-09-05T19:56:00,M02,12.561,1.963,27.007,20.712,45.362
2026-09-05T19:57:00,M02,12.721,1.940,26.970,20.939,42.460
2026-09-05T19:58:00,M02,12.583,1.951,27.098,21.264,45.735
2026-09-05T19:59:00,M02,12.643,1.956,27.103,20.684,42.476
2026-09-05T20:00:00,M02,12.569,2.009,27.040,20.602,42.976
2026-09-05T20:01:00,M02,12.544,2.019,27.283,20.493,45.004
2026-09-05T20:02:00,M02,12.397,2.028,27.155,20.608,44.064
2026-09-05T20:03:00,M02,12.611,2.025,26.984,21.131,43.366
2026-09-05T20:04:00,M02,12.580,2.043,27.077,20.747,46.318
2026-09-05T20:05:00,M02,12.532,2.060,27.007,21.000,45.659
2026-09-05T20:06:00,M02,12.816,1.950,26.998,20.725,43.702
2026-09-05T20:07:00,M02,12.578,2.003,26.764,20.924,46.281
2026-09-05T20:08:00,M02,12.597,2.013,26.938,20.698,45.225
2026-09-05T20:09:00,M02,12.584,1.998,27.059,20.714,44.178
2026-09-05T20:10:00,M02,12.689,2.018,26.926,20.588,44.244
2026-09-05T20:11:00,M02,12.749,2.034,27.327,20.676,43.992
2026-09-05T20:12:00,M02,12.592,1.992,27.116,21.074,43.528
2026-09-05T20:13:00,M02,12.503,1.950,26.918,21.019,45.079
2026-09-05T20:14:00,M02,12.537,1.985,27.026,20.374,44.124
2026-09-05T20:15:00,M02,12.649,1.999,26.924,20.685,44.650
2026-09-05T20:16:00,M02,12.570,1.974,26.967,20.842,44.190
2026-09-05T20:17:00,M02,12.690,2.021,27.014,20.767,44.165
2026-09-05T20:18:00,M02,12.637,1.962,27.061,20.818,47.212
2026-09-05T20:19:00,M02,12.552,1.979,26.761,20.833,43.931
2026-09-05T20:20:00,M02,12.743,2.033,27.027,20.841,46.249
2026-09-05T20:21:00,M02,12.540,1.979,26.820,20.712,44.128
2026-09-05T20:22:00,M02,12.615,2.032,26.980,20.839,42.989
2026-09-05T20:23:00,M02,12.613,1.968,27.097,20.696,43.862
2026-09-05T20:24:00,M02,12.454,1.925,26.797,20.792,44.428
2026-09-05T20:25:00,M02,12.649,2.024,27.074,20.868,46.284
2026-09-05T20:26:00,M02,12.714,2.014,26.886,20.735,46.771
2026-09-05T20:27:00,M02,12.664,2.032,27.072,20.931,46.075
2026-09-05T20:28:00,M02,12.568,1.997,26.935,20.682,46.046
2026-09-05T20:29:00,M02,12.520,1.934,27.013,20.934,43.182
2026-09-05T20:30:00,M02,12.696,2.004,26.880,20.740,44.641
2026-09-05T20:31:00,M02,12.608,1.987,27.033,20.711,45.798
2026-09-05T20:32:00,M02,12.608,1.941,26.977,20.700,45.179
2026-09-05T20:33:00,M02,12.690,1.985,26.834,20.413,42.704
2026-09-05T20:34:00,M02,12.624,2.020,26.915,20.740,44.954
2026-09-05T20:35:00,M02,12.605,2.024,26.848,20.819,45.970
2026-09-05T20:36:00,M02,12.715,2.042,27.005,20.852,46.101
2026-09-05T20:37:00,M02,12.677,2.094,26.899,20.839,45.358
2026-09-05T20:38:00,M02,12.626,2.059,27.144,20.706,44.925
2026-09-05T20:39:00,M02,12.582,2.015,27.148,20.924,44.904
2026-09-05T20:40:00,M02,12.601,1.895,27.118,20.671,44.746
2026-09-05T20:41:00,M02,12.648,1.972,27.261,20.577,46.772
2026-09-05T20:42:00,M02,12.591,1.993,27.122,20.995,44.770
2026-09-05T20:43:00,M02,12.672,1.971,26.954,20.854,45.087
2026-09-05T20:44:00,M02,12.685,1.986,27.029,20.960,43.887
2026-09-05T20:45:00,M02,12.625,2.014,27.149,20.638,44.300
2026-09-05T20:46:00,M02,12.611,2.046,26.973,20.771,45.442
2026-09-05T20:47:00,M02,12.849,1.960,26.885,21.026,43.616
2026-09-05T20:48:00,M02,12.716,1.989,27.076,21.170,43.455
2026-09-05T20:49:00,M02,12.622,2.074,26.981,20.675,44.884
2026-09-05T20:50:00,M02,12.575,2.031,26.831,20.928,45.847
2026-09-05T20:51:00,M02,12.655,1.907,26.904,20.684,45.810
2026-09-05T20:52:00,M02,12.673,2.099,27.075,20.769,45.731
2026-09-05T20:53:00,M02,12.603,1.990,27.036,20.848,46.042
2026-09-05T20:54:00,M02,12.595,1.992,26.957,21.239,43.747
2026-09-05T20:55:00,M02,12.518,1.966,26.879,20.949,46.103
2026-09-05T20:56:00,M02,12.712,2.032,26.988,20.625,46.067
2026-09-05T20:57:00,M02,12.732,2.030,26.992,20.665,47.260
2026-09-05T20:58:00,M02,12.668,1.972,27.073,20.866,47.728
2026-09-05T20:59:00,M02,12.583,2.007,26.873,20.945,44.690
2026-09-05T21:00:00,M02,12.638,2.024,26.870,20.597,46.886
2026-09-05T21:01:00,M02,12.550,2.105,26.825,20.613,46.395
2026-09-05T21:02:00,M02,12.693,2.052,27.001,21.057,43.785
2026-09-05T21:03:00,M02,12.559,2.007,27.041,20.500,45.396
2026-09-05T21:04:00,M02,12.518,1.965,27.005,20.931,44.092
2026-09-05T21:05:00,M02,12.463,2.029,26.977,20.641,45.180
2026-09-05T21:06:00,M02,12.424,2.055,27.265,20.776,44.389
2026-09-05T21:07:00,M02,12.490,2.019,26.810,20.838,44.616
2026-09-05T21:08:00,M02,12.539,1.912,27.148,21.067,47.107
2026-09-05T21:09:00,M02,12.575,1.969,27.061,20.967,46.405
2026-09-05T21:10:00,M02,12.622,2.042,26.897,20.789,44.471
2026-09-05T21:11:00,M02,12.654,1.948,26.991,20.929,45.126
2026-09-05T21:12:00,M02,12.480,1.956,26.930,21.026,47.105
2026-09-05T21:13:00,M02,12.656,1.917,26.938,20.752,46.829
2026-09-05T21:14:00,M02,12.545,1.992,26.850,20.878,45.730
2026-09-05T21:15:00,M02,12.684,1.953,27.101,20.885,44.576
2026-09-05T21:16:00,M02,12.577,1.889,26.895,20.664,45.162
2026-09-05T21:17:00,M02,12.574,1.936,26.986,20.715,44.040
2026-09-05T21:18:00,M02,12.490,1.958,27.048,20.654,43.242
2026-09-05T21:19:00,M02,12.659,1.983,27.131,20.454,44.260
2026-09-05T21:20:00,M02,12.693,2.062,26.982,20.852,45.194
2026-09-05T21:21:00,M02,12.738,1.992,27.053,20.683,45.713
2026-09-05T21:22:00,M02,12.444,2.079,26.890,20.471,44.669
2026-09-05T21:23:00,M02,12.609,2.029,26.886,20.596,44.951
2026-09-05T21:24:00,M02,12.491,1.967,27.013,20.739,45.195
2026-09-05T21:25:00,M02,12.700,2.062,27.189,20.838,45.139
2026-09-05T21:26:00,M02,12.614,2.074,26.896,20.907,43.823
2026-09-05T21:27:00,M02,12.484,1.996,26.862,20.788,42.544
2026-09-05T21:28:00,M02,12.722,1.973,26.979,20.985,44.950
2026-09-05T21:29:00,M02,12.593,2.000,26.896,20.636,45.755
2026-09-05T21:30:00,M02,12.620,2.000,26.817,20.855,44.415
2026-09-05T21:31:00,M02,12.725,1.959,26.977,20.672,45.234
2026-09-05T21:32:00,M02,12.553,1.955,27.188,20.630,45.654
2026-09-05T21:33:00,M02,12.588,2.035,26.964,20.860,45.804
2026-09-05T21:34:00,M02,12.557,2.072,26.837,20.568,43.930
2026-09-05T21:35:00,M02,12.633,2.000,26.780,20.958,44.545
2026-09-05T21:36:00,M02,12.715,2.039,26.971,20.834,44.926
2026-09-05T21:37:00,M02,12.489,2.037,27.017,21.064,45.468
2026-09-05T21:38:00,M02,12.481,2.048,27.074,21.092,46.678
2026-09-05T21:39:00,M02,12.495,2.011,27.103,20.553,43.827
2026-09-05T21:40:00,M02,12.640,1.961,27.261,20.712,46.640
2026-09-05T21:41:00,M02,12.742,2.006,27.123,20.547,45.766
2026-09-05T21:42:00,M02,12.559,1.982,27.051,20.790,46.529
2026-09-05T21:43:00,M02,12.486,2.024,27.003,20.598,44.647
2026-09-05T21:44:00,M02,12.562,1.994,27.075,20.758,44.981
2026-09-05T21:45:00,M02,12.527,2.036,27.046,20.968,46.080
2026-09-05T21:46:00,M02,12.597,1.987,27.067,20.839,44.704
2026-09-05T21:47:00,M02,12.606,1.979,27.216,20.570,46.044
2026-09-05T21:48:00,M02,12.518,1.993,26.948,20.885,44.193
2026-09-05T21:49:00,M02,12.652,1.934,26.917,20.972,44.753
2026-09-05T21:50:00,M02,12.647,1.923,27.118,20.904,44.892
2026-09-05T21:51:00,M02,12.753,1.976,26.925,20.587,45.879
2026-09-05T21:52:00,M02,12.567,2.038,26.983,20.587,43.628
2026-09-05T21:53:00,M02,12.647,2.078,27.133,20.832,44.589
2026-09-05T21:54:00,M02,12.558,2.050,26.848,20.965,44.955
2026-09-05T21:55:00,M02,12.565,1.935,26.706,20.883,44.911
2026-09-05T21:56:00,M02,12.619,2.021,27.242,20.910,44.770
2026-09-05T21:57:00,M02,12.506,2.007,27.259,20.778,45.478
2026-09-05T21:58:00,M02,12.623,2.019,26.778,20.648,43.562
2026-09-05T21:59:00,M02,12.648,2.014,27.085,20.779,48.312
2026-09-05T22:00:00,M02,12.426,1.941,26.769,21.029,43.128
2026-09-05T22:01:00,M02,12.597,1.971,27.108,20.782,46.366
2026-09-05T22:02:00,M02,12.639,2.012,26.871,20.662,45.230
2026-09-05T22:03:00,M02,12.587,2.008,26.791,20.654,44.092
2026-09-05T22:04:00,M02,12.581,1.964,26.935,20.578,44.696
2026-09-05T22:05:00,M02,12.668,1.965,27.144,20.954,45.617
2026-09-05T22:06:00,M02,12.729,1.995,27.102,20.694,45.388
2026-09-05T22:07:00,M02,12.542,2.008,27.127,20.691,44.464
2026-09-05T22:08:00,M02,12.521,2.009,26.966,20.698,44.761
2026-09-05T22:09:00,M02,12.634,1.909,26.973,20.684,47.315
2026-09-05T22:10:00,M02,12.570,2.036,27.042,20.908,44.615
2026-09-05T22:11:00,M02,12.445,2.009,27.332,21.016,43.748
2026-09-05T22:12:00,M02,12.751,1.965,27.072,20.868,43.762
2026-09-05T22:13:00,M02,12.613,1.990,27.059,20.734,45.275
2026-09-05T22:14:00,M02,12.662,1.937,26.781,21.062,46.724
2026-09-05T22:15:00,M02,12.597,1.985,26.954,21.036,46.154
2026-09-05T22:16:00,M02,12.555,1.995,26.987,20.689,46.476
2026-09-05T22:17:00,M02,12.677,1.980,26.985,20.887,46.381
2026-09-05T22:18:00,M02,12.669,2.028,26.944,20.871,43.458
2026-09-05T22:19:00,M02,12.499,2.055,27.087,20.565,44.938
2026-09-05T22:20:00,M02,12.643,2.063,26.966,21.016,45.804
2026-09-05T22:21:00,M02,12.574,1.985,26.946,20.779,45.107
2026-09-05T22:22:00,M02,12.604,1.988,27.145,20.711,44.922
2026-09-05T22:23:00,M02,12.732,1.900,26.846,20.744,46.569
2026-09-05T22:24:00,M02,12.716,1.991,26.952,20.481,45.036
2026-09-05T22:25:00,M02,12.447,1.990,27.088,20.734,46.782
2026-09-05T22:26:00,M02,12.655,2.017,26.964,20.615,44.589
2026-09-05T22:27:00,M02,12.717,1.967,26.630,20.749,44.949
2026-09-05T22:28:00,M02,12.599,1.956,26.977,20.868,43.499
2026-09-05T22:29:00,M02,12.698,1.980,27.254,21.000,45.318
2026-09-05T22:30:00,M02,12.714,1.957,26.957,20.944,43.849
2026-09-05T22:31:00,M02,12.629,1.999,27.195,20.814,46.762
2026-09-05T22:32:00,M02,12.797,2.088,27.103,21.068,44.262
2026-09-05T22:33:00,M02,12.668,1.936,27.221,21.195,44.407
2026-09-05T22:34:00,M02,12.799,2.020,27.094,21.056,46.322
2026-09-05T22:35:00,M02,12.518,2.060,26.839,20.985,44.738
2026-09-05T22:36:00,M02,12.588,1.985,27.024,20.843,46.022
2026-09-05T22:37:00,M02,12.646,2.029,27.031,20.831,44.809
2026-09-05T22:38:00,M02,12.567,2.013,27.278,20.730,46.192
2026-09-05T22:39:00,M02,12.597,2.062,27.269,20.500,46.689
2026-09-05T22:40:00,M02,12.499,1.964,27.098,20.481,45.591
2026-09-05T22:41:00,M02,12.506,2.096,26.802,20.885,44.570
2026-09-05T22:42:00,M02,12.704,1.924,27.306,20.762,42.377
2026-09-05T22:43:00,M02,12.563,2.051,27.188,20.377,44.675
2026-09-05T22:44:00,M02,12.614,2.012,26.825,20.790,44.920
2026-09-05T22:45:00,M02,12.724,1.974,27.008,20.769,43.305
2026-09-05T22:46:00,M02,12.713,1.956,26.820,20.490,42.250
2026-09-05T22:47:00,M02,12.685,2.005,26.881,21.063,44.875
2026-09-05T22:48:00,M02,12.485,2.060,27.003,20.838,46.071
2026-09-05T22:49:00,M02,12.646,2.064,27.066,20.973,46.074
2026-09-05T22:50:00,M02,12.548,1.959,26.863,21.054,45.393
2026-09-05T22:51:00,M02,12.593,2.002,26.843,20.526,44.762
2026-09-05T22:52:00,M02,12.585,1.976,27.143,20.970,45.479
2026-09-05T22:53:00,M02,12.752,2.040,27.009,21.174,44.755
2026-09-05T22:54:00,M02,12.655,2.008,27.315,20.914,44.183
2026-09-05T22:55:00,M02,12.664,1.981,26.899,20.751,46.175
2026-09-05T22:56:00,M02,12.417,2.014,26.744,20.508,46.115
2026-09-05T22:57:00,M02,12.625,1.931,26.910,21.039,45.656
2026-09-05T22:58:00,M02,12.500,2.021,26.909,20.441,45.753
2026-09-05T22:59:00,M02,12.484,2.070,27.103,20.957,44.077
2026-09-05T23:00:00,M02,12.746,2.067,26.943,20.816,47.578
2026-09-05T23:01:00,M02,12.503,1.955,27.036,21.069,46.306
2026-09-05T23:02:00,M02,12.546,1.956,27.171,20.452,45.568
2026-09-05T23:03:00,M02,12.741,1.960,26.868,21.019,44.895
2026-09-05T23:04:00,M02,12.619,2.080,26.931,20.590,44.064
2026-09-05T23:05:00,M02,12.656,1.959,27.005,20.793,46.120
2026-09-05T23:06:00,M02,12.622,2.024,26.936,20.830,46.081
2026-09-05T23:07:00,M02,12.454,1.977,27.085,20.943,45.006
2026-09-05T23:08:00,M02,12.609,2.090,27.229,20.641,45.442
2026-09-05T23:09:00,M02,12.629,2.008,26.784,20.721,44.428
2026-09-05T23:10:00,M02,12.537,2.055,26.965,20.759,46.147
2026-09-05T23:11:00,M02,12.655,2.072,27.063,20.921,44.020
2026-09-05T23:12:00,M02,12.701,2.032,26.809,20.944,45.193
2026-09-05T23:13:00,M02,12.715,2.005,26.988,20.804,45.548
2026-09-05T23:14:00,M02,12.468,2.025,26.888,20.693,45.779
2026-09-05T23:15:00,M02,12.420,1.961,26.945,20.758,43.562
2026-09-05T23:16:00,M02,12.654,2.106,26.893,20.752,45.844
2026-09-05T23:17:00,M02,12.575,1.979,26.689,20.546,44.926
2026-09-05T23:18:00,M02,12.665,2.017,27.016,20.811,46.359
2026-09-05T23:19:00,M02,12.615,2.044,27.111,20.522,44.719
2026-09-05T23:20:00,M02,12.711,1.931,26.948,20.455,44.552
2026-09-05T23:21:00,M02,12.616,2.014,26.963,20.974,45.284
2026-09-05T23:22:00,M02,12.527,1.914,26.888,20.815,45.912
2026-09-05T23:23:00,M02,12.668,2.043,27.136,20.723,44.220
2026-09-05T23:24:00,M02,12.664,1.944,26.828,20.831,44.766
2026-09-05T23:25:00,M02,12.556,1.994,27.259,20.691,43.909
2026-09-05T23:26:00,M02,12.614,2.042,26.899,20.724,46.157
2026-09-05T23:27:00,M02,12.430,2.020,27.211,20.767,44.598
2026-09-05T23:28:00,M02,12.567,1.886,26.828,20.932,46.913
2026-09-05T23:29:00,M02,12.490,1.947,26.927,20.540,45.261
2026-09-05T23:30:00,M02,12.582,2.070,26.917,20.788,43.475
2026-09-05T23:31:00,M02,12.587,2.032,27.210,20.845,44.792
2026-09-05T23:32:00,M02,12.358,2.018,27.167,20.969,44.430
2026-09-05T23:33:00,M02,12.817,1.985,27.025,20.792,45.802
2026-09-05T23:34:00,M02,12.593,2.046,27.082,20.753,42.985
2026-09-05T23:35:00,M02,12.640,2.031,27.113,20.719,44.465
2026-09-05T23:36:00,M02,12.612,1.952,27.226,20.924,44.027
2026-09-05T23:37:00,M02,12.713,2.002,27.146,20.825,45.542
2026-09-05T23:38:00,M02,12.588,2.012,26.912,20.673,44.925
2026-09-05T23:39:00,M02,12.578,2.074,26.848,20.774,47.350
2026-09-05T23:40:00,M02,12.697,2.020,27.153,20.910,44.749
2026-09-05T23:41:00,M02,12.702,1.980,26.851,20.955,46.123
2026-09-05T23:42:00,M02,12.925,1.995,26.997,20.708,46.455
2026-09-05T23:43:00,M02,12.554,2.010,26.990,20.583,45.339
2026-09-05T23:44:00,M02,12.610,1.996,26.903,20.729,44.645
2026-09-05T23:45:00,M02,12.500,1.883,27.002,20.866,42.221
2026-09-05T23:46:00,M02,12.483,2.086,27.035,20.629,44.963
2026-09-05T23:47:00,M02,12.516,1.989,26.887,21.116,42.999
2026-09-05T23:48:00,M02,12.572,2.019,26.988,21.122,45.833
2026-09-05T23:49:00,M02,12.612,2.042,27.048,21.019,45.610
2026-09-05T23:50:00,M02,12.508,2.010,26.834,20.819,44.801
2026-09-05T23:51:00,M02,12.696,1.948,26.956,20.923,43.182
2026-09-05T23:52:00,M02,12.688,2.015,26.915,20.772,44.462
2026-09-05T23:53:00,M02,12.567,2.002,27.019,20.617,46.913
2026-09-05T23:54:00,M02,12.518,1.966,27.017,20.890,43.687
2026-09-05T23:55:00,M02,12.504,1.921,27.043,20.870,44.767
2026-09-05T23:56:00,M02,12.496,1.997,27.142,20.872,45.293
2026-09-05T23:57:00,M02,12.690,2.003,26.955,20.560,45.765
2026-09-05T23:58:00,M02,12.624,2.038,27.219,20.520,46.498
2026-09-05T23:59:00,M02,12.391,1.997,27.185,20.665,43.946
2026-09-06T00:00:00,M02,12.076,1.810,24.148,19.966,44.270
2026-09-06T00:01:00,M02,12.177,1.869,24.059,19.992,44.672
2026-09-06T00:02:00,M02,11.976,1.789,23.872,20.045,44.336
2026-09-06T00:03:00,M02,12.101,1.852,24.232,20.467,45.207
2026-09-06T00:04:00,M02,12.136,1.832,24.407,20.300,45.478
2026-09-06T00:05:00,M02,12.174,1.875,24.166,20.324,44.340
2026-09-06T00:06:00,M02,12.068,1.870,24.549,20.367,44.308
2026-09-06T00:07:00,M02,12.207,1.903,24.423,20.460,43.731
2026-09-06T00:08:00,M02,12.075,1.885,24.253,20.227,44.944
2026-09-06T00:09:00,M02,12.129,1.864,24.795,20.533,44.653
2026-09-06T00:10:00,M02,12.287,1.846,24.619,20.454,45.760
2026-09-06T00:11:00,M02,12.138,1.897,24.772,20.103,46.182
2026-09-06T00:12:00,M02,12.030,1.916,25.042,19.929,45.907
2026-09-06T00:13:00,M02,12.259,1.893,24.959,20.361,44.902
2026-09-06T00:14:00,M02,12.309,1.944,24.975,20.264,46.133
2026-09-06T00:15:00,M02,12.277,1.852,25.115,20.267,45.298
2026-09-06T00:16:00,M02,12.309,1.905,25.082,20.714,45.170
2026-09-06T00:17:00,M02,12.325,1.853,25.506,20.116,45.081
2026-09-06T00:18:00,M02,12.242,1.873,25.627,20.302,45.384
2026-09-06T00:19:00,M02,12.366,1.885,25.342,20.264,46.980
2026-09-06T00:20:00,M02,12.327,1.856,25.568,20.162,42.968
2026-09-06T00:21:00,M02,12.373,1.974,25.547,20.432,43.365
2026-09-06T00:22:00,M02,12.191,1.927,25.508,20.490,45.008
2026-09-06T00:23:00,M02,12.462,1.927,25.716,20.330,44.093
2026-09-06T00:24:00,M02,12.285,1.900,25.820,20.262,44.277
2026-09-06T00:25:00,M02,12.354,2.001,25.913,20.276,46.598
2026-09-06T00:26:00,M02,12.418,1.906,25.639,20.505,46.883
2026-09-06T00:27:00,M02,12.221,1.936,25.666,20.196,46.320
2026-09-06T00:28:00,M02,12.340,1.868,25.944,20.508,44.239
2026-09-06T00:29:00,M02,12.221,1.871,25.899,20.553,44.057
2026-09-06T00:30:00,M02,12.436,2.009,25.978,20.568,45.486
2026-09-06T00:31:00,M02,12.370,1.888,25.994,20.654,46.814
2026-09-06T00:32:00,M02,12.530,1.996,25.871,20.649,45.323
2026-09-06T00:33:00,M02,12.468,2.024,25.956,20.379,44.157
2026-09-06T00:34:00,M02,12.562,1.965,26.236,20.913,44.994
2026-09-06T00:35:00,M02,12.400,1.961,26.201,20.431,45.104
2026-09-06T00:36:00,M02,12.432,1.928,26.117,20.495,44.085
2026-09-06T00:37:00,M02,12.514,1.871,26.203,20.731,47.056
2026-09-06T00:38:00,M02,12.456,1.953,26.144,20.850,44.162
2026-09-06T00:39:00,M02,12.516,1.923,25.966,20.310,44.975
2026-09-06T00:40:00,M02,12.352,1.987,26.229,20.713,43.634
2026-09-06T00:41:00,M02,12.404,1.962,26.291,20.498,45.546
2026-09-06T00:42:00,M02,12.368,1.958,26.155,20.834,46.075
2026-09-06T00:43:00,M02,12.491,1.944,26.347,20.574,45.464
2026-09-06T00:44:00,M02,12.531,1.926,26.218,20.664,44.358
2026-09-06T00:45:00,M02,12.375,1.862,26.368,20.377,46.047
2026-09-06T00:46:00,M02,12.579,1.974,26.436,20.714,44.397
2026-09-06T00:47:00,M02,12.496,1.956,26.363,20.246,45.417
2026-09-06T00:48:00,M02,12.466,1.963,26.421,20.559,46.516
2026-09-06T00:49:00,M02,12.544,1.959,26.244,20.845,45.683
2026-09-06T00:50:00,M02,12.443,1.961,26.579,20.513,45.710
2026-09-06T00:51:00,M02,12.532,1.970,26.412,20.708,45.335
2026-09-06T00:52:00,M02,12.455,1.901,26.346,20.770,44.537
2026-09-06T00:53:00,M02,12.451,1.912,26.552,20.933,44.769
2026-09-06T00:54:00,M02,12.541,2.004,26.490,20.509,44.334
2026-09-06T00:55:00,M02,12.642,1.906,26.624,21.055,43.342
2026-09-06T00:56:00,M02,12.424,1.897,26.676,20.582,45.614
2026-09-06T00:57:00,M02,12.566,1.993,26.692,20.746,44.159
2026-09-06T00:58:00,M02,12.438,1.977,26.548,20.501,45.330
2026-09-06T00:59:00,M02,12.374,1.875,26.585,20.588,44.868
2026-09-06T01:00:00,M02,12.600,1.897,26.787,20.414,44.513
2026-09-06T01:01:00,M02,12.423,1.953,26.641,20.947,45.197
2026-09-06T01:02:00,M02,12.487,1.972,26.789,20.540,43.621
2026-09-06T01:03:00,M02,12.486,2.049,26.354,20.659,44.303
2026-09-06T01:04:00,M02,12.530,2.016,26.668,20.906,44.398
2026-09-06T01:05:00,M02,12.645,1.998,26.577,20.765,45.635
2026-09-06T01:06:00,M02,12.540,1.984,26.714,20.727,44.432
2026-09-06T01:07:00,M02,12.304,1.996,26.673,20.540,44.927
2026-09-06T01:08:00,M02,12.676,2.022,26.963,20.748,44.342
2026-09-06T01:09:00,M02,12.562,1.949,26.752,20.805,44.616
2026-09-06T01:10:00,M02,12.576,2.029,26.737,20.778,43.891
2026-09-06T01:11:00,M02,12.602,1.894,26.883,20.632,45.003
2026-09-06T01:12:00,M02,12.448,1.976,26.686,20.515,45.370
2026-09-06T01:13:00,M02,12.607,1.935,26.614,20.494,47.508
2026-09-06T01:14:00,M02,12.836,2.075,26.794,20.849,47.278
2026-09-06T01:15:00,M02,12.603,2.006,26.629,20.488,42.645
2026-09-06T01:16:00,M02,12.574,1.966,26.720,20.753,44.149
2026-09-06T01:17:00,M02,12.656,1.937,26.728,20.659,43.840
2026-09-06T01:18:00,M02,12.446,1.932,26.888,20.740,47.189
2026-09-06T01:19:00,M02,12.618,1.951,26.779,20.333,43.738
2026-09-06T01:20:00,M02,12.563,1.996,26.649,20.687,46.006
2026-09-06T01:21:00,M02,12.619,1.928,26.792,20.790,44.934
2026-09-06T01:22:00,M02,12.619,2.051,26.948,20.893,44.120
2026-09-06T01:23:00,M02,12.609,2.046,26.657,20.799,41.916
2026-09-06T01:24:00,M02,12.447,1.914,26.641,20.736,44.646
2026-09-06T01:25:00,M02,12.695,1.988,26.817,21.182,47.057
2026-09-06T01:26:00,M02,12.560,1.921,26.833,21.086,45.382
2026-09-06T01:27:00,M02,12.421,2.062,26.848,20.964,45.791
2026-09-06T01:28:00,M02,12.632,1.986,26.589,20.725,45.819
2026-09-06T01:29:00,M02,12.603,1.972,26.744,21.067,44.817
2026-09-06T01:30:00,M02,12.547,1.862,26.743,21.171,47.284
2026-09-06T01:31:00,M02,12.634,2.006,27.036,20.843,46.392
2026-09-06T01:32:00,M02,12.619,2.143,26.851,20.794,43.462
2026-09-06T01:33:00,M02,12.429,1.979,26.916,20.831,46.217
2026-09-06T01:34:00,M02,12.635,2.095,26.908,20.675,44.656
2026-09-06T01:35:00,M02,12.409,1.918,26.983,20.755,46.391
2026-09-06T01:36:00,M02,12.480,1.930,26.681,20.951,46.145
2026-09-06T01:37:00,M02,12.621,2.053,26.927,20.742,44.591
2026-09-06T01:38:00,M02,12.500,2.076,26.609,20.492,46.017
2026-09-06T01:39:00,M02,12.462,2.028,26.921,20.807,46.617
2026-09-06T01:40:00,M02,12.451,2.017,26.681,20.735,44.036
2026-09-06T01:41:00,M02,12.526,2.039,26.912,20.755,45.918
2026-09-06T01:42:00,M02,12.597,1.938,26.958,20.426,43.777
2026-09-06T01:43:00,M02,12.435,1.965,26.861,20.836,43.626
2026-09-06T01:44:00,M02,12.615,2.036,26.756,20.556,46.080
2026-09-06T01:45:00,M02,12.558,1.912,27.012,20.976,44.374
2026-09-06T01:46:00,M02,12.616,2.011,26.826,20.684,45.804
2026-09-06T01:47:00,M02,12.809,2.049,26.747,20.974,45.623
2026-09-06T01:48:00,M02,12.529,1.965,27.082,20.819,45.787
2026-09-06T01:49:00,M02,12.444,2.001,27.244,20.898,45.194
2026-09-06T01:50:00,M02,12.599,1.899,27.037,20.935,46.945
2026-09-06T01:51:00,M02,12.550,1.995,26.835,20.787,45.518
2026-09-06T01:52:00,M02,12.556,2.055,27.149,20.601,44.366
2026-09-06T01:53:00,M02,12.677,1.982,26.932,20.841,46.194
2026-09-06T01:54:00,M02,12.669,1.978,26.950,20.839,43.899
2026-09-06T01:55:00,M02,12.528,1.990,27.001,20.812,44.454
2026-09-06T01:56:00,M02,12.582,1.933,26.866,21.049,44.617
2026-09-06T01:57:00,M02,12.568,1.972,26.828,20.784,44.198
2026-09-06T01:58:00,M02,12.640,1.949,26.664,20.974,45.663
2026-09-06T01:59:00,M02,12.670,1.921,26.761,20.855,45.854
2026-09-06T02:00:00,M02,12.615,1.943,26.807,20.740,46.002
2026-09-06T02:01:00,M02,12.506,1.978,26.893,20.765,44.115
2026-09-06T02:02:00,M02,12.716,2.005,26.906,20.811,44.777
2026-09-06T02:03:00,M02,12.553,2.072,26.751,20.548,46.074
2026-09-06T02:04:00,M02,12.495,1.968,26.773,21.041,45.055
2026-09-06T02:05:00,M02,12.601,1.882,26.790,20.876,44.498
2026-09-06T02:06:00,M02,12.605,1.988,27.116,20.838,45.742
2026-09-06T02:07:00,M02,12.501,2.010,26.634,21.044,45.784
2026-09-06T02:08:00,M02,12.559,1.972,26.757,20.610,44.648
2026-09-06T02:09:00,M02,12.584,1.879,26.811,20.663,46.604
2026-09-06T02:10:00,M02,12.699,2.061,27.221,20.711,44.375
2026-09-06T02:11:00,M02,12.636,2.080,26.992,20.799,45.031
2026-09-06T02:12:00,M02,12.621,1.989,26.750,20.746,45.299
2026-09-06T02:13:00,M02,12.528,1.977,26.873,20.550,45.705
2026-09-06T02:14:00,M02,12.520,1.988,27.224,20.515,46.626
2026-09-06T02:15:00,M02,12.463,2.016,26.634,20.623,47.190
2026-09-06T02:16:00,M02,12.644,1.954,26.988,20.929,46.009
2026-09-06T02:17:00,M02,12.577,1.958,26.874,20.936,44.382
2026-09-06T02:18:00,M02,12.660,2.028,26.643,20.853,45.231
2026-09-06T02:19:00,M02,12.584,1.946,27.009,20.708,44.433
2026-09-06T02:20:00,M02,12.728,2.005,26.922,20.929,45.940
2026-09-06T02:21:00,M02,12.656,1.968,27.145,20.709,45.310
2026-09-06T02:22:00,M02,12.681,1.890,27.017,20.824,44.698
2026-09-06T02:23:00,M02,12.726,2.014,27.093,20.665,43.358
2026-09-06T02:24:00,M02,12.642,2.034,27.052,20.580,44.326
2026-09-06T02:25:00,M02,12.811,2.044,27.124,20.669,44.188
2026-09-06T02:26:00,M02,12.691,1.984,26.876,21.005,47.224
2026-09-06T02:27:00,M02,12.568,1.971,26.977,20.901,45.594
2026-09-06T02:28:00,M02,12.727,1.976,26.971,20.991,44.941
2026-09-06T02:29:00,M02,12.513,1.945,27.007,20.800,44.224
2026-09-06T02:30:00,M02,12.527,1.956,27.147,20.574,46.210
2026-09-06T02:31:00,M02,12.566,1.953,26.908,21.007,44.032
2026-09-06T02:32:00,M02,12.580,2.043,27.011,21.103,43.913
2026-09-06T02:33:00,M02,12.519,1.942,27.215,20.581,46.755
2026-09-06T02:34:00,M02,12.455,1.915,26.806,20.805,44.849
2026-09-06T02:35:00,M02,12.688,1.999,26.810,20.714,45.263
2026-09-06T02:36:00,M02,12.579,1.984,27.183,20.564,44.445
2026-09-06T02:37:00,M02,12.432,1.964,26.823,20.803,45.002
2026-09-06T02:38:00,M02,12.702,2.035,26.712,20.921,45.896
2026-09-06T02:39:00,M02,12.719,2.050,26.885,20.809,44.060
2026-09-06T02:40:00,M02,12.740,1.976,27.059,20.671,45.760
2026-09-06T02:41:00,M02,12.551,1.967,27.009,20.781,44.387
2026-09-06T02:42:00,M02,12.705,2.028,27.010,20.756,44.508
2026-09-06T02:43:00,M02,12.618,2.030,27.037,20.513,45.548
2026-09-06T02:44:00,M02,12.672,1.977,26.977,20.777,45.731
2026-09-06T02:45:00,M02,12.524,2.008,27.044,20.719,46.422
2026-09-06T02:46:00,M02,12.605,2.048,27.186,20.687,44.726
2026-09-06T02:47:00,M02,12.570,1.971,26.950,21.197,45.997
2026-09-06T02:48:00,M02,12.619,2.012,26.905,20.420,44.001
2026-09-06T02:49:00,M02,12.574,2.016,27.009,21.098,43.730
2026-09-06T02:50:00,M02,12.502,2.006,27.138,20.993,48.213
2026-09-06T02:51:00,M02,12.596,2.051,27.030,20.639,44.656
2026-09-06T02:52:00,M02,12.604,1.976,26.898,20.841,43.322
2026-09-06T02:53:00,M02,12.655,2.013,27.167,20.966,45.641
2026-09-06T02:54:00,M02,12.661,2.001,26.808,20.934,46.262
2026-09-06T02:55:00,M02,12.572,2.005,26.926,20.881,43.903
2026-09-06T02:56:00,M02,12.528,1.939,27.053,20.786,45.411
2026-09-06T02:57:00,M02,12.569,2.024,26.978,20.635,47.454
2026-09-06T02:58:00,M02,12.543,1.907,27.045,20.956,44.291
2026-09-06T02:59:00,M02,12.445,2.042,26.862,20.755,43.989
2026-09-06T03:00:00,M02,12.633,1.996,27.098,21.041,41.965
2026-09-06T03:01:00,M02,12.583,1.974,26.820,21.102,43.870
2026-09-06T03:02:00,M02,12.548,1.989,26.835,20.728,45.685
2026-09-06T03:03:00,M02,12.601,2.014,27.054,20.906,46.149
2026-09-06T03:04:00,M02,12.480,2.005,27.145,20.410,44.257
2026-09-06T03:05:00,M02,12.678,1.904,27.138,21.177,45.487
2026-09-06T03:06:00,M02,12.634,1.987,26.849,20.876,45.222
2026-09-06T03:07:00,M02,12.676,2.041,26.906,21.016,46.306
2026-09-06T03:08:00,M02,12.573,2.041,26.849,20.639,43.045
2026-09-06T03:09:00,M02,12.601,1.994,26.856,20.864,46.275
2026-09-06T03:10:00,M02,12.602,2.017,27.034,20.881,46.970
2026-09-06T03:11:00,M02,12.593,1.947,27.056,20.737,43.510
2026-09-06T03:12:00,M02,12.756,1.982,26.778,20.875,46.887
2026-09-06T03:13:00,M02,12.668,1.931,27.131,20.876,44.001
2026-09-06T03:14:00,M02,12.596,1.946,27.220,20.809,46.359
2026-09-06T03:15:00,M02,12.688,2.034,27.059,20.755,44.257
2026-09-06T03:16:00,M02,12.754,2.050,27.089,20.739,46.309
2026-09-06T03:17:00,M02,12.381,2.043,27.202,20.757,44.401
2026-09-06T03:18:00,M02,12.494,1.905,27.117,20.849,45.548
2026-09-06T03:19:00,M02,12.534,2.007,26.987,21.051,44.569
2026-09-06T03:20:00,M02,12.565,2.022,26.994,20.752,46.785
2026-09-06T03:21:00,M02,12.733,2.060,27.162,20.585,45.196
2026-09-06T03:22:00,M02,12.662,2.029,27.105,21.146,48.479
2026-09-06T03:23:00,M02,12.724,2.037,26.929,20.682,44.209
2026-09-06T03:24:00,M02,12.583,2.018,27.214,20.928,45.340
2026-09-06T03:25:00,M02,12.558,2.009,26.808,20.799,44.724
2026-09-06T03:26:00,M02,12.543,1.992,27.269,20.656,45.559
2026-09-06T03:27:00,M02,12.614,2.075,27.022,20.753,43.558
2026-09-06T03:28:00,M02,12.632,1.971,26.985,20.750,44.179
2026-09-06T03:29:00,M02,12.581,1.984,27.007,20.694,43.357
2026-09-06T03:30:00,M02,12.648,1.950,27.037,21.357,44.652
2026-09-06T03:31:00,M02,12.567,2.049,26.953,20.794,44.988
2026-09-06T03:32:00,M02,12.595,1.976,26.921,20.595,47.268
2026-09-06T03:33:00,M02,12.623,2.006,26.644,20.871,45.873
2026-09-06T03:34:00,M02,12.576,1.999,26.999,20.345,45.447
2026-09-06T03:35:00,M02,12.490,1.972,27.001,21.124,47.039
2026-09-06T03:36:00,M02,12.513,1.947,26.879,20.437,46.096
2026-09-06T03:37:00,M02,12.691,1.960,27.185,21.131,42.484
2026-09-06T03:38:00,M02,12.575,1.937,27.064,20.981,44.824
2026-09-06T03:39:00,M02,12.731,2.023,27.000,20.895,45.766
2026-09-06T03:40:00,M02,12.612,2.093,27.060,20.692,44.577
2026-09-06T03:41:00,M02,12.615,1.972,27.313,20.543,43.823
2026-09-06T03:42:00,M02,12.747,1.992,27.009,20.563,44.892
2026-09-06T03:43:00,M02,12.478,2.037,26.965,20.986,44.343
2026-09-06T03:44:00,M02,12.702,1.993,27.170,20.928,43.902
2026-09-06T03:45:00,M02,12.631,2.022,27.136,20.780,45.557
2026-09-06T03:46:00,M02,12.516,1.986,26.996,20.627,43.619
2026-09-06T03:47:00,M02,12.688,2.038,26.685,20.633,44.910
2026-09-06T03:48:00,M02,12.555,2.025,27.227,21.050,45.500
2026-09-06T03:49:00,M02,12.552,1.968,27.264,20.684,44.822
2026-09-06T03:50:00,M02,12.522,2.060,27.090,20.530,44.625
2026-09-06T03:51:00,M02,12.601,1.998,26.975,20.447,46.193
2026-09-06T03:52:00,M02,12.757,1.979,26.914,20.755,44.948
2026-09-06T03:53:00,M02,12.565,2.046,27.235,21.090,41.185
2026-09-06T03:54:00,M02,12.433,2.042,26.936,20.574,44.176
2026-09-06T03:55:00,M02,12.487,2.030,26.854,21.165,43.449
2026-09-06T03:56:00,M02,12.421,2.081,27.197,20.563,44.281
2026-09-06T03:57:00,M02,12.694,2.040,26.962,20.897,44.225
2026-09-06T03:58:00,M02,12.534,2.054,26.907,21.097,45.491
2026-09-06T03:59:00,M02,12.468,1.986,27.028,20.663,44.088
2026-09-06T04:00:00,M02,12.562,1.969,27.168,20.913,45.546
2026-09-06T04:01:00,M02,12.591,1.979,27.084,20.774,44.805
2026-09-06T04:02:00,M02,12.656,2.147,27.052,20.678,44.909
2026-09-06T04:03:00,M02,12.708,2.058,26.966,20.931,45.316
2026-09-06T04:04:00,M02,12.454,1.953,26.792,20.788,42.593
2026-09-06T04:05:00,M02,12.685,1.942,26.820,20.487,46.685
2026-09-06T04:06:00,M02,12.709,1.967,27.233,20.576,45.702
2026-09-06T04:07:00,M02,12.506,2.109,27.225,20.834,45.883
2026-09-06T04:08:00,M02,12.703,2.059,27.052,21.196,44.403
2026-09-06T04:09:00,M02,12.659,1.994,27.110,20.495,45.252
2026-09-06T04:10:00,M02,12.652,2.088,27.100,20.726,43.396
2026-09-06T04:11:00,M02,12.562,2.091,26.796,20.784,43.628
2026-09-06T04:12:00,M02,12.666,1.992,26.926,20.615,45.221
2026-09-06T04:13:00,M02,12.526,2.035,27.032,21.003,47.716
2026-09-06T04:14:00,M02,12.484,2.029,27.308,20.779,45.954
2026-09-06T04:15:00,M02,12.592,1.957,26.721,20.707,45.247
2026-09-06T04:16:00,M02,12.455,1.974,27.041,20.851,45.450
2026-09-06T04:17:00,M02,12.599,1.997,26.762,20.869,46.014
2026-09-06T04:18:00,M02,12.543,1.996,27.170,20.706,45.815
2026-09-06T04:19:00,M02,12.495,1.952,27.000,20.613,44.192
2026-09-06T04:20:00,M02,12.547,1.910,26.977,20.675,45.542
2026-09-06T04:21:00,M02,12.472,1.934,27.221,20.605,44.982
2026-09-06T04:22:00,M02,12.599,1.961,26.770,20.747,45.092
2026-09-06T04:23:00,M02,12.453,2.014,27.034,20.920,44.524
2026-09-06T04:24:00,M02,12.622,2.035,26.949,20.834,44.196
2026-09-06T04:25:00,M02,12.695,1.960,27.183,20.822,45.270
2026-09-06T04:26:00,M02,12.601,1.993,27.267,20.811,44.306
2026-09-06T04:27:00,M02,12.766,1.995,27.130,21.089,47.290
2026-09-06T04:28:00,M02,12.583,2.083,27.081,20.970,47.117
2026-09-06T04:29:00,M02,12.527,1.977,26.830,20.686,45.454
2026-09-06T04:30:00,M02,12.612,2.038,27.226,21.094,44.699
2026-09-06T04:31:00,M02,12.469,2.053,27.041,20.682,45.583
2026-09-06T04:32:00,M02,12.757,2.019,27.024,20.758,45.054
2026-09-06T04:33:00,M02,12.588,2.002,26.954,20.746,45.665
2026-09-06T04:34:00,M02,12.520,1.944,26.960,20.844,43.817
2026-09-06T04:35:00,M02,12.675,2.061,26.916,20.784,44.433
2026-09-06T04:36:00,M02,12.505,2.014,27.133,20.846,43.567
2026-09-06T04:37:00,M02,12.661,1.966,26.960,20.653,48.208
2026-09-06T04:38:00,M02,12.553,2.038,27.035,20.808,45.570
2026-09-06T04:39:00,M02,12.629,1.991,27.091,20.741,45.483
2026-09-06T04:40:00,M02,12.792,2.014,27.030,21.132,46.055
2026-09-06T04:41:00,M02,12.633,1.980,26.810,20.695,43.934
2026-09-06T04:42:00,M02,12.583,1.992,27.125,20.708,44.850
2026-09-06T04:43:00,M02,12.778,1.965,26.777,20.777,44.851
2026-09-06T04:44:00,M02,12.520,1.920,26.780,20.768,44.752
2026-09-06T04:45:00,M02,12.498,2.007,27.166,20.706,44.894
2026-09-06T04:46:00,M02,12.483,1.994,27.003,20.778,42.929
2026-09-06T04:47:00,M02,12.705,2.010,27.056,20.835,44.749
2026-09-06T04:48:00,M02,12.521,2.010,26.942,20.964,42.981
2026-09-06T04:49:00,M02,12.498,1.974,27.001,20.783,46.277
2026-09-06T04:50:00,M02,12.709,2.003,27.000,20.995,46.585
2026-09-06T04:51:00,M02,12.567,1.972,26.845,20.639,43.604
2026-09-06T04:52:00,M02,12.547,2.033,26.824,20.706,45.667
2026-09-06T04:53:00,M02,12.650,2.020,27.037,21.018,45.643
2026-09-06T04:54:00,M02,12.462,1.955,26.948,20.744,44.958
2026-09-06T04:55:00,M02,12.714,2.000,27.102,20.891,46.055
2026-09-06T04:56:00,M02,12.513,2.042,26.845,20.682,42.853
2026-09-06T04:57:00,M02,12.682,2.055,27.006,21.163,45.630
2026-09-06T04:58:00,M02,12.611,1.996,26.999,20.592,44.609
2026-09-06T04:59:00,M02,12.626,2.088,26.916,20.908,45.238
2026-09-06T05:00:00,M02,12.893,1.928,26.826,20.703,42.651
2026-09-06T05:01:00,M02,12.664,1.964,26.841,21.005,45.528
2026-09-06T05:02:00,M02,12.527,1.986,26.932,20.810,44.327
2026-09-06T05:03:00,M02,12.476,2.073,27.022,20.853,43.322
2026-09-06T05:04:00,M02,12.549,1.963,26.929,20.896,44.586
2026-09-06T05:05:00,M02,12.545,2.003,27.086,20.998,45.416
2026-09-06T05:06:00,M02,12.530,2.003,27.002,20.811,44.026
2026-09-06T05:07:00,M02,12.491,1.979,27.210,20.585,44.450
2026-09-06T05:08:00,M02,12.543,1.965,26.922,20.612,43.957
2026-09-06T05:09:00,M02,12.495,1.934,27.031,20.667,43.890
2026-09-06T05:10:00,M02,12.585,2.037,26.811,20.826,45.111
2026-09-06T05:11:00,M02,12.672,2.026,26.761,20.684,44.422
2026-09-06T05:12:00,M02,12.726,1.920,27.048,20.720,47.941
2026-09-06T05:13:00,M02,12.556,1.990,27.035,20.901,45.914
2026-09-06T05:14:00,M02,12.565,2.111,26.916,20.744,45.200
2026-09-06T05:15:00,M02,12.545,2.101,26.848,20.708,45.246
2026-09-06T05:16:00,M02,12.529,2.004,26.923,20.740,44.312
2026-09-06T05:17:00,M02,12.648,1.996,26.954,20.807,46.983
2026-09-06T05:18:00,M02,12.747,1.959,26.966,21.140,43.788
2026-09-06T05:19:00,M02,12.832,2.010,26.985,21.235,44.279
2026-09-06T05:20:00,M02,12.687,2.048,27.079,20.812,44.411
2026-09-06T05:21:00,M02,12.620,2.009,27.178,20.936,45.987
2026-09-06T05:22:00,M02,12.542,2.138,26.823,20.656,44.258
2026-09-06T05:23:00,M02,12.622,1.997,26.916,21.138,44.506
2026-09-06T05:24:00,M02,12.609,1.984,27.014,20.821,44.076
2026-09-06T05:25:00,M02,12.742,2.018,26.835,20.750,45.167
2026-09-06T05:26:00,M02,12.756,2.039,27.018,21.004,42.604
2026-09-06T05:27:00,M02,12.615,2.009,26.901,20.637,45.206
2026-09-06T05:28:00,M02,12.529,2.030,27.033,21.008,47.129
2026-09-06T05:29:00,M02,12.740,2.032,26.892,20.594,45.452
2026-09-06T05:30:00,M02,12.634,1.998,26.919,20.598,44.719
2026-09-06T05:31:00,M02,12.549,2.098,26.787,20.938,45.260
2026-09-06T05:32:00,M02,12.538,1.972,26.869,20.744,43.333
2026-09-06T05:33:00,M02,12.761,2.054,27.196,20.716,45.653
2026-09-06T05:34:00,M02,12.693,2.061,27.073,20.821,45.986
2026-09-06T05:35:00,M02,12.642,1.998,27.089,20.823,44.258
2026-09-06T05:36:00,M02,12.834,1.971,26.967,20.901,46.114
2026-09-06T05:37:00,M02,12.681,2.059,27.010,20.680,44.467
2026-09-06T05:38:00,M02,12.776,1.996,26.871,20.644,44.261
2026-09-06T05:39:00,M02,12.573,2.042,26.729,20.884,45.032
2026-09-06T05:40:00,M02,12.476,1.947,26.948,20.616,46.271
2026-09-06T05:41:00,M02,12.655,2.005,27.117,20.581,44.848
2026-09-06T05:42:00,M02,12.529,1.988,26.966,20.779,44.137
2026-09-06T05:43:00,M02,12.458,1.950,26.977,20.994,45.057
2026-09-06T05:44:00,M02,12.611,1.955,26.894,20.825,45.481
2026-09-06T05:45:00,M02,12.447,1.969,26.783,20.714,43.267
2026-09-06T05:46:00,M02,12.610,2.051,27.259,20.810,43.652
2026-09-06T05:47:00,M02,12.613,2.005,26.999,20.659,45.538
2026-09-06T05:48:00,M02,12.708,2.027,27.140,20.773,44.390
2026-09-06T05:49:00,M02,12.536,2.031,26.876,20.455,47.465
2026-09-06T05:50:00,M02,12.773,1.984,26.785,20.948,44.697
2026-09-06T05:51:00,M02,12.760,1.932,27.184,21.115,42.192
2026-09-06T05:52:00,M02,12.638,1.994,27.039,20.599,43.066
2026-09-06T05:53:00,M02,12.659,2.037,27.046,20.670,43.369
2026-09-06T05:54:00,M02,12.489,2.065,26.931,20.724,47.313
2026-09-06T05:55:00,M02,12.694,2.095,26.894,20.860,45.394
2026-09-06T05:56:00,M02,12.522,2.071,26.893,20.447,45.000
2026-09-06T05:57:00,M02,12.706,1.912,26.830,20.961,47.262
2026-09-06T05:58:00,M02,12.651,2.002,27.223,20.789,43.519
2026-09-06T05:59:00,M02,12.656,1.926,26.830,20.773,45.054
2026-09-06T06:00:00,M02,12.600,1.968,26.913,20.983,42.894
2026-09-06T06:01:00,M02,12.569,2.002,27.162,20.782,46.321
2026-09-06T06:02:00,M02,12.594,2.045,26.834,20.814,45.499
2026-09-06T06:03:00,M02,12.689,2.038,27.055,20.826,44.174
2026-09-06T06:04:00,M02,12.599,1.971,26.748,21.010,46.211
2026-09-06T06:05:00,M02,12.810,1.958,26.785,20.796,44.738
2026-09-06T06:06:00,M02,12.416,2.015,26.908,20.925,47.022
2026-09-06T06:07:00,M02,12.573,1.930,27.068,20.890,45.277
2026-09-06T06:08:00,M02,12.559,2.065,27.172,20.913,43.664
2026-09-06T06:09:00,M02,12.658,1.944,26.724,20.788,44.654
2026-09-06T06:10:00,M02,12.702,2.047,26.957,20.838,43.931
2026-09-06T06:11:00,M02,12.771,1.955,26.792,20.891,46.323
2026-09-06T06:12:00,M02,12.593,1.954,26.787,20.645,46.860
2026-09-06T06:13:00,M02,12.723,2.060,26.921,20.875,43.551
2026-09-06T06:14:00,M02,12.421,2.001,27.117,20.660,43.600
2026-09-06T06:15:00,M02,12.749,1.951,27.204,20.709,43.165
2026-09-06T06:16:00,M02,12.573,2.026,27.113,20.524,42.507
2026-09-06T06:17:00,M02,12.526,1.951,27.193,20.670,45.593
2026-09-06T06:18:00,M02,12.717,1.951,27.048,20.776,45.667
2026-09-06T06:19:00,M02,12.574,1.998,26.965,20.959,44.946
2026-09-06T06:20:00,M02,12.770,1.991,26.903,21.012,45.793
2026-09-06T06:21:00,M02,12.289,1.985,26.846,20.875,44.006
2026-09-06T06:22:00,M02,12.529,1.952,26.876,20.799,43.153
2026-09-06T06:23:00,M02,12.660,1.957,27.089,20.804,44.855
2026-09-06T06:24:00,M02,12.533,2.002,26.808,20.691,44.882
2026-09-06T06:25:00,M02,12.544,2.010,27.073,20.776,45.557
2026-09-06T06:26:00,M02,12.545,1.981,27.015,20.768,45.104
2026-09-06T06:27:00,M02,12.633,2.001,26.830,20.540,44.312
2026-09-06T06:28:00,M02,12.723,1.947,27.370,20.898,45.146
2026-09-06T06:29:00,M02,12.610,1.966,26.970,20.759,45.493
2026-09-06T06:30:00,M02,12.628,1.915,26.960,20.683,44.391
2026-09-06T06:31:00,M02,12.515,2.054,26.937,20.849,46.371
2026-09-06T06:32:00,M02,12.654,2.018,27.115,20.646,44.335
2026-09-06T06:33:00,M02,12.559,1.995,27.090,20.827,43.864
2026-09-06T06:34:00,M02,12.592,2.036,26.713,20.632,45.029
2026-09-06T06:35:00,M02,12.563,2.018,27.037,20.897,44.247
2026-09-06T06:36:00,M02,12.787,1.953,27.197,20.810,44.510
2026-09-06T06:37:00,M02,12.661,1.986,27.194,20.498,46.036
2026-09-06T06:38:00,M02,12.605,1.997,26.986,20.721,45.658
2026-09-06T06:39:00,M02,12.642,1.931,26.776,20.667,46.394
2026-09-06T06:40:00,M02,12.544,1.949,26.900,21.254,46.801
2026-09-06T06:41:00,M02,12.790,2.029,27.117,20.717,46.421
2026-09-06T06:42:00,M02,12.676,2.068,26.882,20.672,46.239
2026-09-06T06:43:00,M02,12.576,1.955,27.089,20.848,46.536
2026-09-06T06:44:00,M02,12.639,1.972,26.994,20.612,45.827
2026-09-06T06:45:00,M02,12.455,1.907,27.052,21.166,45.578
2026-09-06T06:46:00,M02,12.597,1.981,27.110,20.550,45.854
2026-09-06T06:47:00,M02,12.364,1.969,26.999,20.835,46.256
2026-09-06T06:48:00,M02,12.571,1.926,26.988,20.758,43.737
2026-09-06T06:49:00,M02,12.529,1.997,27.071,20.934,42.033
2026-09-06T06:50:00,M02,12.711,1.929,27.013,20.701,46.872
2026-09-06T06:51:00,M02,12.561,1.996,27.058,20.767,45.653
2026-09-06T06:52:00,M02,12.707,1.977,27.070,21.063,45.366
2026-09-06T06:53:00,M02,12.530,2.054,27.048,20.946,46.416
2026-09-06T06:54:00,M02,12.756,1.965,27.062,20.457,45.014
2026-09-06T06:55:00,M02,12.669,2.038,26.938,20.719,43.750
2026-09-06T06:56:00,M02,12.672,2.003,27.037,20.776,44.445
2026-09-06T06:57:00,M02,12.615,1.976,26.983,20.761,45.420
2026-09-06T06:58:00,M02,12.660,1.971,27.072,20.741,45.734
2026-09-06T06:59:00,M02,12.640,2.010,27.131,20.865,45.951
2026-09-06T07:00:00,M02,12.656,2.084,26.956,20.837,46.904
2026-09-06T07:01:00,M02,12.537,1.980,26.918,21.120,46.513
2026-09-06T07:02:00,M02,12.707,2.023,27.008,20.847,43.786
2026-09-06T07:03:00,M02,12.569,2.108,27.060,20.925,43.581
2026-09-06T07:04:00,M02,12.684,2.009,27.083,20.717,45.379
2026-09-06T07:05:00,M02,12.662,2.016,27.140,20.671,47.793
2026-09-06T07:06:00,M02,12.521,1.942,26.991,20.542,44.249
2026-09-06T07:07:00,M02,12.722,2.121,26.807,20.846,43.488
2026-09-06T07:08:00,M02,12.638,1.921,27.334,20.858,45.775
2026-09-06T07:09:00,M02,12.614,2.020,27.054,20.866,45.080
2026-09-06T07:10:00,M02,12.564,1.925,27.324,21.034,44.524
2026-09-06T07:11:00,M02,12.538,2.058,27.166,20.644,46.133
2026-09-06T07:12:00,M02,12.469,1.981,26.884,20.690,45.142
2026-09-06T07:13:00,M02,12.614,1.988,27.007,20.872,45.128
2026-09-06T07:14:00,M02,12.574,1.971,27.077,20.669,46.189
2026-09-06T07:15:00,M02,12.572,2.008,27.055,20.571,46.341
2026-09-06T07:16:00,M02,12.559,2.054,27.011,20.616,48.182
2026-09-06T07:17:00,M02,12.541,2.058,26.949,20.991,46.785
2026-09-06T07:18:00,M02,12.542,1.951,27.019,20.990,45.699
2026-09-06T07:19:00,M02,12.517,2.030,27.153,20.958,45.879
2026-09-06T07:20:00,M02,12.537,1.977,27.193,20.734,45.349
2026-09-06T07:21:00,M02,12.677,1.951,27.066,20.818,45.344
2026-09-06T07:22:00,M02,12.754,1.956,26.861,20.719,44.172
2026-09-06T07:23:00,M02,12.611,2.013,27.218,20.885,45.276
2026-09-06T07:24:00,M02,12.657,2.038,26.825,20.810,45.303
2026-09-06T07:25:00,M02,12.470,1.973,27.124,20.796,45.671
2026-09-06T07:26:00,M02,12.611,2.070,26.908,20.835,44.285
2026-09-06T07:27:00,M02,12.561,1.930,27.192,20.660,44.342
2026-09-06T07:28:00,M02,12.488,2.003,26.731,20.746,43.731
2026-09-06T07:29:00,M02,12.499,1.916,27.090,20.423,43.602
2026-09-06T07:30:00,M02,12.558,1.954,27.131,20.746,45.086
2026-09-06T07:31:00,M02,12.667,2.060,27.009,20.738,47.664
2026-09-06T07:32:00,M02,12.473,2.045,27.106,20.773,46.323
2026-09-06T07:33:00,M02,12.517,2.007,27.042,20.752,43.645
2026-09-06T07:34:00,M02,12.719,2.043,26.881,21.095,44.428
2026-09-06T07:35:00,M02,12.756,2.024,26.954,20.753,45.976
2026-09-06T07:36:00,M02,12.691,1.985,27.013,20.779,44.546
2026-09-06T07:37:00,M02,12.543,2.019,26.982,20.637,45.178
2026-09-06T07:38:00,M02,12.623,1.995,27.083,20.815,46.055
2026-09-06T07:39:00,M02,12.378,2.029,27.080,20.696,45.856
2026-09-06T07:40:00,M02,12.662,1.954,27.034,20.835,44.277
2026-09-06T07:41:00,M02,12.514,1.974,27.001,20.597,44.621
2026-09-06T07:42:00,M02,12.532,2.027,26.730,20.742,46.367
2026-09-06T07:43:00,M02,12.589,2.039,26.690,20.700,43.933
2026-09-06T07:44:00,M02,12.608,1.965,27.081,20.850,44.832
2026-09-06T07:45:00,M02,12.586,2.011,26.935,20.897,47.398
2026-09-06T07:46:00,M02,12.413,1.987,26.893,20.571,45.724
2026-09-06T07:47:00,M02,12.746,2.049,26.991,20.701,44.823
2026-09-06T07:48:00,M02,12.659,1.965,27.244,20.732,45.633
2026-09-06T07:49:00,M02,12.465,2.026,27.246,20.763,44.497
2026-09-06T07:50:00,M02,12.614,2.063,26.917,20.871,43.161
2026-09-06T07:51:00,M02,12.531,1.959,26.800,21.075,44.104
2026-09-06T07:52:00,M02,12.804,2.051,26.971,20.343,44.663
2026-09-06T07:53:00,M02,12.561,2.035,27.048,21.119,44.448
2026-09-06T07:54:00,M02,12.499,2.014,26.914,20.756,45.096
2026-09-06T07:55:00,M02,12.647,2.018,27.074,20.863,44.084
2026-09-06T07:56:00,M02,12.488,2.014,27.158,21.026,46.414
2026-09-06T07:57:00,M02,12.568,1.975,26.927,20.746,46.505
2026-09-06T07:58:00,M02,12.668,2.041,27.051,20.613,45.681
2026-09-06T07:59:00,M02,12.658,1.995,26.956,20.744,45.256
